{"loss": [0.1642624431798537, 0.1521360889457158, 0.14163451397567325, 0.13433953501517767, 0.12808888482447106, 0.12320198630320194, 0.11916317989910986, 0.1158441042646932, 0.11364019258279134, 0.11164488086571069, 0.11061024818460263, 0.11006955611100114, 0.10925024075132413, 0.10903092409368877, 0.10789606944645287, 0.10813959155199397, 0.10808741415155516, 0.10781385627312585, 0.10773702350974682, 0.10709816476044313, 0.10749202605978703, 0.10697259824433954, 0.10725530771063704, 0.10737195127936967, 0.10688959950992578, 0.10682184834672055, 0.10683318879829799, 0.10636823811898763, 0.10658535452345791, 0.10604001953539724, 0.1066295303398316, 0.1063620471964238, 0.10632154247628284, 0.10593597948239009, 0.10649737372905355, 0.1066086918377928, 0.10607222062201656, 0.10591049786507409, 0.10580560058207776, 0.10603996712921357, 0.10653815225279538, 0.10606142140270133, 0.10585940926135443, 0.10584191606771949, 0.1056693497829849, 0.10564545958382078, 0.10585412785310339, 0.1058712802737842, 0.10565816173980219, 0.10545667689501956, 0.10572158737978381, 0.10583452439126806, 0.10536077845886174, 0.10540968338240027, 0.10582527465039078, 0.1053443097676026, 0.10508116491561545, 0.10498655246224076, 0.10514398231145775, 0.10527809761617649, 0.10545308367520853, 0.10525833224499945, 0.10544922743314002, 0.10519018657118807, 0.10552532520408343, 0.10503808778787316, 0.10528768959768939, 0.10506537656157416, 0.10542891140358325, 0.10482879865835244, 0.10529480536034738, 0.10482363595611029, 0.10476192347165991, 0.10495568720664691, 0.10480802886123188, 0.10487687004683663, 0.10501954841012676, 0.10505476321502454, 0.10509814180410958, 0.10504170700445471, 0.10476087606468132, 0.10477134405115816, 0.10492615595420328, 0.10420428209898924, 0.10477878393982376, 0.10465151017740591, 0.10463614234384287, 0.10428804555322316, 0.10467199906741806, 0.10456325442263643, 0.10467232649560762, 0.10501064936880126, 0.10470337927780328, 0.10470379548578371, 0.10463814318715689, 0.104376093495926, 0.1045307662302499, 0.1046915972081544, 0.10472724963200995, 0.10474526023486101], "decorrelation_layer_1_loss": [0.029385236805779855, 0.025131751554247198, 0.021242185810175316, 0.01834484526655864, 0.015718559953672346, 0.013414492397502229, 0.01146012004475611, 0.009836764365861547, 0.008561099967031287, 0.007555593889815516, 0.006881171416728475, 0.006394037742745841, 0.0059214261381708485, 0.00580049556849365, 0.005439569572158023, 0.005399113550375052, 0.005380342887524902, 0.005262215457060964, 0.005176431538811082, 0.0049956461985144465, 0.005164536795829292, 0.004977318231627001, 0.005080096438049165, 0.005193161913823048, 0.004998862709126525, 0.005004735343764519, 0.005021768700487829, 0.004901950961142284, 0.0049149551358655215, 0.004807391016091991, 0.004942323346520537, 0.004926569073224393, 0.004908520041320115, 0.004812354687930275, 0.005035732701971855, 0.005000064037078894, 0.004834946839473537, 0.004822457065267928, 0.004752457201661504, 0.004913055715018826, 0.004954456364143394, 0.004920985509948525, 0.004803686254779783, 0.004877699944343098, 0.004775199601709185, 0.0047696124813706355, 0.004831321334616086, 0.0048261025995310555, 0.004761196052137395, 0.004741808420422652, 0.004834818428721189, 0.00482240489697681, 0.004723399355229768, 0.0046945375328805395, 0.0048495391687075964, 0.004705908115708591, 0.004645203028608214, 0.004589411795329998, 0.004670502373704965, 0.004726169633828386, 0.004743123385564479, 0.004739221208744341, 0.0047671398687807905, 0.004706031900704178, 0.004810044628864556, 0.00466954477108423, 0.00474882087016395, 0.004694419839049148, 0.004779478517438242, 0.004599126804821561, 0.004707831170448304, 0.004589379845551696, 0.0045971835906202605, 0.004683354140184336, 0.0046126548500500415, 0.004616205101029977, 0.004619475792747633, 0.004666778601665429, 0.004705177705227944, 0.004655279847701323, 0.004583451718377132, 0.004553406673772968, 0.004673482177734504, 0.004445524906829293, 0.004602968543464803, 0.0045463694594854095, 0.004533709501684633, 0.0045011410207610215, 0.00456900801531584, 0.004542753810293452, 0.004586109069325914, 0.004665237541528418, 0.004589949630867338, 0.0046228290480035275, 0.004595606117561718, 0.004502584940917172, 0.004538204168274699, 0.004647426540699021, 0.004615322463323581, 0.004594360687691577], "classifier_loss": [0.0761067326885768, 0.07674083431044378, 0.07790795638311132, 0.07930499912796167, 0.08093320482184119, 0.08295850924249225, 0.08478281977762439, 0.08633381103657398, 0.08795689278787111, 0.08897809925119264, 0.08996673397635248, 0.09088744287545293, 0.09148596239845236, 0.09162943744009358, 0.0915773606614385, 0.09194225098682912, 0.09194638551335363, 0.09202720984884473, 0.0922077289523334, 0.0921112262036298, 0.091998415713478, 0.09204064359965347, 0.09201501836397144, 0.09179246550925596, 0.0918930113703458, 0.09180764234645455, 0.09176788268800459, 0.09166238531983717, 0.09184048905368351, 0.09161784652709003, 0.09180256029040952, 0.09158233998572927, 0.0915959823266383, 0.09149891535255429, 0.09139017555110572, 0.09160849970873852, 0.09156738003210932, 0.09144312672584633, 0.09154822905068237, 0.09130080003851827, 0.0916747832126827, 0.09129846495642512, 0.09144835048667362, 0.09120881635619833, 0.0913437509706383, 0.09133662204534501, 0.09136016385842316, 0.09139297257339025, 0.0913745736637392, 0.09123125164109336, 0.09121713213021374, 0.0913673095586839, 0.09119058047691497, 0.0913260707685729, 0.0912766571591948, 0.09122658537554053, 0.0911455557675912, 0.09121831707736257, 0.09113247521939485, 0.09109958879828738, 0.09122371353208766, 0.09104066865107524, 0.09114780779482241, 0.09107209087685593, 0.09109519136938828, 0.09102945344471534, 0.0910412270291854, 0.09098211705688768, 0.0910904758394381, 0.09103141831291564, 0.09117131190945442, 0.09105549638963878, 0.09097037255826002, 0.09090562483192821, 0.09097006434514354, 0.09102825478219768, 0.09116112088976586, 0.09105442745907845, 0.09098260862653743, 0.09107586754511851, 0.09101052093730208, 0.0911111240379061, 0.09090570940877227, 0.09086770737429689, 0.0909698782778759, 0.09101240179836165, 0.09103501388206674, 0.09078462246410372, 0.09096497505798541, 0.09093499298569041, 0.09091399932427861, 0.09101493670666476, 0.09093353042663084, 0.09083530833995589, 0.09085132489363645, 0.0908683387972608, 0.09091615367092173, 0.09074931756980252, 0.09088128226131284, 0.09096217809714192]}