{"loss": [0.0035959850139030865, 0.000498849604905243, 4.596872663986795e-05, 0.000174885080377907, 0.00012438238386504465, 4.209500753048794e-05, -3.472612839291023e-05, 6.620114787898239e-06, -4.6644390772062545e-05, -4.800826536323915e-05, -2.4049559792794492e-05, 0.00010930605109498863, -9.995854414045688e-05, -0.0001922851579050089, -7.299915513627906e-06, -9.381133650919019e-06, -8.651237649978395e-05, -2.9790386011056867e-05, -5.437044717554276e-05, 4.764881349477454e-06, -8.004262769740152e-05, -8.667047886551226e-05, -6.187419528129942e-05, -4.1617121368764456e-05, -6.229319756890763e-05, -1.598110616371494e-05, -7.604052365337444e-05, -5.497249573505781e-05, -3.8103126374920366e-05, -6.204593207598767e-05, -5.792077008336125e-05, -6.289054260964362e-05, 1.7348701209019954e-05, -3.358166766785111e-05, -7.527337447506635e-05, -6.70585375290174e-05, -3.427519060442048e-05, -5.756180360527238e-05, 9.002519734954718e-05, -0.00015921667179305676, -4.867932853128481e-05, -2.9774736664340097e-05, -1.6505999982680109e-06, -6.558787091367572e-05, -3.2279541061571435e-05, -4.514016325295656e-05, -2.4497163772845764e-06, -9.191014743409746e-05, -5.6624883586794984e-05, 3.268629987219064e-05, -1.0374600455296576e-05, -2.730274212469019e-05, -3.170338126096029e-05, -2.0614967343768357e-05, -4.829709855553693e-05, -1.7025990575407447e-05, 6.150183564401383e-05, -1.751566901179151e-05, 3.463722046695628e-05, -8.691913994308933e-05, 4.1732725881601544e-05, 0.00016818415707180848, 8.232965431576261e-05, -0.0005498140143801828, 0.0014318619272850888, 0.0008107172902299107, 0.00037353203402672294, 3.0781368085305864e-06, 1.61966456988307e-05, 0.00011574066897776432, -5.1397952706728506e-05, 0.0003314524455880608, 0.0005160125571204191, 7.89076908541354e-05, -1.0383003601833182e-05, 0.0009542255284618624, -0.0009649478621692058, -0.00041118600803480943, -0.0005617184312871811, -0.00048617155957642646, -0.0004398916958111717, -0.0021547262721728563, -0.0008188604029664323, -0.00046717257394210756, 0.0005930942637973556, -0.0010178652020789004, -0.00032054568963041797, -0.0006569340116577294, -0.0012420189759352032, -0.0005623060301308477, -0.000811000882785038, -0.00044058801610009007, -0.0013023945490392486, -5.444128832721833e-05, -0.0005389778920512029, -0.0008341920827140634, -0.0004265071621078772, -0.00044711427869793867, -0.0008702456776828746, -0.0010396105769631874], "adversary_loss": [0.0035112572504209703, 0.00041864711912347613, -3.1430671877377555e-05, 9.72862024282855e-05, 4.706548731368056e-05, -3.50470278171115e-05, -0.0001116269261998613, -7.03528917002905e-05, -0.00012352956414162536, -0.00012478892727142742, -0.00010100759517437222, 3.207272361891666e-05, -0.00017730567799630886, -0.00026882168822355815, -8.421249864259148e-05, -8.628673956620105e-05, -0.00016339330704283448, -0.00010659567398923177, -0.0001309483779614107, -7.186542236798215e-05, -0.00015669551327258355, -0.0001631020151740969, -0.0001383683034678482, -0.00011819174433335786, -0.0001389470969775015, -9.294042798676132e-05, -0.00015254987833850466, -0.00013152011248043928, -0.00011464473018986491, -0.0001384843672461039, -0.00013422852439489946, -0.0001392637349523983, -5.911205158485891e-05, -0.00011009528230024343, -0.0001516103268928789, -0.00014336581284674158, -0.00011064542007398708, -0.00013389754109263756, 1.3212942078401351e-05, -0.00023519124236783548, -0.00012489579569032646, -0.00010614772311040936, -7.797088817064131e-05, -0.00014187850321699185, -0.00010878389045641611, -0.00012147192987789902, -7.884731333349694e-05, -0.00016811535992942785, -0.00013270907201910783, -4.373083877579055e-05, -8.67233505221478e-05, -0.00010356522640332846, -0.0001079642566777241, -9.690440976193695e-05, -0.00012461194446831134, -9.347539591931653e-05, -1.4921298564968565e-05, -9.381199973556212e-05, -4.1883710095813224e-05, -0.00016321302164405195, -3.5062661757186955e-05, 9.113389658335802e-05, 4.5835284566519165e-06, -0.00062884911056369, 0.0013320598373744038, 0.0007235212955369804, 0.00029085455562326507, -7.735873083243556e-05, -6.417138953763199e-05, 3.538714758047646e-05, -0.00013400913467324482, 0.0002445046898130797, 0.00042621809779232124, -9.842762294974202e-06, -9.956730344701524e-05, 0.0008624324350281189, -0.0010552475464279522, -0.0005035562350149238, -0.0006544870431273141, -0.000580639647360933, -0.0005362697251182193, -0.002244404645753092, -0.0009136018895747315, -0.0005630687950348952, 0.000495376329166781, -0.0011120153192186349, -0.00041750231736222427, -0.000752595920762018, -0.001335300907417806, -0.000657443974791298, -0.0009059344196844205, -0.000535966278169356, -0.0013956612973898355, -0.00015086282899188721, -0.0006346970782523879, -0.0009276163098285166, -0.0005226073766164552, -0.000542265842182793, -0.0009642931644991474, -0.0011333507422885748], "classifier_loss": [0.08472777425002126, 0.08020248307900896, 0.07739939693763061, 0.07759888023723581, 0.077316891274884, 0.07714203179064466, 0.07690079256199256, 0.0769730043502581, 0.07688516799259669, 0.07678065804494354, 0.07695803262106157, 0.07723332824606959, 0.07734712916324533, 0.07653652695428831, 0.07691258046494852, 0.0769056007329194, 0.07688092548822636, 0.07680528322040747, 0.07657792687211219, 0.07663030062080614, 0.07665288398734696, 0.07643153326334365, 0.0764941024967695, 0.07657462097152268, 0.07665389242207842, 0.07695931739527011, 0.07650935196522518, 0.07654761144510829, 0.07654159908982218, 0.07643843124248469, 0.07630775244329895, 0.07637319015271514, 0.07646074837885969, 0.07651361126433698, 0.07633694946266115, 0.07630727284558701, 0.07637022445975565, 0.07633573383291142, 0.07681225428286875, 0.07597456660796327, 0.07621646378556379, 0.0763729827764611, 0.07632028551152938, 0.0762906295935592, 0.07650434441331072, 0.07633176201828258, 0.07639759306894478, 0.07620520887611942, 0.07608418555767442, 0.07641713353844355, 0.07634874557410087, 0.07626248060465367, 0.0762608719873402, 0.07628943849659992, 0.07631484354614634, 0.07644940071240697, 0.07642313056288699, 0.07629632733069668, 0.07652092419656616, 0.07629387731972077, 0.07679538338253071, 0.0770502596195263, 0.07774612751872483, 0.07903508775617846, 0.09980208325110355, 0.08719599100849114, 0.08267747429646223, 0.08043686223055709, 0.08036803089535427, 0.0803535168025811, 0.08261117730090353, 0.0869477569050014, 0.0897944617740138, 0.08875045175913457, 0.08918429492080711, 0.09179308937841381, 0.09029967434711059, 0.09237021635128968, 0.09276860868777045, 0.09446808495598534, 0.0963780217890738, 0.08967837048875693, 0.09474148493565526, 0.09589622967581299, 0.09771793553549879, 0.09415011412762536, 0.09695663051263186, 0.09566190698282802, 0.09328193249039221, 0.09513794586781046, 0.09493352598596459, 0.09537825558982177, 0.09326673515854006, 0.09642153381483193, 0.09571918856174508, 0.09342422228909068, 0.0961002074856608, 0.09515156228328844, 0.09404747908498765, 0.09374016833193537]}