{"loss": [-0.062132641074709324, -0.07463759462139133, -0.07420006952174767, -0.07382783243840661, -0.0740052943245837, -0.0735597997458425, -0.0730167978388329, -0.07322981447124119, -0.07299153500162806, -0.0727204128155431, -0.07305329896550673, -0.07273722390045254, -0.0729166411125916, -0.07272887839958547, -0.07285929405963411, -0.07234008947857051, -0.07262260063769865, -0.07242276081253464, -0.07272694365351633, -0.07227436282945077, -0.07268206630554928, -0.07251956069139949, -0.07238618640514934, -0.07237733566287112, -0.07214250336019544, -0.07227970293409101, -0.07218023991643027, -0.07242227639731645, -0.0724602830211728, -0.07229309084770955, -0.07190886883202602, -0.0720749676102195, -0.07216092631101727, -0.07175868758745657, -0.07229808908414381, -0.07249552952136945, -0.07221504296326023, -0.07214981428197183, -0.07235136149284863, -0.0722018946340065, -0.07217330912127472, -0.07237577605612204, -0.07232645685719291, -0.07228899059942573, -0.07220452622291165, -0.07206265538968162, -0.07203481625883605, -0.07195394610403899, -0.07215106443146088, -0.07216482352614223, -0.07217746678444711, -0.07201297679622139, -0.07191791561369106, -0.0721052528183822, -0.07184742081911435, -0.07217676445187217, -0.072250767610467, -0.07190894193696047, -0.0719384739361331, -0.07209160183747389, -0.07225096570371638, -0.07212687602081898, -0.07215781055961701, -0.07211655258574691, -0.07202729645362387, -0.07193397495061543, -0.07223926377463905, -0.07183045813282908, -0.07212558197454293, -0.0719572204985667, -0.07208037044242344, -0.07200755878185197, -0.07217560973457289, -0.07198636238258621, -0.07213215868575219, -0.07205739240568468, -0.07201113219384661, -0.07164234777002523, -0.07218156155590354, -0.07209399258283508, -0.071978178214466, -0.0718669897824511, -0.0721956701156375, -0.07199332424100024, -0.07172814004441198, -0.07198008335207791, -0.07187346212590981, -0.07198463604436099, -0.07179186596883928, -0.07195018257159178, -0.0717760614293838, -0.07193987938801961, -0.07206896289355902, -0.07181094323351225, -0.07204033856733, -0.07211241155737859, -0.07202299498368578, -0.07196923033600687, -0.0720074326747754, -0.0720028627896278], "classifier_loss": [0.07603518528833353, 0.07610618599804331, 0.07611606890614445, 0.07607560001186472, 0.07604785011111835, 0.07601103116679621, 0.07592170044771335, 0.07588522820343743, 0.07603673071380151, 0.07594782824616707, 0.07594482883941692, 0.07597688161577432, 0.07599828612370192, 0.07588706363539537, 0.07620338555211806, 0.07593602786881526, 0.07580800594551491, 0.07617882722309179, 0.07618406499104746, 0.07586824316085067, 0.07603013600802114, 0.07576773560719013, 0.07608156815613555, 0.07595043334097817, 0.0759314190852583, 0.07585612183210241, 0.0759961942671198, 0.0760366749308504, 0.07571582468746335, 0.07597746120320431, 0.07583952695720007, 0.07589082359832353, 0.07583099103375086, 0.07594072278837291, 0.07584013407258626, 0.07578041378273233, 0.07591154136916067, 0.07580195601633112, 0.07580644690378903, 0.07595360136991738, 0.07589827702788941, 0.07588967524529305, 0.07579210726075832, 0.07582375690924407, 0.07585122620577078, 0.0756944941369518, 0.07576847725452589, 0.075858158425532, 0.07582062454598307, 0.07595674992190289, 0.07581300110777743, 0.07576339760343966, 0.075901193517576, 0.07560703702820738, 0.07573830646028754, 0.07560869081193386, 0.07565813456093491, 0.07586518356402107, 0.07595156433638892, 0.07587148030589501, 0.07587283472879301, 0.07582948830618493, 0.07568770311344826, 0.07572850513016001, 0.07576378605514704, 0.07587690488567386, 0.07586137093489276, 0.07581829244438314, 0.07567562486853685, 0.07583437066848399, 0.07584188103086723, 0.07582162727292129, 0.07576747855753874, 0.07568180009643531, 0.07561254447390892, 0.07571556157971586, 0.07581762143173591, 0.07555886303915962, 0.07560197518387753, 0.07582123812318284, 0.07576076455102687, 0.0757406236298687, 0.07564322017494182, 0.07580660392647626, 0.07570556337745077, 0.07554876338829346, 0.07585495510287674, 0.07576092322140769, 0.07566311282221826, 0.07573169157272695, 0.07567641056641694, 0.07584475269005365, 0.07578857026381836, 0.07589159250688526, 0.07569932827536789, 0.07566587819098404, 0.07589898840672715, 0.075674476550836, 0.07582363399167136, 0.0756787719476848], "val_adversary_loss": [-0.07613750252984186, -0.07599552940440131, -0.07459182820528007, -0.07548615033162474, -0.07515963362695031, -0.0742112744764065, -0.0747380388452041, -0.07421417946047285, -0.0743262085555637, -0.0749125567336653, -0.07448592603324498, -0.07529256179957751, -0.0744521774613602, -0.07351521259349578, -0.07396623923751766, -0.0738195976460098, -0.07389208209341068, -0.07482186998376833, -0.07409251542549745, -0.07445404670063716, -0.07431438531033069, -0.07341446344012448, -0.07432312256631984, -0.07398781915835158, -0.0734531569459803, -0.0737561193588547, -0.0740056389612486, -0.07389742554044865, -0.07414305809840889, -0.07427395743948101, -0.07295841025657783, -0.07394893066106348, -0.07274237280130713, -0.07419329385238412, -0.07386263600934494, -0.07381949939701896, -0.07397702960142029, -0.07363295087389138, -0.0740822607440913, -0.07413965296836926, -0.074495196562434, -0.07438797942232529, -0.0739108564643196, -0.07265043069744737, -0.0737527101933369, -0.07322997909285416, -0.07324252192542692, -0.07355359540654394, -0.0740390757101547, -0.07369390172587588, -0.07376453442469467, -0.0731089686784913, -0.07348001198506293, -0.07328007821042992, -0.07397526587209133, -0.07393648668251085, -0.07392337470463302, -0.07312158030179254, -0.07373585776142058, -0.07389810508728216, -0.07407339489937641, -0.07329303229301522, -0.07338165455148862, -0.07329230041414335, -0.07287499454667405, -0.0733358169095868, -0.07303552720613304, -0.07364433759877222, -0.073316763694529, -0.07355301073802863, -0.07296722369446634, -0.07371851869834864, -0.07332055145965627, -0.07301582580165482, -0.07472982076648792, -0.07368619830954935, -0.07304188043473585, -0.07288062269118392, -0.07323100684915643, -0.07356886157482526, -0.0732496243562676, -0.07393992183393026, -0.07300916153414452, -0.07266647545859621, -0.07315079541497534, -0.07357555552652376, -0.07330589301772797, -0.0729024259198444, -0.07309747270936032, -0.07343716695791107, -0.07316325274388524, -0.07366795014100062, -0.0726400382502516, -0.0732617798721939, -0.07307197237189672, -0.07282070612021185, -0.07352567384359518, -0.0734814067191564, -0.07347210078330733, -0.07393972088162235],