{"loss": [-0.04715748894764713, -0.04890418483099561, -0.048889929008437166, -0.048198205504554, -0.04895969698491311, -0.04894244405698237, -0.04894731789401508, -0.04895383736134193, -0.04896064947958539, -0.048970374069822534], "classifier_loss": [0.142930286618335, 0.1175331648201224, 0.12162128386477619, 0.12625764821016264, 0.11613279527687646, 0.11595428858300127, 0.11505082576767546, 0.11408510858848257, 0.11380113330076942, 0.11301030206131506], "val_adversary_loss": [-0.049393833129542465, -0.04917272629633484, -0.04884571642408957, -0.049219729961534266, -0.04932102279443089, -0.04923989180857549, -0.04932842384011453, -0.04945759190595212, -0.04940555762012477, -0.04935951175455958], "val_classifier_loss": [0.11549908541663939, 0.1178299664927932, 0.13431441058105725, 0.11363683932915467, 0.11559354337628927, 0.11003161016401429, 0.11175454961784131, 0.11123019931309257, 0.11133714593900193, 0.11102457724999602], "adversary_loss": [-0.047157631869640726, -0.04890430235626527, -0.04889005064632168, -0.04819833175241791, -0.04895981309472044, -0.04894256001268775, -0.048947432910767655, -0.04895395148488955, -0.04896076329067817, -0.048970487061037606], "val_loss": [-0.04939371768327985, -0.04917260842574791, -0.048845582131529244, -0.0492196163119215, -0.04932090719242495, -0.049239781732167025, -0.049328312032147145, -0.049457480675850984, -0.049405446325187674, -0.04935940072989845]}