{"loss": [0.10736379897376137, 0.09354196872398346, 0.09301450116064533, 0.09281213523858756, 0.09299810761824079, 0.09263460526917497, 0.0929314988289431, 0.09223320829705325, 0.09231375988946652, 0.09210815758910135, 0.0917812094321598, 0.0913685787507579, 0.09130749704921454, 0.0915123174443285, 0.09094009370654826, 0.0909498421663704, 0.09100901334457707, 0.09092958716798659, 0.0907870887138775, 0.09034117033624789, 0.0903460149808818, 0.09009139384888443, 0.09025142835237615, 0.08982166145017115, 0.08992437270798088, 0.08986633003282456, 0.08960162581382954, 0.08936388267999922, 0.08944394192409379, 0.08916237333037591, 0.08905178326263748, 0.08893652587753488, 0.08904294613180833, 0.08899473995379857, 0.08856347872721324, 0.08887937521928276, 0.08874134547853631, 0.08865170748705871, 0.08831459575577646, 0.08846577042396052, 0.08844988287411334, 0.08837067763632293, 0.0881620830305286, 0.08812253467406281, 0.0880098832736972, 0.08790690679509094, 0.08811190604420893, 0.08785474010994151, 0.08752824547531804, 0.08788645332717428], "decorrelation_layer_1_loss": [0.0001422009719893931, 1.956736592765251e-05, 1.5242371597850813e-05, 1.7225575081473322e-05, 2.0814713600881634e-05, 1.6865180929751333e-05, 1.904482070872713e-05, 1.4686324125875246e-05, 1.4044036809453702e-05, 1.5140355598049603e-05, 1.3990318021886154e-05, 1.2327758120667696e-05, 1.4520892519723336e-05, 1.200461332621765e-05, 1.1352237967355145e-05, 1.2033333567601868e-05, 1.323255079227267e-05, 1.1783224428729213e-05, 1.1069067924977438e-05, 1.168713848461254e-05, 1.2319820033429561e-05, 1.0297782818379768e-05, 1.1477461169590738e-05, 1.0415909452506707e-05, 1.097978699255971e-05, 1.0940640643804557e-05, 9.294470123986138e-06, 9.600669581880526e-06, 1.0169730622252183e-05, 9.804837744219576e-06, 9.595803989014743e-06, 9.54369161032438e-06, 9.628986589204789e-06, 1.0294087670329843e-05, 9.10723188910036e-06, 9.767087883051674e-06, 9.629227902346535e-06, 9.614980513921426e-06, 9.2779674171415e-06, 1.0126519880431596e-05, 1.0991996896973398e-05, 8.578697513975664e-06, 8.26996256551692e-06, 9.644172977083994e-06, 9.463125587041567e-06, 8.912789086247768e-06, 8.929923571574225e-06, 9.490014560375767e-06, 8.878163725041266e-06, 8.5434252366933e-06], "classifier_loss": [0.0931437018198003, 0.09158523218832905, 0.09149026407333824, 0.09108957778770761, 0.09091663618000227, 0.09094808715514238, 0.09102701673430794, 0.09076457580116157, 0.09090935632701767, 0.0905941219580862, 0.09038217769615445, 0.09013580290270803, 0.08985540794803366, 0.09031185611005334, 0.08980486986857564, 0.08974650888804318, 0.08968575833389529, 0.08975126473242004, 0.08968018191398551, 0.08917245640389587, 0.0891140329146116, 0.08906161551022314, 0.08910368225953098, 0.08878007048044338, 0.08882639406042091, 0.0887722659280322, 0.08867217891779838, 0.08840381563683873, 0.08842696894076899, 0.0881818895813066, 0.08809220295600446, 0.08798215663905323, 0.08808004757637791, 0.08796533119538806, 0.08765275564706826, 0.08790266641413005, 0.08777842262346675, 0.0876902094107357, 0.08738679905671068, 0.08745311847683376, 0.08735068327352354, 0.08751280787879338, 0.08733508684452519, 0.08715811739309366, 0.08706357087131546, 0.08701562774472092, 0.08721891368393375, 0.08690573878061619, 0.08664042896669016, 0.08703211082646838]}