{"loss": [-0.04135879699986866, -0.04614893206215197, -0.046233986809299805, -0.0462363383714944, -0.046202197070528646, -0.04808920409854488, -0.048881348009062804, -0.048874923300396396, -0.048884703568649525, -0.04901285316770494, -0.04897390175067191, -0.04883170132805253, -0.04909918475748821, -0.04892831004302972, -0.049047713941541, -0.049087113221507925, -0.04907621210638659, -0.04907436569929001, -0.049064548093877815, -0.04906230388637074, -0.049055986654070495, -0.04909099018879495, -0.049076181748311826, -0.049080775178053045, -0.049073551076023736, -0.04907005954851868, -0.04908610137269086, -0.049089482967687934, -0.04908644151528576, -0.049088586702558966, -0.049092735927355184, -0.049085004041293075, -0.04908589439808995, -0.049089340235068155, -0.049089811018413074, -0.04909567863168527, -0.049138590224031276, -0.049082631783026964, -0.04898888738536692, -0.04915063136316298, -0.04910771294427487, -0.04910018731492027, -0.049102006354447385, -0.04908144189793063, -0.04909547923219351, -0.04908943573261846, -0.0491098716955064, -0.04909425247927442, -0.04910906672513257, -0.04908470506263981, -0.049092827985640033, -0.049112706956270104, -0.04908809913651581, -0.049080945192210665, -0.04911870585826151, -0.049091130921728884, -0.049100207784972955, -0.04909374272084434, -0.0490970423765058, -0.04910309875893089, -0.04909823121728658, -0.04909207914723917, -0.049104398116061355, -0.04910744133195336, -0.04910250684054271, -0.049100438358513514, -0.04910433486885515, -0.04910155766533306, -0.0490982017613589, -0.04909734738099323, -0.04910700157848813, -0.04910292396731955, -0.04911084222114648, -0.04911589895141, -0.04909975282794603, -0.04909387747870784, -0.049092307157897024, -0.049106441632207974, -0.04910233099256813, -0.04910193903262791, -0.04910840641511627, -0.049108841900572554, -0.04911146611730729, -0.04911107581388061, -0.04910518637638291, -0.049105666643728986, -0.04910235621738952, -0.04910749394981738, -0.049100554216027374, -0.04910336552185589, -0.0491024570716616, -0.049110309752717476, -0.04910837901814805, -0.04910916820988465, -0.04911112981073391, -0.04911103856631688, -0.04910882520741718, -0.049130324032850586, -0.04907138101824873, -0.04907398098750093], "classifier_loss": [0.3260458295043915, 0.24447607500140633, 0.11276548370180856, 0.11108508946263448, 0.12176477051613611, 0.2526551809377232, 0.2989394854808341, 0.19875487856863341, 0.21566377763282105, 0.2681842333818342, 0.19645369614160926, 0.2571302697541183, 0.21879542479545613, 0.2132499690085879, 0.1506977811647908, 0.14204731385771888, 0.13049724476930025, 0.1320419964003281, 0.13114665841311632, 0.13557275306432567, 0.138016452818195, 0.12845127644620197, 0.12422010906060844, 0.1252430861138011, 0.13160211698426688, 0.12853010518539176, 0.13254547866358424, 0.12389402495807997, 0.1239229490863718, 0.11910931242120963, 0.11654200407562615, 0.1143798473368543, 0.11260074737016125, 0.11222386709283726, 0.11149625669558524, 0.115178221798404, 0.13056165271172757, 0.13863204909127322, 0.13790720568334341, 0.1361101527148457, 0.13203670278683696, 0.12877599863551922, 0.13330752166516127, 0.12845594808823088, 0.1274142954229173, 0.1300542886408801, 0.12998565256540084, 0.12771976055380901, 0.12919257066383955, 0.13092563526348075, 0.12756225584407435, 0.12609841838264524, 0.13028204845024816, 0.12621946335401518, 0.12290408073880707, 0.12371410818535429, 0.12309660155077233, 0.12080381736496068, 0.11931243972291859, 0.11728302815982354, 0.11635667355144046, 0.11621752527979114, 0.11456406153761958, 0.11447390730163551, 0.11349215944628507, 0.11360482550275573, 0.11309667737497084, 0.11314571921042398, 0.11191901789534066, 0.1113264568528171, 0.10998617388534554, 0.11162621543949239, 0.10940998926826034, 0.11961102120421854, 0.12199903805908627, 0.12453435204355147, 0.11615279669342361, 0.11431044936843773, 0.1110022801476128, 0.11081899941798622, 0.1083627082731183, 0.10843527442050169, 0.1083979665213079, 0.10784833414493504, 0.10783764365263535, 0.10779923162863346, 0.10747899869900529, 0.1109084329749123, 0.1141503859983511, 0.109656283041788, 0.10731266427923299, 0.10712450532104414, 0.10656942688560615, 0.10621702023040669, 0.10627984309970172, 0.10635983502677777, 0.11611272198199735, 0.12433769850409088, 0.14346896199288287, 0.1333723683181851], "val_adversary_loss": [-0.04617952971458923, -0.046824202196180637, -0.046674537692824904, -0.04612485718594772, -0.04576791164120637, -0.04935417778055041, -0.050491516755247136, -0.05017939496840119, -0.0493075200832265, -0.04842055567093156, -0.04924078830827656, -0.04949561255596166, -0.04831657458942813, -0.048860502472507235, -0.04983811211550773, -0.04951238832365716, -0.04954160286080636, -0.04948195942993345, -0.04953421920970709, -0.04975287160883333, -0.04954996152807836, -0.04951347191585621, -0.049455370648442916, -0.049421100719133484, -0.04946476922446714, -0.04955227383413853, -0.04951783153470541, -0.04949631154754059, -0.04951747291545308, -0.04954423712872336, -0.04952669605727526, -0.04949342183752383, -0.0495491783418184, -0.049561136028550355, -0.04955270624207313, -0.0495663052405446, -0.049327782792337814, -0.049462537303734865, -0.04970291868016703, -0.04998430316958827, -0.04949879548914277, -0.04914818215278584, -0.04966517993349235, -0.04941173830999215, -0.04966984954330025, -0.049519532349720286, -0.04941831563125761, -0.04958961676233859, -0.04930424010920877, -0.04969284724108545, -0.04946394452123089, -0.0494683630734413, -0.04964489816770313, -0.04955157865749036, -0.04953385322804054, -0.04954188108133652, -0.04956249371395378, -0.04955404731777611, -0.049542316090430166, -0.04955123912880401, -0.049558074293736834, -0.049526021316668535, -0.04955312219533349, -0.049559959913362144, -0.049556160917806805, -0.049563467471415046, -0.04955239904039894, -0.04955083461466269, -0.04956333650155178, -0.04952502995118298, -0.04942594544261303, -0.04955135947721269, -0.04955137631059996, -0.04976848480076358, -0.049400617210272016, -0.049582670874247343, -0.04957031795178346, -0.049507940256276625, -0.04954920248309458, -0.04956496760335416, -0.04956535767036921, -0.0495613632372669, -0.049558750698532696, -0.04956116917111542, -0.04952570403962945, -0.049559591184538114, -0.04956198120966026, -0.049631079493955364, -0.049558850853757865, -0.04953594208916807, -0.049535466603923495, -0.04954543625136738, -0.04955709893285071, -0.04951349618583219, -0.04955156907848662, -0.049564269558203214, -0.04965051900869854, -0.04983317477958183, -0.04899676934879447, -0.04963848090295778],