{"loss": [-0.04633496931934677, -0.04937522019781115, -0.04936952866061535, -0.04933624923911725, -0.04929536422436339, -0.049324674060331426, -0.04933687587706955, -0.049294877713880025, -0.049339886212351275, -0.049323736049634886, -0.04933600357355167, -0.04932734912446565, -0.04935565501015991, -0.049342342497950005, -0.04932705687857328, -0.04933669526157708, -0.04934763631571353, -0.04933489877733772, -0.049330534105854286, -0.04935763943892715, -0.049345451412312266, -0.04934595349396163, -0.04934789034163189, -0.04936757171618192, -0.04932035128504079, -0.04937460595657463, -0.04932993893772585, -0.04934419328931459, -0.04935348004013316, -0.049328080096470994, -0.04935946395041918, -0.04933940387631013, -0.04934828656421923, -0.04934034821562048, -0.04936189385015578, -0.049355402990308814, -0.049350852420796586, -0.049360910825766484, -0.04933292932290751, -0.049349823868204745, -0.04937535142857679, -0.04933930054331148, -0.049344873456902055, -0.04933924242580756, -0.04934532627873727, -0.04935735717565977, -0.049334886489033135, -0.04935328603669477, -0.049325540344985194, -0.049327627214850234, -0.04935347511733571, -0.049328326996403236, -0.04935547817171581, -0.0493373809503019, -0.04932359531792936, -0.049354770901645695, -0.04933906408055947, -0.049352216898104, -0.049337831520618616, -0.049333821371427056, -0.049335205624150794, -0.049343726658043596, -0.049345171617458466, -0.049338174467775255, -0.04934103902197966, -0.049332052467455416, -0.049346100512890304, -0.04933635285866663, -0.049336348493037877, -0.0493309796331006, -0.04934141119705577, -0.049358183012037905, -0.049337960461009606, -0.04934904515687501, -0.04933272046247611, -0.049348111708971125, -0.04934174894864296, -0.0493374316592115, -0.04935282221612356, -0.049353356392266096, -0.04933556307871453, -0.049335097573515195, -0.04934645136031397, -0.049346285459817674, -0.04934732053108305, -0.04936153201803447, -0.04934852256439981, -0.0493177251520974, -0.04935100595088426, -0.04934629272487203, -0.0493445965388476, -0.049323426487928444, -0.04936185237479582, -0.04932528650016019, -0.04936453574265958, -0.049338706284512, -0.04935300688903991, -0.049351934308340416, -0.04934506247879595, -0.04934335173384871], "classifier_loss": [0.09909163300371848, 0.1006814183131105, 0.0993348595064771, 0.09965168976760509, 0.09903011576944185, 0.09872198229447773, 0.09854210587688958, 0.09870964562225232, 0.09818189060244208, 0.0980411201182317, 0.09803263472249814, 0.0978171032455065, 0.09757324438974033, 0.09779933584032083, 0.0975480975749254, 0.09738056523856004, 0.0972647027965534, 0.09719235792465032, 0.09749648678482767, 0.09718739478014739, 0.09739652326468068, 0.09737982355359454, 0.09737170258813918, 0.09708726290824404, 0.0973591720156821, 0.09694356355206143, 0.0975673180227014, 0.09723092761423031, 0.09716255264264079, 0.09750836413127527, 0.09692225074671927, 0.09724280754361386, 0.09703219494888056, 0.09725804621883966, 0.09707250070055423, 0.09744357886311758, 0.09711996475120906, 0.09708947386590971, 0.09741415389770029, 0.09742226138582921, 0.09694253486477249, 0.09742572802649334, 0.09734776332209351, 0.09708558199861021, 0.09693370757221705, 0.0970532499362236, 0.09695077431288569, 0.09699696534556618, 0.09698245933249305, 0.09708758612538658, 0.09694356365830732, 0.09701186517340639, 0.0969251896313404, 0.09688436292257517, 0.096988663969823, 0.09674976615748918, 0.0971528862226414, 0.09688330546087254, 0.09682085068493088, 0.0968381662286383, 0.09696797144029712, 0.09680750488295503, 0.09673611030906172, 0.09678651058995962, 0.09671796426064312, 0.09703774287387897, 0.09686581027238506, 0.09685774794702566, 0.09698287658295715, 0.0970394457069723, 0.09682145136245941, 0.09666102073294545, 0.09665940827089799, 0.0969301169692317, 0.09655933675663537, 0.09688926168514694, 0.09675491269293077, 0.09665548396355123, 0.09670634495034769, 0.09687251383415435, 0.09663212421237656, 0.09657661578819753, 0.09657851349369409, 0.09683351236459051, 0.09654956087325448, 0.09660681890127128, 0.09673020381331428, 0.09673272456197743, 0.09666652852221305, 0.09660864037735077, 0.09666863464241736, 0.09702529838715022, 0.09639992484091045, 0.09666127716775215, 0.0962641664535802, 0.09670963412839376, 0.09622224282197392, 0.09668478687553797, 0.09659639315135239, 0.09651921272451844], "val_adversary_loss": [-0.0494980862188386, -0.04937624685679148, -0.0496180970723864, -0.04997048359144393, -0.04956775036806796, -0.04974902489420956, -0.04985800916584143, -0.04963621856457911, -0.04991408097295744, -0.049847677120492956, -0.04955447492479859, -0.04988428679574839, -0.0496206861632871, -0.049701628799725873, -0.049515242077131386, -0.04981151276343855, -0.04966017860277802, -0.049924188985817894, -0.049781740702451935, -0.04949461179284888, -0.049872618830035485, -0.04983021102612062, -0.0494422685451433, -0.04976267806250027, -0.0499695221413393, -0.04975427577950182, -0.049785565046624944, -0.0498880262201327, -0.04970009988090357, -0.04985646567813321, -0.0497922530755749, -0.04995030889405594, -0.04971831574114115, -0.04997080624644863, -0.04979314679605509, -0.04987469885074091, -0.049647801035147, -0.0497955194151667, -0.049891516177970004, -0.04980535545510259, -0.04991913605631624, -0.04986451261010686, -0.049689224442138226, -0.04975614828180317, -0.049839983471749796, -0.049829116357714934, -0.0498269401097338, -0.049836230206495594, -0.04992966295485945, -0.049782208618240696, -0.04978860684696131, -0.04985726721907869, -0.04980580821339828, -0.04982102071719355, -0.04981528618931088, -0.049888484397740164, -0.04982347311155202, -0.04969171746655032, -0.04981887335681165, -0.04989815707778139, -0.049792647125447176, -0.04987241938848411, -0.04974716891890039, -0.04984007294779191, -0.04985710230683432, -0.049828751554019675, -0.04984965180845165, -0.04982373433173257, -0.04982397560607355, -0.04988357324881328, -0.04983112804337619, -0.04981308776302831, -0.04980872877884952, -0.049825615312507766, -0.049824240042577815, -0.04982858681188502, -0.04979251692516122, -0.04985601345344927, -0.04989714221402464, -0.049851976135130524, -0.04985332863439095, -0.04974487031695463, -0.049700776954162314, -0.049826899089787983, -0.0497955072910272, -0.04973554474301563, -0.04976112135519032, -0.04985246191604039, -0.04986838538040039, -0.049857719708030684, -0.0498913063480372, -0.04983833188250414, -0.04983723859320701, -0.04989790580397111, -0.049957957131092114, -0.049889858206291535, -0.04983033569515975, -0.049892147841561575, -0.049742037749553554, -0.049849870617227364],