{"loss": [0.3735725163957961, 0.3413057975495181, 0.31111846062778664, 0.28643741821463164, 0.26157178651751833, 0.24107022550253876, 0.2209221363663798, 0.20346213625848444, 0.1868685404143622, 0.17399986047628696, 0.16451043521621903, 0.15492613082052514, 0.1509941730360177, 0.14700041060060887, 0.1445783193790269, 0.1446568411627478, 0.1425991043917806, 0.14284032844227262, 0.1417397344294003, 0.14168912738865283, 0.1410229324404853, 0.14022180573151635, 0.14103038091559825, 0.13972678594771576, 0.14010503889643053, 0.1399352009570694, 0.13988036564561662, 0.13910373598283246, 0.13877128131692734, 0.13930818597759925, 0.1373917399145884, 0.1386790396937213, 0.13826193307355944, 0.13771320043158738, 0.13793127981195638, 0.1378454817594845, 0.13769186622805246, 0.138012372635272, 0.1371750721095842, 0.13776637127722768, 0.13745329214651225, 0.1357120204598264, 0.13574171428173537, 0.13485489100830114, 0.13576986567614185, 0.13596694729199288, 0.13696362899734105, 0.13611168446338046, 0.13545789861855848, 0.13497209995004175, 0.13459378697200894, 0.13586747728213938, 0.13559074560554393, 0.1350705595878586, 0.13480027457871424, 0.1342883105079768, 0.13493019509550366, 0.13510299803607817, 0.13347274585987426, 0.13525864498356704, 0.1338209297173746, 0.13283263213046037, 0.13489212183219762, 0.13222832576558946, 0.13295770837614707, 0.13412914971673726, 0.13419147472787132, 0.13327658839174764, 0.1335014782049686, 0.13483102726557433, 0.1325084569281086, 0.1323278269664825, 0.13282852666738273, 0.13354009357637983, 0.13330018956393694, 0.13327118770687604, 0.13187125615611947, 0.13210222981359995, 0.13287782093261377, 0.13301582314910962, 0.13278912215801786, 0.13123041568334612, 0.1326983930782844, 0.13227453433268618, 0.1326564051788168, 0.13157144918163743, 0.13285180176604103, 0.13301513054411543, 0.13115885722946166, 0.13196102536000284, 0.13181950810663232, 0.13214496436408127, 0.13233112009863274, 0.13272769720510652, 0.13181901919179614, 0.13107417650115516, 0.1313450711364841, 0.1312135333874933, 0.1316312167924678, 0.13201622932486795], "decorrelation_layer_1_loss": [0.029745919036206592, 0.026471772333705783, 0.02339747768593192, 0.020830101094035224, 0.018208868754003852, 0.016003684423653408, 0.0138119909563364, 0.011864947337211525, 0.010015823685549406, 0.008500819636391746, 0.007347195197545782, 0.006192216599699871, 0.005628336156721679, 0.005110403592370385, 0.004784010462255125, 0.004737972427588135, 0.004481091973865072, 0.004487376879178335, 0.0043856489446648175, 0.004386190808224544, 0.004321852349095354, 0.004249308753479139, 0.004332300860416371, 0.004225679913188975, 0.004266623538264923, 0.004242758122041154, 0.004253835693718544, 0.004185943314197142, 0.004146760406391376, 0.004214271375602697, 0.004017508548262133, 0.004159595534577137, 0.00411356982374373, 0.004057358566524972, 0.00409086737172419, 0.004078086669514892, 0.004066416707439088, 0.004101340367517305, 0.0040066129051054096, 0.004066881866798697, 0.004051866942005588, 0.003864328672671965, 0.003869880778211147, 0.0037775648910231925, 0.0038947001245151196, 0.0038852370818834355, 0.003984257053519422, 0.0038916425108239824, 0.003835541671517763, 0.0037905118718682316, 0.0037669202820578384, 0.003878179627861441, 0.0038549337073819447, 0.003798299156371565, 0.003763958043157546, 0.0037124800450978935, 0.003793084445737511, 0.0038022473628231846, 0.0036419099357451286, 0.003798787409633154, 0.0036671429189819985, 0.0035649244148295454, 0.00376374986623106, 0.003504200539346872, 0.0035789952649016407, 0.003691339181211357, 0.0037010964691609805, 0.0036049823787947504, 0.003622884207877602, 0.0037453637027779346, 0.00352274155365346, 0.003498803909580432, 0.003542342991571262, 0.003610614309207076, 0.00359608368975477, 0.0035841205522149215, 0.0034413526155705654, 0.003469457188800596, 0.003552271475956613, 0.0035525301940254866, 0.0035259184640055907, 0.0033554836924222366, 0.0035046234776551772, 0.003490075457614893, 0.003506320283891786, 0.0034116150183356557, 0.0035262859718817752, 0.0035397385378566643, 0.003367528932318803, 0.0034436147478219756, 0.003422435399015918, 0.0034414378345653937, 0.0034678065957016065, 0.0035132294958327872, 0.003409721630735348, 0.003351485013548345, 0.003366828629385433, 0.0033476631941695262, 0.00338412094202288, 0.0034291432582901735], "classifier_loss": [0.07611332629017786, 0.07658807420475888, 0.07714368393060227, 0.07813640760741263, 0.07948309877891303, 0.08103338138274102, 0.08280222667387029, 0.08481266270966217, 0.08671030349677109, 0.08899166416532296, 0.09103848321502868, 0.09300396472943978, 0.09471081150835746, 0.09589637484132212, 0.09673821489500099, 0.09727711706587835, 0.0977881847602002, 0.09796655970454475, 0.09788324502760025, 0.09782721960420501, 0.09780440887882123, 0.09772871818627091, 0.0977073723941492, 0.09746998666785735, 0.09743880375645919, 0.09750761967004529, 0.09734200846896707, 0.0972443027218145, 0.09730367729004108, 0.09716547213598262, 0.09721665443933641, 0.09708308440079373, 0.0971262350178344, 0.09713961477223056, 0.0970226061343086, 0.09706461504057196, 0.09702769897002159, 0.09699896897643676, 0.09710894298689447, 0.09709755256795988, 0.09693462277257554, 0.09706873379408484, 0.09704290641208485, 0.09707924202157188, 0.09682286418473592, 0.09711457651128773, 0.09712105845667011, 0.09719525937619646, 0.09710248192668577, 0.09706698101885096, 0.09692458412014536, 0.0970856809931818, 0.09704140858676347, 0.09708756789652148, 0.09716069397229073, 0.09716351001972952, 0.09699935068844195, 0.09708052442530164, 0.0970536465029425, 0.09727077082364151, 0.09714950024604317, 0.0971833881474715, 0.09725462318921908, 0.09718632040359025, 0.09716775586911745, 0.09721575778281331, 0.09718051006774643, 0.0972267648025172, 0.0972726361371181, 0.09737739038797426, 0.09728104127140583, 0.0973397879686135, 0.09740509654420036, 0.09743395046057121, 0.09733935268784054, 0.09742998213351196, 0.0974577300119627, 0.09740765794163952, 0.097355106108034, 0.0974905213309172, 0.09752993766774866, 0.09767557887724945, 0.09765215847008117, 0.09737377992587011, 0.09759320258198069, 0.09745529921633293, 0.09758894205096494, 0.09761774540858842, 0.09748356805741941, 0.09752487778206623, 0.09759515406609254, 0.0977305860421713, 0.09765305406449612, 0.09759540233325686, 0.0977218026330836, 0.09755932645529387, 0.0976767849142784, 0.09773690152808164, 0.09779000732831941, 0.09772479662784607]}