{"loss": [0.10623440151807977, 0.1039371930386947, 0.10209687840114959, 0.10070606357839719, 0.09970127812598852, 0.0989729240775561, 0.09813506581212156, 0.09758286613175424, 0.09742802756140341, 0.096645322835546, 0.0965362268431834, 0.09644094575463832, 0.09577597888041678, 0.09601490241720444, 0.09572567172958024, 0.09554218333308029, 0.09521429453110766, 0.09520334548188382, 0.09524099997491864, 0.09495247632582776, 0.09485122536701997, 0.0947496888600761, 0.09470353326782202, 0.09461461496264682, 0.09435765673598395, 0.0943522397367583, 0.094579211883611, 0.09432191563587744, 0.09431606209992414, 0.09428718334191728, 0.0943146041832436, 0.09407604739729952, 0.0939950544130477, 0.09399253205812319, 0.0940945000596558, 0.09400015197248386, 0.09404574518877414, 0.09393125885487896, 0.09401997528850936, 0.09397661173313124, 0.09388111080784284, 0.09395090251960962, 0.09370741281640346, 0.09399660439847622, 0.09395035451300286, 0.09375251251276896, 0.09383326702353656, 0.0937409148828492, 0.0936654801700734, 0.09366389812080723, 0.09367221246540686, 0.09360329324802695, 0.09365914511796174, 0.09358200871550813, 0.09356259069115169, 0.09362234976768609, 0.09346249620190306, 0.09361853336792393, 0.09364761471081723, 0.0934621075787771, 0.09335617071218727, 0.0934031538350404, 0.09342784934048882, 0.09353755501146147, 0.09360646159317308, 0.09354832579180544, 0.09336125278247598, 0.09323874466867327, 0.0934105069146521, 0.09329551794104231, 0.09360321443391327, 0.09329639907732558, 0.0934650600228722, 0.09340983327001603, 0.0934252862010274, 0.0932646264848639, 0.0930893649903738, 0.09319056333171095, 0.09322444322956382, 0.09330436181192579, 0.09308815234012263, 0.09340005814280743, 0.0930506889049326, 0.09329585011381857, 0.09306320094424798, 0.09328005814694366, 0.09313585261672622, 0.09324054482642502, 0.09314730307680345, 0.09305773532570707, 0.09303985153436331, 0.09316827643051213, 0.09312678073415365, 0.0931396049166715, 0.09293575701777089, 0.09314690162658495, 0.09317446646490486, 0.09301450510050226, 0.09312384934629865, 0.09315090803270142], "decorrelation_layer_1_loss": [0.03013965189406008, 0.027728590273073013, 0.02561661914230517, 0.023753781237611456, 0.02232184424638082, 0.021110563583452285, 0.019865487902417687, 0.018852332076840304, 0.018193411487968745, 0.01730779854803359, 0.016729132706035783, 0.0160576088973766, 0.015482188516979472, 0.015130822900462648, 0.014731336651441758, 0.014215289578167301, 0.013908463136140683, 0.013701421346001713, 0.013339784846671834, 0.012944460549673867, 0.01262710131143496, 0.012422304215869115, 0.012012294221099552, 0.012064377707920067, 0.01180194722361146, 0.011668283280918904, 0.011608621104407774, 0.011433407442370973, 0.011273888641122928, 0.011124145283537477, 0.011151539369258083, 0.011011627616077924, 0.010902499408179837, 0.01080354988605682, 0.010755852904258886, 0.010561212117133767, 0.010638810250149126, 0.010524585253954695, 0.0104581224568861, 0.010468990652078652, 0.010348813869561933, 0.010501540078442336, 0.010258468542081716, 0.010339245903635564, 0.010219242719503247, 0.010198536448822163, 0.01021018915585, 0.010205250478314614, 0.01001349690539322, 0.010021594832965788, 0.010054007138596053, 0.009961884890439027, 0.009967788003567476, 0.009909364947566219, 0.009939259571947747, 0.00998994296224083, 0.00996982297821548, 0.009817584771894698, 0.009854060181594989, 0.009783720353021287, 0.009742794533957001, 0.009779034518206864, 0.009670300611206802, 0.009821424268545521, 0.009741768384999353, 0.009866065402882032, 0.00963705449286953, 0.009612943937064048, 0.009635063477232593, 0.009574920737440831, 0.009651191179454933, 0.009637399064370005, 0.009610489222837136, 0.00961135130195547, 0.009667614594171287, 0.009491176621849728, 0.009414520420736537, 0.009375948402088285, 0.009497341902663405, 0.009583423637014013, 0.009430283565300474, 0.009604369399381979, 0.00938353342719772, 0.009659633324563236, 0.009334959789062344, 0.009541904101925652, 0.00942450083625379, 0.009536539421719654, 0.009446022708433359, 0.009317554714901172, 0.009378283601655341, 0.00928098924527948, 0.009320035172447142, 0.009362049253943721, 0.009259326830870688, 0.00937776180124502, 0.009396858358175242, 0.009291324094302875, 0.009313744396993881, 0.009290442559919338], "classifier_loss": [0.07609474958672181, 0.07620860275157774, 0.07648025920662506, 0.07695228232994389, 0.07737943386492101, 0.07786236058181603, 0.078269578062545, 0.07873053405013578, 0.0792346160156799, 0.07933752426498782, 0.07980709410899811, 0.08038333695307451, 0.08029379045245999, 0.0808840795516535, 0.08099433506943846, 0.08132689383776044, 0.08130583139710879, 0.08150192418247657, 0.08190121516387246, 0.08200801567384157, 0.08222412404315751, 0.0823273846755615, 0.08269123883360469, 0.08255023729711462, 0.08255570945971727, 0.08268395656757817, 0.08297059076068948, 0.08288850822338982, 0.08304217352241275, 0.08316303809283734, 0.08316306480075458, 0.08306441981145421, 0.08309255500030761, 0.08318898217087037, 0.08333864711425129, 0.08343893986605914, 0.08340693493112868, 0.08340667366864625, 0.08356185265858022, 0.0835076209446806, 0.08353229705045553, 0.08344936251358086, 0.08344894432825956, 0.08365735866985087, 0.08373111164922094, 0.08355397608048952, 0.08362307780045912, 0.08353566420313037, 0.08365198328220244, 0.08364230327703187, 0.083618205256947, 0.08364140837303184, 0.0836913570688553, 0.08367264384442451, 0.08362333108332332, 0.08363240683271243, 0.08349267317485702, 0.08380094858315049, 0.0837935544260329, 0.08367838734133173, 0.083613376171267, 0.08362411929995882, 0.08375754882228235, 0.08371613048522814, 0.08386469331832394, 0.08368226029993008, 0.08372419837118379, 0.08362580077273946, 0.0837754435081858, 0.08372059718827495, 0.08395202317407408, 0.08365899994022064, 0.08385457081090335, 0.0837984819767144, 0.08375767153186488, 0.0837734498684197, 0.08367484458398865, 0.08381461497237706, 0.08372710130315193, 0.08372093804049302, 0.08365786878930487, 0.08379568870341712, 0.08366715551205484, 0.08363621685526365, 0.08372824107666657, 0.08373815391530094, 0.08371135166080917, 0.08370400538141584, 0.08370128048514441, 0.08374018061207547, 0.0836615680619459, 0.08388728709459352, 0.08380674558187906, 0.08377755560989647, 0.08367643032569447, 0.08376913982541404, 0.08377760809057176, 0.08372318101983058, 0.08381010496393423, 0.083860465468497]}