{"loss": [29.74860737584434, 26.382287407393047, 23.502726280704543, 20.638308428517433, 18.11820479125243, 15.753678660702327, 13.730619849452783, 11.582620884549002, 9.628321482371668, 8.077868325466211, 6.809565529182393, 5.831409755354967, 5.1371074528090475, 4.846890294261349, 4.525811042810862, 4.520863197377896, 4.378942343143682, 4.346985358028426, 4.341302924159538, 4.2513695898884, 4.223923946628415, 4.3714766788557435, 4.2054425029435265, 4.298700578989704, 4.116497675750459, 4.055245629520153, 4.1748819290466805, 4.0394878766800355, 3.9405501352622827, 4.072552471787178, 3.9676499552404163, 3.9202286292972186, 3.943046320503964, 4.026627580754587, 4.019743944966845, 3.924310810334122, 3.8752480860803633, 3.8005452434925084, 3.9305219932915367, 3.7466161467885897, 3.751970000678239, 3.7065739038072354, 3.665682273461419, 3.6300079967876693, 3.58694457270486, 3.6732984465834817, 3.620523867060372, 3.5740478312422055, 3.5417555842168595, 3.572270764010741, 3.3868579270604626, 3.4471319414248254, 3.5154248775041745, 3.4607788840487017, 3.5005819044238655, 3.4549355444074634, 3.408319023995011, 3.412216742371482, 3.3380140687331177, 3.2360149467686905, 3.3689602733331627, 3.3520030005415427, 3.2370420514644858, 3.188656827838169, 3.3101117229438364, 3.2048100205729133, 3.1748121469787116, 3.209969933838316, 3.0929121084724382, 3.1855375152587144, 3.1455142341983136, 3.1510743353426167, 3.147110236151094, 3.012444712052541, 3.115018234839821, 3.0048545574523278, 2.9863317980681576, 3.068680303440162, 3.0357536426933613, 2.9952982203841176, 2.912156366474203, 2.9741442968933143, 2.952610676779549, 2.863170437710696, 2.838698744984816, 2.8727291672212716, 2.8332345933927243, 2.805986030031143, 2.8397520794541213, 2.8317025576006354, 2.719630009694287, 2.675025587724531, 2.762296385280261, 2.690093567401009, 2.723358313230446, 2.692755781375332, 2.601297835108334, 2.580236831530745, 2.579540357712826, 2.5553439495126997], "decorrelation_layer_1_loss": [0.02967243652406193, 0.02630585254345934, 0.023425512228922182, 0.020560043382956243, 0.01803872899284911, 0.015672802805302113, 0.013647532748803795, 0.011497686445327105, 0.00954063684212235, 0.00798785064223029, 0.0067170937801964, 0.005736101346239817, 0.005039925788593253, 0.004747461451662493, 0.004424658150425802, 0.004418860695006759, 0.004276167065887225, 0.004243889563345184, 0.004237711397842767, 0.00414737769145936, 0.004119837736453761, 0.004267246576631129, 0.004101331262895901, 0.004194246259383807, 0.004012027452148392, 0.003950668982159378, 0.004070077193394874, 0.0039347611942791415, 0.003835862325664508, 0.003967463021565389, 0.00386246533963142, 0.003814976166238017, 0.0038378152674574417, 0.003921074045821635, 0.00391406224358191, 0.003818566566647325, 0.003769137694550941, 0.0036947532150667342, 0.003824219602755972, 0.0036402900692732816, 0.003645340960309767, 0.003600073920554352, 0.0035589154081254225, 0.003523013478591292, 0.003479881908471518, 0.0035661229758080586, 0.003513165034486542, 0.0034665117345673794, 0.0034341573429691632, 0.0034644409120022914, 0.0032788222632307057, 0.00333888298372834, 0.0034070982616783243, 0.003352385793916887, 0.003391886907778553, 0.0033460396885102777, 0.0032991876126820985, 0.0033029762094642914, 0.0032285717516273827, 0.003126333044949326, 0.003259177831126311, 0.003242060934307148, 0.003126724656181832, 0.0030782899951732985, 0.0031993051012864904, 0.0030938339608703957, 0.003063802078891973, 0.003098717325165168, 0.002981354589562962, 0.0030739191187237843, 0.0030335312868822015, 0.0030390509904787283, 0.0030347677257547565, 0.0028999244751221707, 0.003002229500456121, 0.002891984634527747, 0.002873142598477563, 0.002955418333101121, 0.0029220292692089373, 0.0028815722057005215, 0.0027979974762082677, 0.0028598898338336237, 0.0028380189585352463, 0.0027486083020557797, 0.002723858682570448, 0.002757856618414831, 0.0027180078389197507, 0.0026905960906656277, 0.002723905136502172, 0.0027157675106080892, 0.0026037561258397844, 0.002558851295110095, 0.0026459627238124336, 0.002573334493330798, 0.0026064291227330286, 0.0025756785049464246, 0.00248407568185275, 0.002462427068403772, 0.0024619409842240284, 0.002437424434919961], "classifier_loss": [0.07617079787799051, 0.07643481910338387, 0.07721407502018834, 0.07826505946687504, 0.07947579432913231, 0.08087584098353735, 0.08308711395662628, 0.08493444424026521, 0.08768464839589249, 0.09001768901088945, 0.09247173132114651, 0.09530841124801821, 0.09718165587458619, 0.09942883743296593, 0.10115289124546022, 0.10200250917537135, 0.10277528164671494, 0.10309577917654948, 0.10359151898878745, 0.10399189468851211, 0.10408621389780119, 0.10423011082231247, 0.10411124962518918, 0.10445431139175056, 0.1044702207759958, 0.10457665305781867, 0.10480473411181764, 0.10472668291597888, 0.1046878078980467, 0.10508944161027624, 0.10518461380523761, 0.10525246657796952, 0.10523105007468704, 0.10555354372805607, 0.10568169040124518, 0.10574424449480323, 0.10611039383853126, 0.1057920260344611, 0.10630238593817908, 0.10632608214433936, 0.10662903755190642, 0.10649998181855104, 0.10676686965332204, 0.10699451809433146, 0.10706266983730925, 0.10717547249644149, 0.10735883300346852, 0.10753609224692487, 0.10759824001513144, 0.1078298572647928, 0.10803566055586014, 0.10824895461173839, 0.1083266187988743, 0.1083930882942739, 0.10869499864823957, 0.1088958659241125, 0.10913141351975944, 0.10924053338676282, 0.10944232036157904, 0.10968190136282203, 0.10978244448800065, 0.1099420755922695, 0.11031739432810345, 0.11036682863872518, 0.11080662119064154, 0.11097605853671631, 0.11101006356291149, 0.11125261254744485, 0.11155751957884497, 0.11161839560443483, 0.11198294942674544, 0.11202334907577444, 0.1123425181817712, 0.11252023326401488, 0.11278873528983625, 0.11286991927468833, 0.11318920209794946, 0.11326197202362016, 0.11372437095622054, 0.11372600723932465, 0.1141588921157341, 0.11425446849355726, 0.11459172050682584, 0.11456213908482375, 0.11484006493990409, 0.11487254631169533, 0.11522675413773127, 0.11538993990355159, 0.11584694334315046, 0.11593504770459642, 0.11587388810056204, 0.11617429338580758, 0.11633366223173744, 0.11675907346547103, 0.11692918177462966, 0.11707727518064472, 0.11722215257362936, 0.11780976582743924, 0.1175993706823238, 0.11791951830499967]}