{"loss": [0.07907580043388887, 0.07898645129601425, 0.07885368951095835, 0.07881102158524433, 0.07873325360823535, 0.07869166550343742, 0.07884958585322237, 0.07876641979043855, 0.07870132864577216, 0.078920137737233, 0.07880231184929261, 0.07860437382286035, 0.07868247455965764, 0.07868122681736854, 0.07862510242534693, 0.07883982676327966, 0.07870110262841605, 0.0787513554379948, 0.07864512480678947, 0.0787117529658858, 0.07868712665918298, 0.07858589879962027, 0.0786267317224498, 0.07868892850129601, 0.0786072541335799, 0.07863409854213657, 0.07875057854931994, 0.07863830486396643, 0.07856548605911816, 0.0786008283208688, 0.07844790522903991, 0.07863179615023293, 0.07885641148328974, 0.07868558736945307, 0.07867371130335729, 0.07867940623813642, 0.07878458349420814, 0.07857206379117317, 0.0786979907934458, 0.07864057149309085, 0.07862216642387329, 0.0787695066754871, 0.07871072021358816, 0.07849141459642754, 0.07856389505161794, 0.07851375742226799, 0.07845524636088883, 0.07853730528941685, 0.07865551166396252, 0.07862292751481859, 0.07868294195602014, 0.07861580515412016, 0.07863981370748709, 0.07853417726620116, 0.0786371189840297, 0.07858248342610984, 0.0786413628494091, 0.0785189184053466, 0.078611192711641, 0.0786793013194308, 0.07849989516999543, 0.07858663521875724, 0.07850222668937185, 0.07865020626319681, 0.07853033150250449, 0.07851464801160288, 0.07844700692523136, 0.07856800030994662, 0.07863282452945013, 0.07859274334831769, 0.07839234484114424, 0.07862184639832115, 0.07863135906368274, 0.0786843261707395, 0.07853442536283982, 0.07856068677156192, 0.07849858703657542, 0.07847964667683181, 0.07861871424593316, 0.07837432192463367, 0.0784761828343673, 0.078465011792488, 0.0785886831304549, 0.07865139692307922, 0.07868829137218969, 0.07836693858643462, 0.07845774084600042, 0.07861297672384754, 0.0783685181215561, 0.07845965711903817, 0.07852743946580573, 0.0785707208668605, 0.07867130300858644, 0.078565148619126, 0.07849592277553004, 0.07860860445695288, 0.07853630048915806, 0.078567465742854, 0.07860905327823013, 0.07864915609967506], "decorrelation_layer_1_loss": [0.03139030208978101, 0.030921558069894512, 0.030576797679861045, 0.030524994068607526, 0.030353844948830012, 0.029973684261621, 0.030085153998534907, 0.02999418598031425, 0.02953708918149647, 0.02952778301986121, 0.029405909327842913, 0.02939971964271923, 0.029159373605189866, 0.029294032035697457, 0.029030107107860505, 0.029167744825300112, 0.029048432231731085, 0.029037227897590886, 0.02899187532364451, 0.028937758508393707, 0.02890138700149145, 0.02880088520037121, 0.02866077540872717, 0.0287236273663092, 0.028673835342561814, 0.02872679268277698, 0.028769860678067683, 0.02863367414355754, 0.02872084128983534, 0.028579912342819806, 0.02868894539546069, 0.028402761729559002, 0.02842872047927626, 0.028559191477610636, 0.028553692005098236, 0.0284678952776114, 0.028580244086182597, 0.028565858876320866, 0.028422331230819744, 0.028417871116752383, 0.028728509582681454, 0.028324313528104408, 0.028480644644344126, 0.02838804712188894, 0.02845989071195267, 0.02853393336422371, 0.02833561168592123, 0.028474686064362764, 0.028369293067023692, 0.02843933674058408, 0.02851160011066546, 0.028477819634209693, 0.028486833341844906, 0.02837768061409024, 0.02834384911774568, 0.02830850722352896, 0.028368549006407246, 0.028333634154021604, 0.028207364969376734, 0.028455227173056465, 0.02838922701176969, 0.02824388261164653, 0.02824577887111854, 0.02819962027042864, 0.028267839452319334, 0.028389947549587017, 0.028429830314050848, 0.028156872533040576, 0.02826882238755303, 0.028215946241923286, 0.0281956876885496, 0.02821110346306597, 0.028368092906060963, 0.02822798681580575, 0.028273887029740236, 0.028176258368472276, 0.028230642620050758, 0.028026453707600457, 0.02827194787053029, 0.02813626908795789, 0.028164558947981297, 0.02811659210568719, 0.028131652304257716, 0.02797516765617181, 0.028154735229980358, 0.02824889638511464, 0.028126909025037297, 0.028157036401680848, 0.028086823095435073, 0.028190194400020456, 0.028148926658781142, 0.028037170213326048, 0.02823639950084511, 0.02789318912459843, 0.028285084073971956, 0.028180759297275704, 0.028105822206989026, 0.0280752788211098, 0.028189554299604618, 0.028107963690150086], "classifier_loss": [0.07593677019383509, 0.07589429550300181, 0.0757960097840492, 0.0757585221805631, 0.0756978690839778, 0.07569429714282894, 0.07584107045960073, 0.07576700118739504, 0.0757476197229365, 0.07596735951419402, 0.07586172090454882, 0.07566440181611442, 0.07576653724611378, 0.07575182363970949, 0.07572209156362486, 0.07592305223924242, 0.07579625945024664, 0.07584763263868319, 0.07574593723032295, 0.07581797716378079, 0.07579698795870805, 0.07570581028645984, 0.07576065423812087, 0.07581656577055268, 0.07573987063885099, 0.07576141930520106, 0.07587359245352744, 0.07577493758297286, 0.07569340181734498, 0.07574283717664819, 0.07557901068117255, 0.07579151992140948, 0.07601353942515744, 0.07582966833953658, 0.07581834202960124, 0.07583261665128598, 0.0759265590528935, 0.07571547805594403, 0.07585575772119464, 0.07579878446445532, 0.07574931546293664, 0.0759370753241107, 0.07586265580574332, 0.07565260991713109, 0.07571790591282807, 0.07566036408239467, 0.07562168512565774, 0.07568983662510666, 0.0758185822911577, 0.07577899383749531, 0.07583178191997565, 0.07576802315037064, 0.07579113039738479, 0.07569640922856527, 0.07580273409777136, 0.07575163270959348, 0.07580450792374846, 0.07568555506450231, 0.07579045623392401, 0.0758337787203284, 0.07566097241286932, 0.07576224696336102, 0.07567764887509913, 0.07583024436269785, 0.0757035475418527, 0.07567565327701772, 0.07560402383678179, 0.07575231301210467, 0.07580594223519942, 0.0757711486782579, 0.07557277593673907, 0.07580073599270161, 0.07579454980239632, 0.07586152754205511, 0.07570703660694673, 0.07574306085789012, 0.07567552284363362, 0.07567700130661444, 0.07579151950537567, 0.07556069499271366, 0.07565972692344962, 0.07565335258972254, 0.07577551788837253, 0.07585388019711613, 0.07587281782185366, 0.07554204897349015, 0.07564504988075303, 0.07579727309489846, 0.07555983584267914, 0.07564063776456882, 0.07571254683142858, 0.07576700383581718, 0.07584766291365072, 0.07577582967770573, 0.07566741436119746, 0.07579052857489894, 0.07572571827187873, 0.07575993786196633, 0.07579009787410992, 0.07583835965119985]}