{"loss": [3.094713861215102, 2.95683115054182, 2.8545201612750155, 2.748141121377475, 2.6423645618621276, 2.5652326976717674, 2.4721564281700132, 2.3754704913459093, 2.294280959488718, 2.1989359540081006, 2.1216734559122425, 2.0461457350951306, 1.9535449855130118, 1.8880970144122182, 1.821863091775499, 1.737380767867205, 1.6775050129529079, 1.5918311055540288, 1.511092950701754, 1.4641997540482377, 1.3959714254245805, 1.3310665766569412, 1.2741409574349476, 1.2230088700632225, 1.1644469098459342, 1.093345773619503, 1.046951936717686, 0.9989587107016483, 0.9367626916346156, 0.8858685328978588, 0.8611407001923108, 0.8193994498864046, 0.7840633477243822, 0.742415339931264, 0.7098479052256282, 0.6774769328529825, 0.6674302225432192, 0.6513797445259535, 0.640074820804224, 0.6124695608511135, 0.5914118495241505, 0.5803443277875668, 0.5726989728408385, 0.5559530137985447, 0.5713848734258524, 0.550826889840992, 0.541015923370826, 0.5461886215295436, 0.5290630851871445, 0.534149901606925, 0.5397296660442492, 0.5358966562684814, 0.5312279553667181, 0.5271681852937498, 0.5350266192525371, 0.5209160193462227, 0.5317282427985749, 0.5316680786207885, 0.5307909705243367, 0.5247023947823601, 0.5248423890180222, 0.5358730969728354, 0.5311345843611872, 0.5101805686183593, 0.518733974977296, 0.5188957653435444, 0.522221390909965, 0.5169197122496462, 0.5138999533239118, 0.5196968879826541, 0.518168157240578, 0.5132850440033581, 0.5158397980339009, 0.5292960518476383, 0.5145834069054143, 0.5185823014925118, 0.5191454984185829, 0.5090551617256255, 0.508541408186403, 0.5182561069524059, 0.5133389786069399, 0.5094732060683467, 0.5068990077701584, 0.5065340664319801, 0.4967821442459135, 0.5097083762073202, 0.5030153693716928, 0.521227259189087, 0.5055737112953955, 0.5057761424401246, 0.49826704912450487, 0.49821729598284786, 0.5085709707002791, 0.5058604955496077, 0.5037627781433754, 0.4994557709045011, 0.4940538505180554, 0.5021302944157362, 0.4939763253772856, 0.4916150315015762], "decorrelation_layer_1_loss": [0.030186910352530624, 0.028807514442895688, 0.027781361779577678, 0.026717550848493376, 0.025657848964360446, 0.024885294900271894, 0.023951495097835392, 0.022982164799965548, 0.022166725276075765, 0.02121064915026143, 0.020433118765643066, 0.01967664523080282, 0.018744367531002525, 0.018082704253466315, 0.017419703503249947, 0.0165682792305058, 0.01596549203274393, 0.015101695603665422, 0.014288233067059572, 0.013813345003866358, 0.01312511881856213, 0.012471344947481392, 0.011892735160578016, 0.0113757413335033, 0.010782324980463295, 0.010063120890348925, 0.009592801899448035, 0.009103701213308365, 0.00847507602831665, 0.00795838489082227, 0.007700797814039286, 0.0072758732816225425, 0.006914621163368111, 0.006488645777901128, 0.006157051386080401, 0.005827934987537582, 0.0057158630256685695, 0.00554794302078797, 0.005425395414189967, 0.005145220987109108, 0.004927363603620774, 0.0048121808821767744, 0.004728692487550348, 0.004556763448720697, 0.0047082867782824575, 0.004495669449912723, 0.0043955120315741295, 0.004446250497781014, 0.004268683762030101, 0.004319869633097662, 0.004372217013878766, 0.0043322085069686395, 0.0042850293230798815, 0.004240545118330509, 0.004318035942211761, 0.004178584455498928, 0.004282630483539368, 0.004285954972408673, 0.004272093620805104, 0.004212407013458884, 0.0042106556440487395, 0.004324041907084278, 0.004274634164417926, 0.004067155043261189, 0.004150047111728711, 0.0041518464341801075, 0.004184222082022138, 0.004130285739047018, 0.004100840305521405, 0.004157938555346856, 0.004143598190902114, 0.004091776885123389, 0.004119828850239383, 0.004255143040374066, 0.004107783334236607, 0.004145644991195205, 0.004153495373580185, 0.004052107022065656, 0.004045046752402597, 0.00414054945808982, 0.004093558145165468, 0.004057034920115546, 0.004028204125099772, 0.004025651408190204, 0.003926414982780806, 0.004056549325983947, 0.003989631677499534, 0.004173550529183635, 0.00401402498317832, 0.004017343438485072, 0.003942066150697614, 0.003939998557139023, 0.004045977653356556, 0.004017941995961943, 0.003994080679626524, 0.003953087402978089, 0.0039009848401406364, 0.00398000209999076, 0.0038971272228799226, 0.0038747720937231263], "classifier_loss": [0.0760228215885745, 0.07607970836941333, 0.07638397836112769, 0.07638603787487602, 0.07657966741881288, 0.07670320433773525, 0.0770069170495152, 0.07725400766313485, 0.07760842744113366, 0.07787104206390902, 0.07836158143813106, 0.0784812136705703, 0.079108232730102, 0.07982658416096977, 0.07989274102572884, 0.08055284692741783, 0.08095581002879433, 0.08166154593988335, 0.08226964418160529, 0.08286525425955353, 0.08345954179582683, 0.08393208208581139, 0.0848674426961163, 0.08543473570572978, 0.08621441197442149, 0.08703368389837293, 0.08767174692293976, 0.08858858992926588, 0.08925508969122475, 0.0900300441690399, 0.09106091820283897, 0.09181211977589605, 0.09260123127710537, 0.09355076147175376, 0.09414276600655824, 0.09468343386465673, 0.09584391965977067, 0.09658544085486435, 0.09753527987940137, 0.09794746287021457, 0.09867549038513895, 0.09912623919586366, 0.09982972316158088, 0.10027666887743378, 0.10055619500691762, 0.10125994447277288, 0.10146472033055501, 0.10156357152492514, 0.10219470791877533, 0.10216293778856407, 0.10250796438925652, 0.10267580556939487, 0.10272502363952699, 0.10311367353541685, 0.10322302483990853, 0.10305757300235914, 0.10346519395174983, 0.1030725815437611, 0.10358160797006667, 0.10346169391527993, 0.10377682535551053, 0.10346890584896552, 0.10367116711913235, 0.10346506377316035, 0.10372926310013231, 0.10371112186280926, 0.10379918236508665, 0.10389113863753033, 0.10381592338069767, 0.10390303291409798, 0.1038083379646729, 0.10410735536510289, 0.10385691340188505, 0.1037817469439036, 0.10380507315864303, 0.10401780240662808, 0.10379596028790011, 0.10384445955312491, 0.1040367331078211, 0.10420116072577733, 0.1039831643252995, 0.10376971339893135, 0.1040785955508458, 0.10396892613179243, 0.10414064522442885, 0.1040534433056497, 0.10405220128938912, 0.10387220657405706, 0.1041712130672231, 0.10404179831653823, 0.10406043330801464, 0.10421744015125962, 0.10397320556427292, 0.10406629647924123, 0.10435471061542119, 0.10414703040722129, 0.10395536638193939, 0.10413008428801504, 0.10426360260315455, 0.10413782232638605]}