{"loss": [-0.3390558383951187, -0.24799117297172546, -0.3063305004405975, -0.3318491931667328, -0.33475750701904294, -0.3329269622192383, -0.32733506928443906, -0.3370936320762634, -0.3375099811382294, -0.33356176121521, -0.3349432504787445, -0.3316822797756195, -0.3334120218811035, -0.3336579043979645, -0.33454663391685485, -0.3340636624698639, -0.3340265168323517, -0.3343751157093048, -0.33142260651969907, -0.33126697282600404, -0.3336777088317871, -0.3355001898651123, -0.3406945813694, -0.3406798599319458, -0.343046825920105, -0.3419013343772888, -0.34306455535125735, -0.342182572599411, -0.3425944348068237, -0.34267764978599546, -0.3428861993579865, -0.3423115999126434, -0.3425295454940796, -0.3427882670688629, -0.3424625776748657, -0.34269432276344297, -0.3429295873966217, -0.3424334668521881, -0.3428253819961548, -0.34274868570709227, -0.3428711263389587, -0.34270368986701966, -0.34294890375137327, -0.34250160645484923, -0.342964106508255, -0.3424787027797699, -0.3429305496711731, -0.34253314469528195, -0.3430083849029541, -0.3426483676223755, -0.34267812601661685, -0.342890539850235, -0.3426740663948059, -0.34311460775756836, -0.34251675959777833, -0.3428282495136261, -0.34292112069511416, -0.3426190819664002, -0.3431198348331451, -0.34257761563491823, -0.34273038275146483, -0.3429507957115173, -0.3428693307552338, -0.3426779764842987, -0.3430417463722229, -0.34270408837127686, -0.34272449845123293, -0.34290952733039853, -0.3429777311134338, -0.3426516995487213, -0.34280985507583617, -0.34313114544868467, -0.3425712180328369, -0.3428264052944183, -0.34287416023635864, -0.34288650913619995, -0.342760449382782, -0.34280544964408877, -0.343057964138031, -0.34265530963134766, -0.3427955151920319, -0.34297500202178954, -0.34279779286766054, -0.3427973873004913, -0.34302150076675414, -0.3427668086795807, -0.3427928582611084, -0.3428741208782196, -0.34285339935684206, -0.3429149121131897, -0.3429995857963562, -0.34276394979476926, -0.3428434523868561, -0.34292983380508424, -0.3428045608997345, -0.34292006040763856, -0.3428694366359711, -0.3428774948616028, -0.3430111450061798, -0.34282982483673097], "adversary_loss": [-0.3390558665494919, -0.24799119922542573, -0.3063305050182343, -0.331849194770813, -0.33475753594970703, -0.3329269622192383, -0.32733506928443906, -0.3370936320762634, -0.3375099811382294, -0.33356176121521, -0.3349432504787445, -0.3316822797756195, -0.3334120218811035, -0.3336579043979645, -0.33454663391685485, -0.3340636624698639, -0.3340265168323517, -0.3343751157093048, -0.33142260651969907, -0.33126697282600404, -0.3336777088317871, -0.3355001898651123, -0.3406945813694, -0.3406798599319458, -0.343046825920105, -0.3419013343772888, -0.34306455535125735, -0.342182572599411, -0.3425944348068237, -0.34267764978599546, -0.3428861993579865, -0.3423115999126434, -0.3425295454940796, -0.3427882670688629, -0.3424625776748657, -0.34269432276344297, -0.3429295873966217, -0.3424334668521881, -0.3428253819961548, -0.34274868570709227, -0.3428711263389587, -0.34270368986701966, -0.34294890375137327, -0.34250160645484923, -0.342964106508255, -0.3424787027797699, -0.3429305496711731, -0.34253314469528195, -0.3430083849029541, -0.3426483676223755, -0.34267812601661685, -0.342890539850235, -0.3426740663948059, -0.34311460775756836, -0.34251675959777833, -0.3428282495136261, -0.34292112069511416, -0.3426190819664002, -0.3431198348331451, -0.34257761563491823, -0.34273038275146483, -0.3429507957115173, -0.3428693307552338, -0.3426779764842987, -0.3430417463722229, -0.34270408837127686, -0.34272449845123293, -0.34290952733039853, -0.3429777311134338, -0.3426516995487213, -0.34280985507583617, -0.34313114544868467, -0.3425712180328369, -0.3428264052944183, -0.34287416023635864, -0.34288650913619995, -0.342760449382782, -0.34280544964408877, -0.343057964138031, -0.34265530963134766, -0.3427955151920319, -0.34297500202178954, -0.34279779286766054, -0.3427973873004913, -0.34302150076675414, -0.3427668086795807, -0.3427928582611084, -0.3428741208782196, -0.34285339935684206, -0.3429149121131897, -0.3429995857963562, -0.34276394979476926, -0.3428434523868561, -0.34292983380508424, -0.3428045608997345, -0.34292006040763856, -0.3428694366359711, -0.3428774948616028, -0.3430111450061798, -0.34282982483673097], "classifier_loss": [2.6808267231292726, 2.162564202407837, 1.1585885738868713, 0.9013012363739014, 1.762632227394104, 0.900000286907196, 0.6388945913619996, 0.6328937669830322, 0.614163516658783, 0.6109642249755859, 0.6647742001876831, 0.6359526902732849, 0.621772557308197, 0.6102802403488159, 0.5881711792144776, 0.582761627494812, 0.571454071395874, 0.5665387840385437, 0.5944041659469604, 0.616766075920105, 0.581295453956604, 0.6087036805496215, 0.5723832821273803, 0.590012952583313, 0.5817251395874024, 0.5481543847389221, 0.5464873627815247, 0.5645414622650147, 0.5494682583961487, 0.5365590507698059, 0.5367757379417419, 0.5458328659439087, 0.5494481511611938, 0.5433980134658813, 0.5364931918182373, 0.5336807696990967, 0.534957798461914, 0.5441697191162109, 0.5460984744338989, 0.5383555908432007, 0.5331113751831055, 0.5392194878120422, 0.5443339390144348, 0.5347613511734008, 0.5347011600456237, 0.5444686302604675, 0.5427368557243347, 0.5343940512809754, 0.5308355594749451, 0.5346980551071167, 0.5412444625320435, 0.5350959862098694, 0.5284457902870178, 0.5273309871788024, 0.5374931610832214, 0.5422756460723877, 0.5351376414299012, 0.5269412747764587, 0.5254179124641418, 0.5350335351829529, 0.5412643307228089, 0.5367174251556397, 0.5297637114944458, 0.5236760660781861, 0.5225747290763855, 0.53058284765625, 0.5398229039344787, 0.5358837197952271, 0.5296841696052551, 0.5232550794525146, 0.5212234712142945, 0.5234447080192566, 0.5356903258209228, 0.5352405561447143, 0.5310461835708619, 0.5264664283599854, 0.5217998267936707, 0.5197818718795776, 0.5212862950286865, 0.5307725630989075, 0.5321912847824096, 0.5279362496376038, 0.5228882623405456, 0.5199270763549805, 0.5194575209693909, 0.5255953516807557, 0.5300808807373046, 0.5271301185760499, 0.5227440498809814, 0.51913201329422, 0.5185209326629638, 0.5244584362030029, 0.5281696956329346, 0.5247141067619324, 0.5197348124389648, 0.5175536823387146, 0.5218791488151551, 0.5275339511795044, 0.5242828208389282, 0.5182287348594665]}