{"loss": [-0.056800070802805885, -0.058598031310296436, -0.05703617352791518, -0.05648618388315789, -0.05620998419145388, -0.05597322109047241, -0.05570717827319383, -0.0556753737293813, -0.05558805684727474, -0.055518902633629394, -0.05558927331761953, -0.05554570848554838, -0.055752976101538995, -0.05566875921594953, -0.0557978175374938, -0.05553157768965638, -0.05571556170763125, -0.05565261491406906, -0.055610932105214124, -0.0556196150623694, -0.055525417014824545, -0.055541374762530495, -0.05544455133432108, -0.05560319974891799, -0.05544210712122379, -0.055467781101503, -0.055377625176170404, -0.05547762545342155, -0.05533853129489521, -0.055321778321307497, -0.055399781698758185, -0.05536059702055256, -0.055377494985552375, -0.055331620144552805, -0.05540502825785421, -0.05538416880614272, -0.05540041346308678, -0.05532948003668228, -0.055201163676111865, -0.055406167804868005, -0.05546690779296927, -0.05526360946662408, -0.05535132702450889, -0.05543396180774979, -0.055389822405584266, -0.05543851352084942, -0.055383249998793245, -0.05533719189050576, -0.05539118392997827, -0.055337934489267306, -0.0553283841348609, -0.05531110600691262, -0.055338294701528394, -0.055392308634439474, -0.05522079508927753, -0.055380174899263716, -0.05535222727959067, -0.05543082194246583, -0.055342513498837884, -0.05536173828140831, -0.055269948591483764, -0.055398841047883285, -0.0553835235403153, -0.05527292611613785, -0.055343545603730504, -0.055270309285146424, -0.05538739545468409, -0.055428986772828474, -0.055378318043912654, -0.05531152328502251, -0.05534605191625075, -0.05545751244083504, -0.055256253083184284, -0.055345232022846774, -0.05538644997732412, -0.05528204138107479, -0.055394272841938895, -0.05534278892877274, -0.05531620912143397, -0.05537971776993791, -0.05532048719087917, -0.05535451573078311, -0.0552473680876537, -0.05533684845169036, -0.055377401968028754, -0.05537153546157942, -0.05518581154260492, -0.055347613230065956, -0.05519956439567287, -0.05534078942635942, -0.05530282079562925, -0.05535247599572732, -0.05528755783525332, -0.05542138768910888, -0.05527683116975361, -0.05536585790143116, -0.055458540052280875, -0.055342266933643774, -0.055462169635914396, -0.05527576928739226], "classifier_loss": [0.07823968688203514, 0.08127373157768371, 0.08178498357592182, 0.08206344261643762, 0.08211924436505531, 0.08215121604111927, 0.08221460429582239, 0.0822959758012879, 0.08243364014113237, 0.08237562686078277, 0.08229380074980053, 0.08251116657450801, 0.08237199363455594, 0.08238202571676861, 0.08234475835529405, 0.08244847378676645, 0.08239632200951845, 0.08201360617879429, 0.08227877993720431, 0.08229949537808755, 0.08237121195532492, 0.0823578908425998, 0.08234640560897459, 0.08227287283566254, 0.08221753276567076, 0.08229307402084225, 0.08245723317065078, 0.08237612603904011, 0.08239102056086052, 0.08222839027939637, 0.08228579017261788, 0.08237365942861918, 0.08213156834376532, 0.082264715989848, 0.08219958820551647, 0.08232295455660461, 0.08231891444518964, 0.0823704253841208, 0.08194677923104676, 0.08240226307194254, 0.08219866157858104, 0.08253944623508079, 0.08217891207664044, 0.08213726163865687, 0.08232607506208102, 0.08214418238500056, 0.08253016456840058, 0.08233926218658119, 0.08217748372285065, 0.08219999938032953, 0.08221710763057159, 0.08231709455593918, 0.082330559295161, 0.08217696246843158, 0.08213090248120929, 0.0821713861680657, 0.08201032760218765, 0.08197555238702246, 0.08218746414000588, 0.0822754028724033, 0.08210341312012624, 0.08198470205780442, 0.08223872052900003, 0.0821261189147773, 0.08195490866130033, 0.08231976301969159, 0.08202404299540926, 0.08185411550085923, 0.08218937029923305, 0.08198008359440047, 0.08224912952563271, 0.08194893188389975, 0.08202560216489341, 0.08224248890532322, 0.08215836143482368, 0.08214067460990378, 0.0819782022003482, 0.08222642842830608, 0.08213578739619694, 0.08177504184708256, 0.08210327891307094, 0.08201875833180812, 0.08237956482691086, 0.08230161258273809, 0.08199172364231347, 0.08195206040406096, 0.08219192436524088, 0.08216579900070543, 0.08199737267182299, 0.08200652596470046, 0.08201614045140357, 0.0818341499194274, 0.08220785741774994, 0.08221165993788974, 0.08199359404750015, 0.08218516200608116, 0.08191700625490067, 0.08216894598745463, 0.08216571678258461, 0.08202302876569062], "val_adversary_loss": [-0.06135602155201029, -0.0577949465342225, -0.05744212212886744, -0.05682478704257258, -0.056608418877045846, -0.05652073280303858, -0.05634659961587369, -0.0563529281014379, -0.05598586839603819, -0.05634942279395024, -0.05611450779365389, -0.05667542274957239, -0.05647058368452271, -0.05638174396265342, -0.056513904811812864, -0.056392968992251026, -0.05570657211302649, -0.055838254836460016, -0.05633790516183494, -0.05619258901384093, -0.05596583903827803, -0.056004858728271614, -0.05646186561586343, -0.05585390003939788, -0.055724816451784065, -0.0563365217984469, -0.05593620231647785, -0.0557693224366856, -0.0562177044976752, -0.05620574252526858, -0.056233792214613415, -0.055766365550145976, -0.05582368696023533, -0.05596708022324701, -0.05598639235841468, -0.05593070133654978, -0.05611907142890527, -0.055520430732131275, -0.055957326871418835, -0.05607096466688953, -0.05594638622235632, -0.05561200717253618, -0.056038089579768025, -0.056087420447981685, -0.05604158901770178, -0.05615550469412065, -0.055894409450192424, -0.05589854719361389, -0.05602054390986778, -0.05606275029238022, -0.05618599178453627, -0.055712851135509306, -0.05619247581109982, -0.05565627951640045, -0.05582180027790441, -0.05616296386528582, -0.05602891422801748, -0.05588340237640767, -0.056029040390602185, -0.055642214187852104, -0.05604840389793813, -0.05606480305127755, -0.05570044576029125, -0.05625295534245596, -0.05610547896733505, -0.05602839262817315, -0.055846067457467403, -0.055794352839545654, -0.05607379135236233, -0.05579973882447315, -0.05599434011488163, -0.056020281999766414, -0.05566886637556373, -0.055853943524926536, -0.05590511881779369, -0.0560996987457644, -0.056069038903516076, -0.05598514908015366, -0.05589919324432442, -0.05607326977454167, -0.056095883162006394, -0.05567628454519722, -0.05592915517197018, -0.05611241278027432, -0.05588093736596284, -0.055795800890487524, -0.055819611077872436, -0.055443529871851374, -0.0557853168009544, -0.05566434898973933, -0.05603920792602862, -0.05586053103398596, -0.05572333958038964, -0.05597616049773328, -0.056066581757233024, -0.056209091930023776, -0.05587955537589059, -0.055973715676543724, -0.05571576637245257, -0.05577782793278842],