{"loss": [-0.042226823937213304, -0.04885681687448433, -0.048335350719462676, -0.04905618062716393, -0.04898865446234809, -0.04882022845266909, -0.048650698700295446, -0.048994746703337776, -0.04905282397729932, -0.049030961223675985, -0.04905167388951642, -0.049059812703465426, -0.04907653231910365, -0.049044006960372706, -0.04907406927759819, -0.04909306722553375, -0.04906985904554334, -0.04908945723758309, -0.04903771205088362, -0.049077612798413495, -0.0490728253064211, -0.049073279715003, -0.049072040704719225, -0.04908163708465787, -0.049085249691267194, -0.04908376479902837, -0.049084086902205365, -0.049073878984187976, -0.04906620235984018, -0.0490953675478762, -0.04906943556818679, -0.049075413672686766, -0.04908404692383675, -0.04907562619160373, -0.049077025088894125, -0.049086966978157974, -0.049083799456325565, -0.049081984012892245, -0.04908343976799216, -0.04908183778843984, -0.04908640839579488, -0.049087155157393515, -0.04908553463955078, -0.049088245098792394, -0.049083268726314286, -0.049096332658341596, -0.04907428445477434, -0.04910034096162024, -0.04908662347797702, -0.04908265609070673, -0.049088967179342066, -0.049088939468247716, -0.04909210471608644, -0.049084576842004096, -0.049088156123300045, -0.04908968078370919, -0.049092361976889626, -0.049090945033565855, -0.04910234159185686, -0.049089317504116596, -0.049092338566848366, -0.04909068230798161, -0.04909830651218108, -0.04909003213196551, -0.049093925409271225, -0.04908954144267742, -0.049096770971233876, -0.04909440790014206, -0.04910163505058376, -0.049098930539463334, -0.04910138770927242, -0.04909825834098081, -0.049105143498423036, -0.049085626125900825, -0.049105870391934675, -0.04910128183805715, -0.04911014479843154, -0.049106746593743006, -0.0491009706118711, -0.049099785221892185, -0.049112073867355374, -0.04911629792635246, -0.049114298580102814, -0.04910750132826329, -0.049114841243123666, -0.049109091521294515, -0.049112470069690606, -0.04912265416023493, -0.049105325474295095, -0.04911543648013417, -0.04910984592554275, -0.04911113006642242, -0.04910119089930286, -0.04910489038745674, -0.049111693726747306, -0.04911153481294213, -0.04910768829381788, -0.04911661547845181, -0.049111620679711976, -0.0491046405801199], "classifier_loss": [0.14796220262591, 0.15021592569737535, 0.17311448762634254, 0.13595985011494252, 0.11983292061473153, 0.13809310186107376, 0.13978495294175075, 0.12223514525888624, 0.12088646172313536, 0.1170779789140092, 0.1160424678817942, 0.11134099542911013, 0.11041845922506473, 0.11094149491543412, 0.10874137871387951, 0.1101113990029191, 0.11031204723532137, 0.10807307668552292, 0.11141689444455989, 0.1103114032009536, 0.10990690814951039, 0.10911661539970968, 0.1107620123174503, 0.1090471230853308, 0.10874720671425926, 0.10908149501015663, 0.10801246311958053, 0.10850214902191249, 0.10804583087332949, 0.10793397628553457, 0.10900182299565674, 0.10814152257162603, 0.10763337543414665, 0.10756476856800674, 0.10781176061779932, 0.10711514049595365, 0.10760510468021862, 0.10677577157418763, 0.10668686892579415, 0.10653368851817913, 0.10658329257456546, 0.10661371199918042, 0.10649786339574206, 0.10623050556363474, 0.10665306869494529, 0.10620817470844467, 0.10710404891987874, 0.10612845368653098, 0.10588895999681135, 0.10619034572138296, 0.10610803541551685, 0.10677807802032004, 0.1062235516566844, 0.10605359863089195, 0.10578260712748287, 0.1058939975597719, 0.10571634896461915, 0.10593712239027489, 0.10530398555816367, 0.10602343464393361, 0.10567953361730381, 0.1059071204471043, 0.10577020565475173, 0.10585407641616532, 0.10538509985622382, 0.10567008270751155, 0.10566162411827175, 0.1056236792668724, 0.10513518353167693, 0.10551063562494241, 0.1053761452335099, 0.10513199861564948, 0.10501458983638046, 0.10602487748637371, 0.1049863816174843, 0.10505450348372168, 0.10533809152586068, 0.10499049400931329, 0.10525946273547286, 0.10515317829223694, 0.1044810263709926, 0.10455554709829414, 0.10490336221828796, 0.1046150536475509, 0.10499059271846017, 0.10503488343277685, 0.10451101268371761, 0.10462016420905992, 0.10552132087888626, 0.10472224751209691, 0.10457954285045873, 0.10521480523163884, 0.10562317995897501, 0.10498233752868544, 0.10491127531693213, 0.10421358877345543, 0.10482631189557562, 0.1043860134251532, 0.10460003955063675, 0.10470195247449676], "val_adversary_loss": [-0.04869963251366841, -0.050693886054134614, -0.05024347834101363, -0.049555437517241445, -0.04939667557650976, -0.045043807350991394, -0.04955010045446097, -0.0496119860775086, -0.04899025738966516, -0.050001744296016094, -0.049312941164419, -0.0495461524187442, -0.04919611923950127, -0.04954803020851812, -0.04953060085640889, -0.049795123470757194, -0.049535768473934365, -0.04964797695375016, -0.04917393572359226, -0.04933690871362813, -0.04945352746438952, -0.04947609309193367, -0.049701752124564444, -0.04963638995691261, -0.04944753802038545, -0.04953267977836128, -0.04960698186932745, -0.04962999230695066, -0.04949835055113682, -0.04976909260517154, -0.049744896618510184, -0.04959105276755445, -0.04949902986836327, -0.04945283641618265, -0.04952861919031866, -0.04945957086764935, -0.04951718205204801, -0.04948679700886892, -0.049548647817521004, -0.04956184991538616, -0.049542704518586486, -0.04946961905645705, -0.0496290124340497, -0.04952287579604604, -0.04949320522976808, -0.049443208215436206, -0.049577288852137455, -0.04949215702457192, -0.04952250414663216, -0.049565517798155476, -0.04961663447706035, -0.049540618298585706, -0.049503874739729656, -0.04949428030594788, -0.04955662159482941, -0.04959137882127131, -0.04956542197209454, -0.04955049336185957, -0.04959599218081242, -0.049521943047526724, -0.049468120696275625, -0.04954142951805576, -0.04953954441171572, -0.04954248949334745, -0.04949716034473879, -0.04955291873176196, -0.04950478105017697, -0.04955484563667682, -0.049614443254412846, -0.04953338788768999, -0.04956351991258368, -0.049582575680968397, -0.04952003948518753, -0.04954533510310118, -0.049570551369986476, -0.04959027484698243, -0.049546767158694514, -0.04960473958576727, -0.04950142371176275, -0.04954661086106593, -0.049558090209596194, -0.04958227365580384, -0.04956094682982022, -0.04957625930985455, -0.04946645854476199, -0.049524159388180854, -0.049524165595794846, -0.04954587603960445, -0.04960298543345004, -0.04958177507181362, -0.04951166418709978, -0.0495674874678578, -0.049572521369015916, -0.04960908962558085, -0.04956186432573196, -0.04955631205912474, -0.04955916493923792, -0.049576289405687694, -0.04956898436585587, -0.0495763778870633],