{"loss": [0.000674284486428888, 1.0276776597271118e-05, -9.526108864662543e-06, -6.945065133641179e-05, -0.00011093857310058622, -9.979938338044342e-05, -9.951650276516372e-05, -0.0001177954687205345, -9.961896558740262e-05, -9.845752137216697e-05, -9.551028596505559e-05, -0.00010262796281640303, -8.528387797979887e-05, -6.520339404055739e-05, -8.444466040594433e-05, -8.055221978428034e-05, -7.75038078550476e-05, -7.264030009508929e-05, -8.403271574341938e-05, -7.555058284595032e-05, -6.514148094440022e-05, -6.465248196859995e-05, -6.709176311511537e-05, -7.029613642276866e-05, -8.297510027145688e-05, -6.480214415112861e-05, -7.756589068290136e-05, -5.930461581858045e-05, -5.8562733646207634e-05, -7.892770366233762e-05, -6.170219565464959e-05, -6.589643092447034e-05, -6.182578392240346e-05, -5.877104349089357e-05, -6.26992765106539e-05, -7.360079624643509e-05, -5.488593896949011e-05, -8.15019723434966e-05, -5.505530328344188e-05, -5.910281313399789e-05, -6.615196277752796e-05, -6.494504665311716e-05, -6.551955261443808e-05, -5.791291840891306e-05, -5.784121154696702e-05, -6.250143458073941e-05, -4.427996944387366e-05, -7.925013426202926e-05, -5.764172695498229e-05, -6.10677549222502e-05, -6.403595575117699e-05, -6.395432616401945e-05, -6.292827839314868e-05, -6.077466846922251e-05, -6.43637000962691e-05, -4.075843990024986e-05, -5.716881075066622e-05, -8.869950136626202e-05, -4.697371370289765e-05, -5.933969924552357e-05, -5.2073493888329865e-05, -5.8977625898917345e-05, -6.145449630053765e-05, -5.8003501545504604e-05, -5.026483735845694e-05, -5.606018274995223e-05, -5.938034208423628e-05, -5.7460284661754335e-05, -4.5495391715299226e-05, -7.853465204833547e-05, -3.8745398494225196e-05, -6.266615746242278e-05, -5.3605123218651055e-05, -7.058187990594576e-05, -4.721184542732809e-05, -4.5716541085190746e-05, -6.381177833364199e-05, -5.3749575346380926e-05, -4.819747469327329e-05, -4.566478562830684e-05, -4.151329355433074e-05, -4.995727602199659e-05, -6.676288428575173e-05, -4.03059555041774e-05, -6.570754731401496e-05, -5.2120199839586444e-05, -6.112117913170567e-05, -4.0367432233741774e-05, -5.092974094476344e-05, -6.633111280562904e-05, -5.1390650200565813e-05, -6.668143565844809e-05, -5.277282056186567e-05, -6.759313488888128e-05, -6.514430271170112e-05, -5.104055332279504e-05, -5.002909371011577e-05, -5.8681233181738535e-05, -5.073557119833839e-05, -5.548850004618636e-05, -5.9199848602706185e-05], "classifier_loss": [0.07406566432538698, 0.07755757139885894, 0.07679411991585662, 0.07632288940309828, 0.07621056543525556, 0.0759725431223106, 0.07583053096409983, 0.0759224748232998, 0.07581048822782853, 0.07556993432995346, 0.0756796484659964, 0.07555510456174352, 0.07560365253719205, 0.07562286070320655, 0.0755267647889351, 0.07538181894429212, 0.0754003933240049, 0.07531877285827719, 0.07522746669618587, 0.07519964375155287, 0.07520681457193971, 0.07514125336176607, 0.07512449768749699, 0.07494487726602896, 0.07517035654879572, 0.07510307622541944, 0.07507706403719402, 0.07514167852833435, 0.07477124854273604, 0.07502969159345502, 0.07496938912453205, 0.07502533479652243, 0.07497556296948908, 0.07484686019364375, 0.07489286006601822, 0.07473075264862197, 0.0747340232343417, 0.07474542124744123, 0.0747930902272367, 0.0746218043893132, 0.07478158551676867, 0.07482838422190444, 0.07469261023242446, 0.07470078833357746, 0.07454839400910668, 0.07451643541016227, 0.07461140186150664, 0.07452759388545294, 0.07443500036184696, 0.07434125728576711, 0.07443205430789986, 0.07440153541947542, 0.07441995409972192, 0.07458478851660774, 0.0742713335258497, 0.07450066596337118, 0.07447788074730122, 0.0742809263880961, 0.07442106320426445, 0.07446003294957021, 0.0742197158724367, 0.07450900357447175, 0.07437849398336076, 0.07412750275089815, 0.07431005147108423, 0.07419207458985573, 0.07438991996281885, 0.07420240660284166, 0.07399355893464397, 0.07420241372609375, 0.07422325779441977, 0.07395271202684707, 0.07396856270719446, 0.07392830167151153, 0.07391425521603447, 0.07402104150560088, 0.07382489298233871, 0.0739669514243907, 0.07414518942070815, 0.07367088223772586, 0.07382456742410692, 0.07405161372454376, 0.07370953828450606, 0.07391213612729777, 0.073852331769771, 0.07379862050683772, 0.07376222902186486, 0.07393971812971323, 0.07372146166119202, 0.07389864805777088, 0.0738840604314536, 0.0735263973310268, 0.07395937286479029, 0.073438996125118, 0.07363700147255361, 0.07367718877819121, 0.07377128716684035, 0.07378491460608463, 0.07367689140733887, 0.0734689068546634, 0.0734651805918109], "val_adversary_loss": [0.000516032800543319, -0.0004612374149107589, -0.00016919506946884403, -0.0001875683804663264, -0.0001643530290687259, -7.598962058413877e-05, -0.00018333621961196976, -0.0001609673290035791, -7.24709613795466e-05, -0.00014925363316968193, -0.0002767632005194953, -0.00018892052426372946, -0.00011581809447782366, -0.00010635536017067293, -0.00017579114274522115, -0.0001698925606703985, -7.448214989186704e-05, -0.00021681587639657128, -0.00018509345247071272, -0.00020243499430404986, -0.0001202635752478392, -0.00016051170628493137, -0.00016930938824186767, -0.00019635565509578182, -0.00014177912524719605, -0.00016379475554859863, -6.601430273065488e-05, -0.00024280593930160047, -0.00014365653594172563, -0.00014068386886297932, -0.00017494276605732747, -0.00013333444809906142, -0.00013928816551720346, -5.8904934701169915e-05, -0.0001617853510239472, -0.00015745371374613782, -0.00014330857824833483, -0.000173702079347097, -0.0001516288952135576, -0.00010535361416313346, -0.000187055816697382, -6.915112921307611e-05, -0.00027105416991696484, -0.00011843106363342723, -6.355795233245675e-05, -0.0002000607930621085, -0.0002245159911267747, -4.9984965849794845e-05, -0.00016676964886166903, -0.00010986318432493577, -3.8493910828585574e-05, -0.00020536824588711383, -0.00013097394967527453, -0.00016950012294603554, -0.00012930199219637035, -0.0001898114263950962, -0.00015289709522226498, -9.258941753146297e-05, -0.0002016930777156655, -0.0002278588176185294, -0.00015122370853306653, -0.00012128594889100394, -0.00014087428580790648, -0.00011846266683612795, -0.00019751890056503516, -0.00010578514240120593, -0.00010179896458331478, -0.0002871428988200813, -0.00015346588228115082, -0.0001902267448993533, -8.505216547988114e-05, -0.0001543043979505738, -8.630495892365938e-05, -9.411938579957036e-05, -0.00012740161144960646, -0.00014126127936348742, -0.00022056962290363446, -8.682352080741842e-05, -0.0002457956624947778, -0.00010386036556012163, -0.0002223500501293557, -0.00013805053189355778, -0.00013487532444711746, -0.00014907993932831547, -7.954115883177193e-05, -0.00015129680463565648, -9.960874907598281e-05, -0.0001727135154968177, -0.00011916242118199772, -0.00010603344994467193, -0.00017973460281132754, -0.00021873433576724408, -0.00015873524322066924, -0.00011406670168770755, -0.00017165961595300825, -6.581699192784937e-05, -0.00013200033219697702, -0.00013820245932501292, -0.00011630919374658724, -0.00018728532227436248, -0.00016128930842243913],