{"loss": [0.0004577852301264536, -6.658340013404688e-05, -0.00011436461757820242, -2.1822461571784695e-05, 1.6849431705054257e-05, -1.8185194552327464e-05, -6.696513013806575e-05, -8.757113996960036e-05, -8.35091474565793e-05, -7.843980942891509e-05, -0.00011010702048480407, -8.327168865872036e-05, -0.00010640371078853231, -9.035861284955353e-05, -8.346228561947215e-05, -0.00010212525160450886, -7.829064840224522e-05, -9.230601218456688e-05, -6.260797159977563e-05, -0.00010105594950334902, -9.714359787101466e-05, -6.413271399643385e-05, -6.135487151662914e-05, -0.00010114524422615318, -8.998087785187111e-05, -8.877837576928426e-05, -9.190293409623363e-05, -8.149167518544219e-05, -7.874792066628177e-05, -6.636508804189562e-05, -8.578879864528573e-05, -9.169536200624952e-05, -8.490589565177651e-05, -6.811975186444805e-05, -8.717672870204672e-05, -7.379541231218585e-05, -6.971895523584383e-05, -8.74343258293898e-05, -8.046101323660737e-05, -7.3983181698501e-05, -7.348097862845926e-05, -7.196849162973407e-05, -7.45060825386099e-05, -6.008724471047876e-05, -7.684646304179817e-05, -4.949209420653921e-05, -8.819818906592027e-05, -6.120100933465715e-05, -7.495668965278173e-05, -8.172059216399667e-05, -7.634860439296362e-05, -8.042165827425286e-05, -7.32228180682261e-05, -8.646999520706266e-05, -5.310257884692555e-05, -7.71895439002682e-05, -7.469596002830097e-05, -7.794436376211021e-05, -7.398789356207093e-05, -8.457682419052182e-05, -7.67405464671715e-05, -6.760583899663061e-05, -6.045274420147628e-05, -7.784354461134237e-05, -6.771569921403912e-05, -6.775791411539603e-05, -6.788809622612327e-05, -7.852679776358714e-05, -7.025288692479651e-05, -5.6749073388515664e-05, -7.377445577623578e-05, -6.839416232527289e-05, -5.835182037914467e-05, -8.363469850352354e-05, -7.40544713201314e-05, -5.700579752950235e-05, -6.665098813545621e-05, -7.453155152011158e-05, -5.739468461357431e-05, -6.93271708733601e-05, -6.938051260602221e-05, -5.941042574854184e-05, -6.320877561018962e-05, -8.254995610334078e-05, -4.9020075779588945e-05, -6.255716924620855e-05, -8.34458662923791e-05, -6.95291677927772e-05, -5.857557046056427e-05, -6.359741212043681e-05, -7.523053716414868e-05, -7.066532246035262e-05, -7.438850853438847e-05, -6.977019199123731e-05, -6.277539051918022e-05, -7.412221091728516e-05, -6.935600302143219e-05, -6.763124313703186e-05, -3.5908492069231243e-05, -7.68098190543578e-05, -4.279594756732423e-05], "classifier_loss": [0.07416864110625862, 0.07562098914058797, 0.07627861601445346, 0.07623872657937338, 0.07656254101734546, 0.07587343014930586, 0.07601098773729704, 0.07587011483207366, 0.07593851947190068, 0.075894065421154, 0.0756767032723801, 0.07577389368305365, 0.0756066101484794, 0.0756020274478064, 0.07578898380717457, 0.07556309358464666, 0.07554836933532774, 0.07554125735236543, 0.07553789095401112, 0.07557552955352796, 0.07544890819304541, 0.07565770391620324, 0.0753916919133538, 0.07516776341067986, 0.07527727414996556, 0.07514906682323806, 0.07541121454787636, 0.07529199444148404, 0.07527149704662753, 0.07508760815232646, 0.07518014245608569, 0.07497968532704583, 0.07510545657621548, 0.07505747778839746, 0.0750582804866926, 0.07515437133212166, 0.07505235635028726, 0.0750732715617632, 0.07498145464306652, 0.0751550120258212, 0.07508918577492331, 0.0749417551468898, 0.07490272957070515, 0.07480765803162984, 0.07477713781996984, 0.07481896001162434, 0.07473726228357423, 0.07482930757890927, 0.07461623606690476, 0.07455152801943911, 0.07454600035121611, 0.07461788517133848, 0.07479030738413794, 0.07464237608625078, 0.07463137015851444, 0.0742177372334955, 0.0745081458630141, 0.07457784749765149, 0.07451996558960453, 0.07477502330297987, 0.07440966737386143, 0.07456582598173689, 0.07457103353515744, 0.07446937609912085, 0.07436650103325118, 0.07449814592232598, 0.07429166765772231, 0.07423400370421632, 0.0744163131130453, 0.07426022764863109, 0.07430434420364179, 0.07424892073926882, 0.07425269865314571, 0.07436644922439314, 0.0741050759966315, 0.07426451754001334, 0.07420729631002392, 0.07431964556557977, 0.0740322728895917, 0.07408715192399452, 0.07402647040532902, 0.07409659277452882, 0.07398225653437107, 0.07416388443190115, 0.07387420869778041, 0.07421440542355864, 0.07394907795828926, 0.07389533896594508, 0.07421615056705749, 0.07390379850691575, 0.07376565227338332, 0.0737919360624702, 0.07381786005970885, 0.07381029396579093, 0.07387622669856957, 0.0736508755162273, 0.07394339477035504, 0.07363362698124708, 0.07350325975183418, 0.07388655784915832, 0.07388300171119598], "val_adversary_loss": [0.00034456909400549536, -0.00022007677308491397, -0.000652909547339204, -0.00027030494035824805, 6.587070719499446e-06, -0.00016304643378224745, 7.203920778946103e-05, -0.0002690581007361344, -0.00010992769237931442, -0.0002099296134810716, -9.010513543007725e-05, -0.0001321961384989969, -4.78304058782462e-05, -0.0001989226922855056, -0.00015887760323141914, -4.177239735632173e-05, -0.00017962653598478184, -0.00015248572735327107, -0.00017586218351406006, -7.772617018489308e-05, -0.00026036968072174014, -0.00013965482680064085, -8.291925734207984e-05, -8.119565463235689e-05, -0.00023854691939062246, -0.00020171083389307383, -0.00012521211105260763, -9.36932347761488e-05, -0.0001261063233459807, -9.562981862417447e-05, -0.00013194253625731518, -0.0001463779241062088, -0.00014325030531429968, -0.00011660507093247554, -0.00012558237039638227, 0.0001878926904757163, -0.00013106702959096183, -0.00022660333489527438, -9.781486959253777e-05, -0.000104152443742255, -0.00015595817188065274, -9.723550399530092e-05, -0.0001348458822389996, -0.00019181717957542823, 0.0001871356925523305, -0.0001982900413920063, -8.726912989959382e-06, -0.00010022892305811287, -0.000224755687368229, -0.00019729553676357844, -8.601354453228204e-05, -6.932216252788472e-05, -0.00012185221956834465, -0.00018382387573426828, -0.00021740715205105689, -0.0002210609612621857, -0.00017235662697969242, -0.00011214234373715475, -0.0001525439922082546, -0.0001715446408659647, -0.00010774714425538514, -0.0001582041859573413, -0.00022114046498807516, -8.257188218765593e-05, -0.00017555219750154313, -0.00012318623355440862, -0.00016392663070504128, -0.00022224797089505211, -9.211546419006014e-05, -0.00014514309963892442, -7.358656662890254e-05, -0.00022243853265790632, -0.00011429485886412308, -2.808326290205123e-05, -0.0001918471844619747, -0.00012970529514359756, -0.00027843091738780654, -0.00016660800726911917, 2.7094227761255496e-05, -0.00015591521400419307, -0.00021419904093681913, -0.00017982130805081322, -0.00022944472755011955, -0.00019922270911963157, -0.0002243409385804737, -0.00016148725760974382, -0.00012728858613890584, -0.00011605660100020677, -0.00014792033783811545, -2.0096961970463335e-05, -6.261767675183125e-05, -0.0001861309766206876, -8.688225382919207e-05, -5.287578869020778e-05, -0.00013811587116565658, -0.00017772812048349955, -4.8349985607857015e-05, -0.00011443209948473624, -0.00021831552299624168, -0.0001334089725909333, -0.00016695906127335236],