{"loss": [0.0004319232255179778, -0.0002691513069521884, -1.7048766011472132e-05, -0.00020655490614835876, -0.00018299091454202637, 0.00010316894438512818, -0.00013013015981549743, -0.00011971436842403664, -7.153540073047285e-05, -9.796774146700012e-05, -8.90957290636308e-05, -9.587221063596507e-05, -9.137279688582545e-05, -8.901019289787778e-05, -0.00011408438471648877, -8.796855480982911e-05, 5.995315776908312e-05, -0.0001244344198185033, -9.021521757174478e-05, -9.725537945439136e-05, -9.799823296430635e-05, -8.368112578915709e-05, -9.8307910069727e-05, -7.259631202989741e-05, -9.476885892824035e-05, -7.98411972612095e-05, -6.999571830900685e-05, -9.80043894846139e-05, -7.628239860631022e-05, -0.00010032517468358697, -7.263833777234753e-05, -8.168150858841037e-05, -8.710411894865609e-05, -8.0718494282411e-05, -9.833377293654049e-05, -7.381607339820606e-05, -7.569987078558128e-05, -8.898826025347077e-05, -6.126540539682953e-05, -5.3291436229546946e-05, -9.154572858961241e-05, -6.835822303962319e-05, -5.579274428619334e-05, -5.430777042101461e-05, -5.685134477827697e-05, -7.995033144752781e-05, -5.672598539037042e-05, -7.886942864220053e-05, -8.270498565243531e-05, -7.581950326590185e-05, -7.591201848853944e-05, -8.032402512742255e-05, -6.652801192526145e-05, -5.695358602610701e-05, -7.134904013106198e-05, -8.049839107535283e-05, -6.490816112923078e-05, -5.3504501346140385e-05, -8.0198428234906e-05, -5.400334361593814e-05, -7.674152587851175e-05, -7.52687502304088e-05, -6.377744713444733e-05, -7.255392114009738e-05, -6.447781241274425e-05, -7.512029597949151e-05, -5.82560397628091e-05, -6.0103492015868345e-05, -6.359814528041306e-05, -8.590275730237514e-05, -6.566502315465453e-05, -7.06818479697129e-05, -6.511197392828807e-05, -7.280999271510486e-05, -5.3121445095491024e-05, -8.198005076654975e-05, -4.8919841263927976e-05, -7.542598339230687e-05, -6.719680554532196e-05, -6.901142342264878e-05, -7.340378402351239e-05, -4.2734360342412865e-05, -7.205210063567427e-05, -6.970192889154597e-05, -6.0895887235724226e-05, -5.7386390401709356e-05, -7.085631177867635e-05, -7.001189407578664e-05, -6.609959712463575e-05, -6.559627703270598e-05, -6.0209906988712066e-05, -5.8635634255740204e-05, -6.016811679856339e-05, -6.647279502281293e-05, -5.257958868647462e-05, -6.155290272070623e-05, -6.24222481668762e-05, -7.66385875971671e-05, -7.819618643628252e-05, -5.30835250243124e-05, -2.9971211449041244e-05], "classifier_loss": [0.07404827758365838, 0.07981547975170823, 0.07785617545084522, 0.07636962616549202, 0.07675226222315827, 0.07621461420133524, 0.07555745824263929, 0.07574246322912019, 0.07573748118163819, 0.0758560068551874, 0.07570037418845528, 0.07553071626304136, 0.0754534953952096, 0.07531344503539379, 0.07549254718278149, 0.07544561136440361, 0.07535575208166287, 0.0752542054213975, 0.07517382639703654, 0.07532084422538188, 0.07497959412245507, 0.07523987317171892, 0.0750374577034431, 0.07527697441550361, 0.07502327992121802, 0.07501841730410287, 0.07513804600836028, 0.07490181103509647, 0.07502496185081509, 0.0749058980421164, 0.07487203323739552, 0.07492353340210953, 0.07481913447439789, 0.07497379171415373, 0.07472066026263918, 0.07489736752631938, 0.07493943604512207, 0.07483937241214861, 0.07491935429026939, 0.0747145618362918, 0.07470186547909151, 0.07466557173382699, 0.0746359299294704, 0.07467427238272127, 0.07472674607048164, 0.07485168102146603, 0.07463112935320514, 0.07431351420835437, 0.07449136733581867, 0.07449907813942226, 0.07440757613688491, 0.07464315743419185, 0.07427961834697122, 0.07461628846619076, 0.07446715322609151, 0.07452691143092503, 0.07441513320596543, 0.07444075151157988, 0.07405951991756367, 0.07434487400777813, 0.07414384270901744, 0.0743491007112862, 0.0742111932984056, 0.07431458114390423, 0.07452511060399061, 0.07412054954123654, 0.07417079654190398, 0.07435414478573511, 0.07421109686711226, 0.07389263121763273, 0.07429843698169425, 0.07394744654052089, 0.07406601737861915, 0.07408952420789383, 0.0741058109171678, 0.07411809254101062, 0.07426473316697486, 0.07402521643579703, 0.07405579016416472, 0.07416550322383865, 0.0741384249665495, 0.07403348759693403, 0.07393322355160577, 0.07397684682549877, 0.07396194661166933, 0.07383667450029928, 0.07381123994132488, 0.0739097146919291, 0.07382042400844797, 0.07366043183684201, 0.07379574826326045, 0.07365821936739367, 0.07379970088896798, 0.07377470478845335, 0.07388925037867275, 0.07365888254926381, 0.07376014074549887, 0.07353060957789351, 0.07359083465077439, 0.0737743994826763, 0.0737782991837409], "val_adversary_loss": [0.0004536087901379109, 0.0016003452905626195, -0.0002771149011710708, -0.0002696487572591699, 0.0008151355062210617, -4.8266836565861657e-05, -0.0002195911597464384, -9.6064085896556e-05, 8.748014105356512e-05, -7.163717027909943e-05, -0.00013602102206070014, -0.00027242174903586666, -4.574539640253255e-05, 0.0001364036324823183, -3.50543842422893e-05, -0.0008798652449955874, -0.00022956774121357583, -5.135064600383612e-05, -0.00015367694232402146, -0.00013241126548688118, -0.00022297529070468687, -6.0715340913900934e-05, -0.00021917232628061755, -5.877786632994597e-05, -4.466094858685008e-05, 0.0001526202126020132, -0.00024325335808427309, -0.00015792341510363118, -0.00013699942691364352, -0.0003020263139946162, -0.00017225383958090958, -4.160409331451547e-05, -0.00021047269697046405, -0.00019175226278365427, 4.485872110644609e-05, -0.00017956618815597608, -9.668459257112133e-05, -0.00020218832072519871, 5.117410221483585e-05, -0.00011572716357498873, -3.627637012711375e-05, -6.393097807796449e-05, 1.8016466491324212e-05, -8.157814885050665e-05, -0.00023159372192244957, 8.939050969165287e-06, -9.263988309341344e-05, -9.086073534332416e-05, -5.037222592888392e-05, -0.00017101273038095448, -0.0001147515269420818, -8.29131426731913e-05, -7.320931741695017e-05, -0.00017578780320484227, -0.00018379697006712747, -0.00019081186399416987, -5.326885270684069e-05, -0.00018919983599419683, -0.00010625688575283513, -0.00021274044706035006, -0.00016870053675513828, -0.00016942282867750668, -0.00015357657218498762, -0.00013208755540124805, -0.00021529106406835736, 0.00010888993195953814, -0.00016537304976521548, -0.00011561174681592932, -0.00010549735070425819, -0.00010893895163502448, -4.158648742835867e-05, -0.00015132035551128944, -0.00014323570142038506, 4.980968207428117e-06, -0.00020128338977456884, -0.0001881095304096441, -0.00014711721872370293, -0.00015644181228280236, -0.00018613702129362117, -0.0002515290278595828, -0.00016263811568637823, -0.00018628494585226928, -0.0001742748087226837, -0.0001613571768866104, -0.00013250961220659128, -0.00019194762467058748, -0.00016676109015420124, -0.0002043465612703102, -3.498103006965515e-05, -0.00014405343631892302, -0.00012257205475048227, -0.00020165314542465695, -0.0001094860643278804, -8.496531175382353e-05, -0.0001053600103712957, -7.175666747663513e-05, -0.0002515205801724297, -0.0002533869471914493, -1.9596982699266376e-05, -0.00025264302216985757, -0.00010539564486877499],