{"loss": [3.829555209823802e-05, 0.00029222014115035463, -0.00015843883350613347, -0.00010546318266402769, -9.509994567364979e-05, -0.00011314799677184893, -0.00010976203846445604, -0.00010055813419201088, -9.734761255882609e-05, -0.00010777093819741205, -7.519561515884246e-05, -8.841302715860114e-05, -9.291620504568599e-05, -9.929252748822165e-05, -7.993091310000059e-05, -9.48034895417262e-05, -7.548541772711532e-05, -0.0001025991335109372, -7.687317588645042e-05, -9.171269077413653e-05, -8.753196851348053e-05, -6.896032897176482e-05, -6.783977645552711e-05, -8.353505764387144e-05, -7.476844620721713e-05, -7.931164100186877e-05, -6.806149195753065e-05, -8.535538494090875e-05, -7.490699213552217e-05, -8.398061119191635e-05, -6.910180256770574e-05, -8.277894245147623e-05, -6.274470501368827e-05, -8.920112600892855e-05, -5.049640943780047e-05, -8.15677398076313e-05, -6.479718430804285e-05, -7.925442252298068e-05, -7.08516487327379e-05, -8.286278979692025e-05, -6.3502177079148e-05, -7.085887210776508e-05, -7.4964999401519e-05, -7.271141266413247e-05, -7.335727206850336e-05, -5.797109343774526e-05, -7.268056799317767e-05, -6.0591440539988166e-05, -7.11935848179767e-05, -5.710345066911046e-05, -7.172247723164758e-05, -5.904311461295648e-05, -7.723468545365464e-05, -6.933349691007633e-05, -7.051059929704367e-05, -6.46245000666606e-05, -6.121547502720326e-05, -7.461138667386065e-05, -6.093305461615292e-05, -6.493898869041535e-05, -5.199593065029553e-05, -6.864562462120763e-05, -6.95887560100364e-05, -5.917739936812302e-05, -7.174907861037325e-05, -7.261000601760627e-05, -6.32159079568781e-05, -6.083755812817543e-05, -7.485536532757052e-05, -7.357770142545852e-05, -6.887794265447006e-05, -7.635690092722047e-05, -6.945284594000945e-05, -6.731209495710084e-05, -5.957564173510345e-05, -6.844762948142127e-05, -6.146033023491068e-05, -6.478191945609072e-05, -5.892885537366922e-05, -6.831514247113839e-05, -5.241793652800765e-05, -6.180418607867678e-05, -6.1682733949045e-05, -6.56233813662903e-05, -6.591836960581507e-05, -5.0784377376494454e-05, -6.046354969437794e-05, -6.51119087958579e-05, -5.863521968697963e-05, -6.464106575987776e-05, -6.366823703442989e-05, -5.682048540568023e-05, -6.31588358981742e-05, -6.485632638841178e-05, -6.502650412883001e-05, -4.3542460503129726e-05, -6.356014854677477e-05, -6.739467103475783e-05, -4.8617860556818336e-05, -6.297836880123635e-05, -6.279800125316294e-05], "classifier_loss": [0.07423678302020877, 0.07748713190432045, 0.07604893593560973, 0.07623496209453472, 0.07622719699667224, 0.07583291466697897, 0.07576620454316753, 0.0758630730661127, 0.07578422075341243, 0.07565254731202437, 0.07564094435500655, 0.07554469250442634, 0.07557252905386895, 0.07538057345341037, 0.07543822575338463, 0.0753054972119535, 0.07535887867156912, 0.07522091354088202, 0.07539046545539838, 0.07530342328369996, 0.07522388768420406, 0.07522281082886426, 0.0751039147665691, 0.07512878665141827, 0.07511951315898911, 0.07509374744328644, 0.07518703444683164, 0.07521895009040844, 0.07495258523559278, 0.07509018599640728, 0.07488368982677465, 0.07491218522510779, 0.07503915996495812, 0.07492779050691926, 0.075043845989693, 0.07493293654409167, 0.07479416912811655, 0.07511454161729585, 0.07471092158389069, 0.07479852186232325, 0.07468315262227325, 0.07480009737234572, 0.07480625985696289, 0.07482424714351599, 0.07475992924825034, 0.07478809017945715, 0.07460116374356526, 0.07466629399176808, 0.07469661776820088, 0.0745348658427651, 0.07459522190570654, 0.07455682529979858, 0.07469345702131847, 0.07467562872419214, 0.07451888164295717, 0.07459909315182536, 0.07438788557212343, 0.07431262724547419, 0.07446092141791949, 0.07463529519936367, 0.07455675942181941, 0.07430610433214223, 0.07445965181865558, 0.07425446095498082, 0.074482125686942, 0.07435139556543277, 0.07421541892620946, 0.07423578123287336, 0.07423837299231353, 0.074236566898886, 0.07419267219631753, 0.0744172011896458, 0.07412164008060097, 0.07415864565316684, 0.07420293019659342, 0.07428163350198451, 0.07420255382754677, 0.07424864978664336, 0.07420318298789323, 0.07403185683926404, 0.07401872173857175, 0.0741830704394385, 0.07408044433146617, 0.07408303789432903, 0.07388370284702309, 0.07413342033054968, 0.07393383127599429, 0.07410530748516961, 0.07421405859145096, 0.07407522640759885, 0.07402138664496676, 0.0739045303235613, 0.07397401546475751, 0.07383575348917373, 0.07412755088409223, 0.07385362944337182, 0.07380508763863729, 0.07384459638586113, 0.07384016200526186, 0.07387766070929536, 0.0736666187188796], "val_adversary_loss": [-3.18607980987406e-08, -8.934119972331212e-05, -0.00027657113847974637, -0.00017287570456076847, -0.00014759472045163414, -6.82131751468436e-05, -8.312772628036439e-05, -6.519890305300273e-05, -8.359900292698928e-05, -5.7628532174320356e-05, -0.00016992238069733418, -0.00012014014368610644, -0.00019897789076650619, -0.00010307334544265027, -0.0001752666821079662, -0.00018200918538077162, -0.00014093264831367051, -0.0001125110137940856, -0.00016094648709655176, -0.00010165669628350215, -0.00010843576474290827, -0.00014989361225010596, -0.00013238060453433077, -3.3462306526292845e-05, -7.553985002154841e-05, -0.00012243129920348268, -0.00014154739600287413, -0.00011371118324280823, -0.00014659553524514244, -0.00012296495879885984, -0.0001293139856576438, -0.00014257884176226924, -0.00013924479238416434, -0.00013243081562640637, -0.00012727256322867607, -0.0001380079537292565, -9.207225909885773e-05, -0.00012091181863119078, -0.00014831039950212978, -0.00012046124723707777, -0.00015497476605015018, -0.0001050708841951436, -9.222424181621266e-05, -0.0001439451005087467, -0.00013340340911175994, -4.057440279772455e-05, -0.00011244412953734019, -0.0001341652675953481, -0.00014321653080281806, -0.00016767854888175373, -0.00014842321098276382, -0.0001497539788459827, -0.0001322319918388505, -6.860072534492188e-05, -0.00015046797186850364, -7.676003253658964e-05, -0.00014825005901260508, -0.00010148445004102785, -0.0001316703342830124, -7.035677581757383e-06, -0.00015071447286770689, -8.522000050761819e-05, -0.00012449581272576076, -0.0001430495190896008, -3.420317378719298e-05, -0.00010496631807688868, -0.00013372441626093053, -0.00012959134180712975, -4.59829371288835e-05, -0.00011785972648723673, -0.0001259768519520333, -0.0001056863452077585, -0.00012143683253618023, -0.00011689582154874132, -8.722748294364164e-05, -0.0001917918863772605, -0.00013038661562952465, -0.00018205466825032046, -0.00010439450558558215, -0.0002012597116570545, -7.133480030158366e-05, -0.0001453639896126893, -0.00016322199592481206, -0.0001177730798426628, -5.095309775453662e-05, -0.00012129534946001191, -0.0001689840753773598, -4.4558695808431945e-05, -8.982961142777317e-05, -0.00016595160397166455, -0.0001671109603189126, -0.00016947810746578782, -0.00013985692255078975, -4.701058340910706e-05, -4.8084613508673255e-05, -0.0001561010235352494, -6.796351289906559e-05, -0.00010900539606498385, -0.00011479539422057506, -0.00011138873639640826, -0.0001396419547631522],