{"loss": [0.00026970965260571256, 0.00033881306669390955, -0.00011499643911065693, 7.155423529046513e-05, 1.3989419547196103e-05, -0.0002196625524053425, 2.699903543794103e-05, -0.00010249707349248752, -0.00011038575827271391, -0.00010806019969550066, -0.00011696702926748279, -0.00011673198884549568, -0.00011631348870259662, -0.00011447197523869507, -0.00010296086902415903, -0.00010426611010187627, -9.514489302396796e-05, -9.937572713983707e-05, -8.238115730338422e-05, -0.0001081928516816726, -7.096224790682365e-05, -7.708098352343998e-05, -9.042297727662316e-05, -7.35767692178635e-05, -9.252461841854674e-05, -7.611712928392145e-05, -7.919831813584109e-05, -8.914569581675185e-05, -7.642957957641358e-05, -7.364687247591277e-05, -7.957324828472686e-05, -8.081769837041466e-05, -6.848511375864928e-05, -7.13808941454661e-05, -0.00010007490911681853, -8.330926581858698e-05, -6.294373024275966e-05, -8.108591674117631e-05, -7.847728291295408e-05, -8.27932598464037e-05, -8.692548243269495e-05, -8.27450456723969e-05, -5.854811152313243e-05, -7.446983497867468e-05, -7.452945691897608e-05, -6.400700312361709e-05, -8.637917677670632e-05, -7.064695606842834e-05, -6.722972011579466e-05, -8.795776992384043e-05, -8.127361705428079e-05, -6.661080037390768e-05, -7.96241099319612e-05, -6.065918571723082e-05, -6.0610236771221584e-05, -8.77193156223597e-05, -6.355952345422148e-05, -7.125840850770989e-05, -8.880069308049919e-05, -8.021859795151999e-05, -4.556822396582762e-05, -6.481483103885899e-05, -8.286745402475214e-05, -9.699539055819148e-05, -5.1027540972553244e-05, -7.193123008979077e-05, -7.539995232878364e-05, -4.733784474930896e-05, -8.119375739745746e-05, -5.5680661247291164e-05, -5.995821885089314e-05, -5.814060082858904e-05, -6.492223061066534e-05, -6.663604487046027e-05, -6.779972269770109e-05, -6.596749307238934e-05, -7.776062161808551e-05, -6.527815609647676e-05, -7.286125294715813e-05, -6.485309569804675e-05, -6.8633107703202e-05, -6.681489357302494e-05, -7.859763907275354e-05, -6.375066530687223e-05, -7.407796373510098e-05, -6.515675217726818e-05, -5.9912303982753396e-05, -5.722720252798906e-05, -7.746814181215068e-05, -7.083555305372957e-05, -5.331854470404005e-05, -5.9213204957068465e-05, -8.402335502477555e-05, -7.427593656906583e-05, -6.8764186006268e-05, -6.086900421814134e-05, -5.4840052902628645e-05, -7.69383409244456e-05, -5.665648631932887e-05, -6.651328760954801e-05, -7.742561958041003e-05], "classifier_loss": [0.0738877192285446, 0.07793183516922855, 0.07628421638914437, 0.07638939847259721, 0.07581528988956893, 0.07551718779667954, 0.07519019229452739, 0.07531747184557606, 0.07494819365256583, 0.07518779027544974, 0.07498709388281455, 0.07509733482503145, 0.07502649918370533, 0.0750975722581682, 0.07483790272711287, 0.07480961602282235, 0.07475232085755738, 0.07500763481307747, 0.07490631797684405, 0.0748311222269261, 0.07486499432375915, 0.07474954534484131, 0.07493640739203297, 0.07470947094621781, 0.07458598737330033, 0.07475250992062547, 0.07470476787484534, 0.07472809989117425, 0.07459544991097329, 0.07471771138992932, 0.07455543798944601, 0.0744773594370939, 0.07464800576944995, 0.07453438855007437, 0.07434026530110747, 0.0745323138005728, 0.0744831253123086, 0.07451304646282657, 0.07453482953895206, 0.0744368793338022, 0.07430206307959931, 0.07428372791089544, 0.07450424238919558, 0.07453932155563964, 0.07438459496049236, 0.07437834186538286, 0.07434495650583886, 0.07421881256666499, 0.07427362078150808, 0.07415608944432917, 0.07424449011669432, 0.07415856149634148, 0.07406814179199896, 0.07422434882753742, 0.07417907108713771, 0.07414323189819455, 0.07433152696668666, 0.07408299127559764, 0.07407635690508009, 0.07410942038389094, 0.07414141807675324, 0.07410373295524232, 0.07401485258769365, 0.07394794183937205, 0.0742893749827844, 0.0739052578857028, 0.0741627594917147, 0.07421635040988715, 0.07403035777884509, 0.0738595285486839, 0.07392401179289741, 0.07388288873872043, 0.07383899508601402, 0.07393498859549803, 0.07375054811492464, 0.07392654391136765, 0.07370166494856349, 0.07375367399432384, 0.07374143853346563, 0.07364854725179497, 0.0737621457096521, 0.07391038171010496, 0.07356722165973772, 0.07380319582147857, 0.07370502284091818, 0.07356936499271795, 0.07358900163171901, 0.07346038234261246, 0.07343794894908924, 0.07372390364206809, 0.07370162568654381, 0.07367225371846325, 0.07368949466324419, 0.07351993088489432, 0.07350840225180749, 0.07363085268220199, 0.07368722080147092, 0.07344712109013099, 0.07330973073489215, 0.07336800890292845, 0.07342861917268687], "val_adversary_loss": [0.00018383008725924357, -0.0016992686005922967, -0.0009941940368290458, -0.0003926533941842784, -0.00012966968281370148, 0.00020104206324836487, -0.0003647976600320239, -5.601798254423828e-05, 4.32575497942048e-06, -0.0003650388656608674, -0.00011301538885846293, -0.00015212134643961144, -0.00022448364752226466, -0.00016741503240669747, -0.00019400905090687724, -0.00014014379193158014, -0.00013985935636840667, -2.5664570698356123e-05, -0.0002182291768301797, 1.7621119950214068e-05, -0.00018306554220794867, -0.0002513272220042536, -2.2809851492353302e-05, -0.0002207660642646428, -6.301498443745083e-05, -0.00018967375931352767, -0.0001581608564706738, -0.00022252507589326525, -0.00011598127393713034, -0.00012312006760107277, -0.00016331482503944956, -0.00026659339873807844, -3.872627976289303e-05, -0.00020860909999615205, -7.505400754515492e-05, -0.0001829042658681733, -0.00022708031416295143, -0.00024719275182472284, -0.0002147044671794606, -0.00010561486461328102, -0.00021053408031840345, -0.000231112757884333, -0.0001451628870376864, -0.00018675173337198497, 8.233764287186386e-06, -0.00023343907481469296, -0.00023966303552652485, -0.0002504997373721054, -0.00015645886778891153, -0.0001997866267492882, -7.33169221362869e-05, -0.0002231723927111427, -0.00025170758222278907, -1.1098397845758885e-05, -0.0001568286298948871, -0.0001473622479219713, -0.00017433744548718116, -0.0002341652049288585, -0.00024269945295360773, -0.00012844765936692942, -6.346917077917844e-05, -0.0002182473929546849, -0.00022790315842933218, 6.458825854321143e-05, -0.00024273195062685367, -0.00017235064891855552, -0.00018829067186129062, -0.00017335118895286724, -0.00018488089402613023, -0.0002218437483072688, -0.00013459944814003943, -0.00017020603131441854, -0.0001658555950149137, -0.00023272617222605015, -9.280414898314285e-05, -0.00023340307093502264, -0.00018017827410278864, -0.0001203876339657349, -0.0002474556996737848, -3.202132717140018e-05, -0.0002613864138089014, -0.00012567084872795915, -6.61568312748017e-05, -0.00020888447377610938, -0.00019498799182855568, -0.0001360423206757761, -0.00018459994775671065, -0.0001402161965302501, -0.00019982257140478102, -9.454436533218305e-05, -5.944978998960028e-05, -0.0001807734810176229, -0.00018558132287575539, -0.00018857106559583137, -0.00020788594329216483, -5.9469958284803265e-05, -0.00019124208595982725, -0.00017658796558862985, -0.00018526387175688184, -0.000189935867558881, -0.00015309317478595194],