{"loss": [0.09487465192149312, 0.08644542156348294, 0.08488103412697882, 0.08387319701948054, 0.08318393716933832, 0.08304136179138859, 0.08253655118781494, 0.08189116257103916, 0.08187961969176437, 0.0814839901601248, 0.0812757551088474, 0.08118395575774334, 0.0808015130180881, 0.08097845036657714, 0.08070204922960353, 0.08070964106866985, 0.08039178620278355, 0.08023261355090981, 0.08034407121221808, 0.0803565767048636, 0.08014628330961726, 0.08003604927529072, 0.07988990850205387, 0.07989688543780198, 0.07972492766797576, 0.07968623836524909, 0.07970798223368004, 0.07954286552556697, 0.07948958454898852, 0.07948031713417167, 0.07964022248240277, 0.07935253178700218, 0.07924467924732642, 0.07934928484946437, 0.07928871149140711, 0.07910691759466877, 0.07899869248623881, 0.0788979919126893, 0.07906632569374747, 0.07902047862036514, 0.07902995366802372, 0.07895914731576852, 0.07891542141106613, 0.07892332205907153, 0.0787133142252112, 0.07867438989400799, 0.0788237308482266, 0.07878407656162835, 0.07869356615081007, 0.07868540623470442], "val_classifier_loss_3": [0.08615188782771221, 0.08358504301705957, 0.08228040581084049, 0.0821683449457759, 0.08173743820949109, 0.08140056551066764, 0.08169688967090268, 0.08113327960047251, 0.08099336700749055, 0.08150013824964904, 0.08044005101169215, 0.08078128416747903, 0.08072803220233706, 0.08048360819571801, 0.0795710764372969, 0.08027137227985756, 0.08003173916139848, 0.08118661078767168, 0.07992315658643925, 0.0796944544033411, 0.07946197377338211, 0.08027361126483648, 0.08005622616321298, 0.08058062439953372, 0.0794233168530809, 0.079680143033172, 0.07951448860961798, 0.07937131822408809, 0.079652158147711, 0.07955488171094913, 0.08003055903811786, 0.07929153696054535, 0.07928743261323437, 0.07927404514259573, 0.07956547010805506, 0.07978088229849253, 0.07943890205064709, 0.07919611111521059, 0.07910602199925929, 0.0796079303198664, 0.07958346813978608, 0.07943807381137145, 0.07952303936003371, 0.07951409876383814, 0.07907141181109956, 0.0789586460852048, 0.07928052069791161, 0.07917984406522341, 0.07885652859078594, 0.07911651817838737], "val_classifier_loss_2": [0.08545471976064757, 0.08340986222516994, 0.08242978233272692, 0.08253366997407661, 0.08205910454514287, 0.08139784681801693, 0.08205391380642728, 0.08180978487507232, 0.08119534533681695, 0.08135338305580002, 0.08111242368488167, 0.08088775377927468, 0.08077979546317542, 0.08041786227225126, 0.07987053637828916, 0.08041866627895762, 0.08016055244040456, 0.08079646050880177, 0.08008663142039502, 0.08013238468203092, 0.07961594334749333, 0.08011336980903605, 0.08022906429718175, 0.0804169688560918, 0.0797898846452304, 0.08011206731892326, 0.07956246613912588, 0.07956520346498469, 0.08010556097978969, 0.07966961651182901, 0.07980738197024315, 0.07974112536584647, 0.07957076373004805, 0.07957718956234594, 0.07978121093789332, 0.07988121940080277, 0.07975380141277365, 0.07983282196660027, 0.07919489827826742, 0.07936197038151041, 0.07998123637635766, 0.07959569316260072, 0.07947427384116224, 0.07965744982229828, 0.07935932173848073, 0.07915143498008573, 0.07915986858105807, 0.07930461257918993, 0.07924435365520358, 0.07964822168358231], "val_classifier_loss_1": [0.08633412057268774, 0.0833989432100878, 0.08252281898271183, 0.08265644960655574, 0.08210960157510146, 0.08172671957006997, 0.08139393271248227, 0.08130547666331533, 0.08119326733316047, 0.08119774821076146, 0.08061577130906768, 0.08066477370078111, 0.08076467729183026, 0.08036801850067968, 0.07975624824722805, 0.08043055076819494, 0.07994854380135415, 0.08032834362401665, 0.07962193377536864, 0.07995077795770514, 0.07952888113006373, 0.08005275734264404, 0.07996148324380571, 0.08035285273771278, 0.07947003811817606, 0.07971062387961021, 0.07941627286356913, 0.07947057103563457, 0.07984743989937836, 0.0793584945707356, 0.07934393690044891, 0.07939626858697364, 0.07929860334138254, 0.07931086348895475, 0.07982593295393917, 0.07947057333046464, 0.07956292187955337, 0.0794232405155286, 0.07917317140419769, 0.07926559810977299, 0.07958875425115376, 0.07933060117541739, 0.07944515946149557, 0.07910029143835695, 0.07912703060942784, 0.07884955994232, 0.07889191341766585, 0.07923885605196625, 0.07885426395960535, 0.07961313745840709], "classifier_loss_3": [0.0946733294575525, 0.08650843174945497, 0.08496866491707818, 0.08341268473873889, 0.08312896422190857, 0.08264904205970108, 0.08237006991804664, 0.08159801791772954, 0.08169197696431839, 0.08160438084673764, 0.08118047222432047, 0.08092152970261492, 0.08042575750394437, 0.08099272716188785, 0.08055640122745572, 0.08066176490766672, 0.08037014515783837, 0.08003734748206395, 0.08038579456255969, 0.08013059147728933, 0.08002265385523888, 0.0798523576215827, 0.07978873688600889, 0.07973065412410696, 0.07964671137902951, 0.07962290646430538, 0.07964993889299196, 0.07933764018610256, 0.0791696026900373, 0.07945785751303855, 0.07973653643869716, 0.07927843625170396, 0.07890511079655353, 0.07917040128437612, 0.07912590655582893, 0.07918311910260334, 0.0789598528068331, 0.07868405834693624, 0.07895612902098825, 0.07863009265226983, 0.07877055073936182, 0.07898176563826188, 0.07873038625171923, 0.07891214656254114, 0.07857801412999087, 0.07871866800828552, 0.07860843783910589, 0.07862045828637869, 0.07843924985346325, 0.07874873675840502], "classifier_loss_2": [0.09449685412728064, 0.08613966510145209, 0.08439170799959878, 0.08373917000975575, 0.08266399433929186, 0.08266585062217041, 0.08241212960183462, 0.08162165562843739, 0.08167118587704976, 0.08099624788657549, 0.08092035455394765, 0.08114681860091366, 0.08058925956645113, 0.08053683963605747, 0.08027047281448964, 0.08020793242701003, 0.08018636805091903, 0.0801653162858984, 0.07986483467221753, 0.08018182149434942, 0.07972171531063134, 0.07978869838637394, 0.07968910849031054, 0.07956068292599475, 0.07940067658862733, 0.0793946855027465, 0.07936338781396271, 0.0794388069513049, 0.07932952568634116, 0.07922850012522262, 0.07912323736118493, 0.07918884204294928, 0.0789808423339993, 0.07899470250525896, 0.07900160536769919, 0.07868450418862097, 0.07861829450755382, 0.07877831112355395, 0.07884793141968731, 0.07892666854059906, 0.07874863051482554, 0.07849203441016633, 0.07869707824812837, 0.07873511126725954, 0.07825806866618644, 0.0784594571080313, 0.07843492504013293, 0.07857319600700853, 0.07854604702990196, 0.07819878928557261], "classifier_loss_1": [0.095453772463739, 0.08668816768599194, 0.08528272876927974, 0.08446773610744358, 0.08375885248322508, 0.08380919338433396, 0.08282745392264954, 0.08245381435313609, 0.08227569688958007, 0.08185134211755793, 0.08172643897253884, 0.08148351844271491, 0.08138952210772293, 0.08140578395911069, 0.08127927289624291, 0.08125922651441886, 0.08061884544185795, 0.08049517627431677, 0.08078158497300271, 0.08075731656032296, 0.08069448043662404, 0.08046709207900156, 0.08019188051184221, 0.08039931879971478, 0.08012739479819118, 0.08004112415003271, 0.08011061980789995, 0.0798521501620945, 0.07996962525052041, 0.07975459354061805, 0.08006089454480943, 0.07959031686384987, 0.07984808481392984, 0.07988275136251942, 0.07973862278877247, 0.0794531297816893, 0.07941793056190541, 0.07923160618598832, 0.07939491586212327, 0.0795046745309946, 0.07957067926222192, 0.07940364152356615, 0.07931879909695358, 0.07912270941770487, 0.07930386095643616, 0.0788450439782636, 0.07942782870562635, 0.07915857427706773, 0.07909540117449583, 0.07910869314967191],