{"classifier_loss_3": [0.09278055036512894, 0.08546145265938505, 0.08368321961883632, 0.08235220767668337, 0.08160999879219821, 0.08147606485204929, 0.08094602988708938, 0.0807824725930958, 0.08044599260947763, 0.080062484249312, 0.0803171421126234, 0.08012549107843685, 0.0796012523419296, 0.07986118597343403, 0.07934014243431502, 0.07960942080435061, 0.07934863974399342, 0.07929112397105649, 0.07913869524539688, 0.07930123373228275, 0.07916773327064065, 0.07934808800424985, 0.07920701943470249, 0.07909876750176391, 0.0788235242575705, 0.07860065906009674, 0.07886897619392637, 0.07847229039953564, 0.0784719777697584, 0.0787173582018593, 0.07856239874728374, 0.07849383307163636, 0.07865150152374069, 0.0783608110934686, 0.0781204174873922, 0.07838396319528677, 0.0781156020871883, 0.07817217761883268, 0.07813991086830432, 0.07795323516154867, 0.0775047915145442, 0.07788871045768316, 0.07764143848978602, 0.07795885570962069, 0.07768503031340622, 0.07770223443130382], "loss": [0.09323204397100737, 0.08530596129717011, 0.08358252853982627, 0.08243299587728521, 0.08169796635984126, 0.08139777389449039, 0.08102619452095508, 0.0807150534948669, 0.08058700323004249, 0.0803394991335367, 0.08013573512429976, 0.08001772907201159, 0.07981671589016033, 0.07989727693395708, 0.07967696619823483, 0.07955918777687852, 0.07944290158097382, 0.07947414288587583, 0.07935387432651657, 0.07937295841745122, 0.07928204855728081, 0.07920157216192851, 0.07914497383101711, 0.07906674374228063, 0.07892765126816581, 0.07873348972085116, 0.07895711660646643, 0.07857465424153298, 0.0786889073122833, 0.0786078349207266, 0.07848831437766284, 0.07856072467228062, 0.07857818351482514, 0.07830973122736704, 0.07828195610078413, 0.07821663564249225, 0.07818237414079852, 0.0780327430783724, 0.07808560888469206, 0.07796424399519247, 0.07788161889335983, 0.07796557285347662, 0.077847829053826, 0.07790104186654812, 0.07772788124988438, 0.07770542075485626], "classifier_loss_1": [0.09306648545506929, 0.08457758048247273, 0.08266972542152803, 0.0818665469460653, 0.08112571366585858, 0.08056481846221097, 0.08055658026608846, 0.08004785820019503, 0.08018990288108699, 0.07985796967731465, 0.07951534346577124, 0.07939963228691023, 0.07924626175871002, 0.07929104222703819, 0.07906017840238999, 0.07902431495138254, 0.07914728831060534, 0.07883892252788703, 0.07896000326036146, 0.0788681196962328, 0.07881655662178925, 0.07873779071793813, 0.07863145464682554, 0.07851450634441835, 0.0784273651502349, 0.07816999789984683, 0.07852645864798712, 0.07813933067207766, 0.07824225818820256, 0.07818597624440432, 0.07776950674928013, 0.07795816993667495, 0.07804409906239416, 0.07792139615849872, 0.07805622760869685, 0.0775407183974368, 0.07769342926007876, 0.07753289153921417, 0.07762307636082863, 0.07751084120575603, 0.07758882576898454, 0.07741654431469079, 0.07738370822938953, 0.07736098362993896, 0.07723206431892596, 0.0772033385493434], "classifier_loss_2": [0.09384909537483724, 0.08587885027006946, 0.08439464052689725, 0.08308023349554228, 0.08235818629510944, 0.08215243874158358, 0.08157597343922213, 0.08131482940754137, 0.08112511528649606, 0.08109804294699727, 0.08057471909920051, 0.08052806347488885, 0.08060263330051513, 0.08053960242826697, 0.08063057775114725, 0.08004382760443714, 0.07983277685802861, 0.08029238145375163, 0.07996292480635098, 0.07994952203890901, 0.07986185632769326, 0.07951883747020085, 0.07959644795980399, 0.07958695772488561, 0.07953206491886412, 0.07942981233315294, 0.07947591497405969, 0.07911234065743254, 0.07935248590056315, 0.07892016934647166, 0.07913303786454988, 0.07923017157467964, 0.07903894989306903, 0.07864698724774075, 0.07866922276241706, 0.07872522470675866, 0.07873809141454037, 0.07839316066451396, 0.07849384015255806, 0.07842865683917508, 0.07855123927563593, 0.07859146365408676, 0.07851834035092234, 0.07838328673485367, 0.07826654921832922, 0.07821068991052808]}