{"loss": [0.0959624279661123, 0.08744214397742435, 0.08586935971609057, 0.08494554386145216, 0.08463482108824504, 0.08375124867463392, 0.08352644700023666, 0.08316090133469134, 0.08268018133365419, 0.08263654968660956, 0.08235794144153491, 0.082138382626688, 0.08206099048887877, 0.08173615349535769, 0.08170692465231531, 0.08131036989455828, 0.08131367974905199, 0.08126910895993375, 0.08084886158334607, 0.08072207443305637, 0.08067352696566345, 0.08082751565832826, 0.0806190792029927, 0.0804920596714035, 0.08031628046785197, 0.0804918507884037, 0.08044348592905586, 0.08024451852012131, 0.08011316164806052, 0.08016716161084626, 0.08011143459915993, 0.08006179999269535, 0.0797909208293281, 0.07979875647115826, 0.07976497981156136, 0.0798328761528284, 0.0797223697349829, 0.07983719601889945, 0.07951147038533403, 0.0798009217032037, 0.07962135509182766, 0.07942105290260389, 0.07941358713562288, 0.07947764597562583, 0.07943030971841558, 0.07942229096961277, 0.0794386534783772, 0.07935974245277909, 0.07932611932788157, 0.07924938482420384], "val_classifier_loss_3": [0.08344078018963176, 0.08445147994985037, 0.08226495782587612, 0.08127031958719716, 0.08134951844540665, 0.08174658012214388, 0.08062564287936179, 0.08135710964368906, 0.07974148101214383, 0.08121010486963631, 0.08073874616145729, 0.07960135748898443, 0.08010968468568977, 0.07994733089875698, 0.08023038058256846, 0.07996297239831723, 0.0792173732594829, 0.07994017579722805, 0.07941347262480555, 0.0789455846492564, 0.07931913893940715, 0.07950775744744445, 0.07878576606042038, 0.07892985645360139, 0.0789087775271801, 0.07924836506568926, 0.0784828498244614, 0.07859816307454351, 0.07888540622751633, 0.07911484417796519, 0.07917245080798631, 0.0788099492261469, 0.07925888700728397, 0.07954267488420175, 0.07876170157087939, 0.07866655149270306, 0.07857539713514283, 0.07879405236172454, 0.07871191879938673, 0.07847728199730127, 0.07875162798201282, 0.07872668990544299, 0.07859857480079059, 0.07827870486815229, 0.07846198997081034, 0.07863318325947759, 0.07857595487911614, 0.07860671794414163, 0.07834151878408498, 0.07878730066339705], "val_classifier_loss_2": [0.08467852277626653, 0.08605769695602966, 0.08395505627254214, 0.0825253764626257, 0.08237334800117808, 0.08353916334213843, 0.08188064754931845, 0.08227988443162465, 0.08120243823801003, 0.0820698991113008, 0.08170028168991131, 0.08096789646940686, 0.08132320487135884, 0.08075033842226406, 0.08125965683854026, 0.08127289096408488, 0.08110087393608564, 0.08138817520823388, 0.08050245538886673, 0.08007386511717388, 0.08076123857686691, 0.08056929129182432, 0.07984859739523416, 0.08002528025163207, 0.08020252431898019, 0.08069332482660671, 0.07990285929315101, 0.07971161456215695, 0.08015630788542683, 0.08012479949347899, 0.08027776716244989, 0.08002040052597363, 0.08000237822062367, 0.08117427079656032, 0.08012705378243501, 0.07974136075363339, 0.0793905465632892, 0.07966406942014327, 0.07969655632337595, 0.07990924661759856, 0.0798545481229699, 0.08007565264128189, 0.07982499088106537, 0.07954833706711015, 0.07959233640166549, 0.07998514075965178, 0.07971549744960146, 0.07997664308953141, 0.07962958283403501, 0.07948270683136124], "val_classifier_loss_1": [0.08123248541192056, 0.08212979166683261, 0.07971263939198167, 0.07875975006783432, 0.07886642643450045, 0.07933938493659501, 0.07828530475909144, 0.07850906960764023, 0.0775734382432661, 0.07846756723015424, 0.0782635778468723, 0.07713848972836966, 0.07734694815209305, 0.07735962850907722, 0.07754045728584917, 0.07746952730956966, 0.07686741821553864, 0.07756700926560026, 0.07690915258599029, 0.076957825318467, 0.07718088157318254, 0.07706721709122791, 0.07664268974711372, 0.07662754905119105, 0.07662658570973883, 0.07722685291372748, 0.0763167846377643, 0.07634829286560903, 0.07659947439973755, 0.07666764353952792, 0.07692732527744717, 0.07669521678670543, 0.07685964913379194, 0.07759179638761435, 0.07693862347909691, 0.07649185461435458, 0.07649425323360177, 0.07664242970022969, 0.0767726050407839, 0.07660698626756993, 0.0764076402961195, 0.076557034123633, 0.07654507431228114, 0.07635293388113364, 0.07631803901599526, 0.07649246702018328, 0.07641764733360727, 0.07681256547214932, 0.0763314229561065, 0.0763737576953332], "classifier_loss_3": [0.09615794113224653, 0.08751265432326048, 0.08565676275540171, 0.08503222352022236, 0.0846499829224647, 0.08373503061260998, 0.08328426414380208, 0.08294573905164163, 0.08248086380153502, 0.0824581777864736, 0.08216748334632944, 0.08200857940980957, 0.0818372981222301, 0.08168151817242802, 0.08173779411410974, 0.08103834646145615, 0.08151036112556963, 0.0809351092815867, 0.08051689752210889, 0.08074447476456417, 0.08071248191341229, 0.08063594673888601, 0.08050733657332934, 0.080404316180198, 0.08024042184783958, 0.08050532208991638, 0.08038510517234557, 0.080238202015986, 0.08010053831182336, 0.08008161713267281, 0.07985850889571325, 0.07978664220779703, 0.07956890873185916, 0.07972633650891219, 0.07994801529981584, 0.07963685456484015, 0.07964720757327651, 0.07978835318293076, 0.07942519841062835, 0.07981687387337899, 0.07952806954485185, 0.0795800610441831, 0.07949107692211402, 0.07937680140995627, 0.07950238744849952, 0.07931645815124418, 0.07945096834704529, 0.07930891281141665, 0.0791567869220283, 0.07918003658416292], "classifier_loss_2": [0.09590734279649306, 0.08745266745429818, 0.08605892416565813, 0.08489846245236884, 0.08472876853611114, 0.08394943667189722, 0.08360962551046038, 0.08327398956409514, 0.08285176433921224, 0.0827897899522611, 0.08255240416077533, 0.08216551329687426, 0.08234162841953514, 0.08156603406922094, 0.08188405819943868, 0.0816423799944274, 0.08115320590117804, 0.08164125153237761, 0.08114889208329572, 0.08059593920139065, 0.08045307545485963, 0.08094629265647424, 0.08085404254180269, 0.08062861473284272, 0.08054461833435678, 0.0808792445491819, 0.08042974998158055, 0.08044633564686667, 0.0802627296184792, 0.08046362043587656, 0.08025554745980518, 0.08022728330471086, 0.08007884560741911, 0.08000299154476263, 0.07975415614131691, 0.07990862572224595, 0.07965436752991807, 0.08013712256705081, 0.07961012702318777, 0.07979669864874654, 0.07996611375223733, 0.07950010465210422, 0.07935657257422786, 0.07964562066566767, 0.07944546417304964, 0.07970713607190832, 0.07948471095113864, 0.0795452141994614, 0.07944599905504131, 0.07927477314039445], "classifier_loss_1": [0.09582199904616724, 0.0873611096748071, 0.08589239215819157, 0.08490594502807051, 0.08452571166411287, 0.08356927908207, 0.08368545134644756, 0.08326297464921831, 0.08270791686523475, 0.08266168141525243, 0.08235393627901004, 0.08224105436711532, 0.08200404459851353, 0.08196090824736421, 0.08149892203502657, 0.08125038278051974, 0.08127747142083236, 0.0812309661704331, 0.08088079474337562, 0.08082580964806843, 0.08085502305549998, 0.08090030782145259, 0.08049585884133599, 0.08044324716436195, 0.0801638004870551, 0.08009098561188767, 0.08051560218302979, 0.08004901758747161, 0.07997621652434274, 0.07995624738302903, 0.0802202481013653, 0.08017147494254537, 0.07972500825624225, 0.07966694141356809, 0.07959276914355726, 0.0799531486023528, 0.07986553376201878, 0.07958611218098828, 0.07949908544853088, 0.07978919299061797, 0.0793698822557977, 0.0791829929596306, 0.07939311115027547, 0.07941051597698204, 0.0793430771813932, 0.07924327854845388, 0.07938028048129252, 0.07922510023323412, 0.07937557253543606, 0.0792933441442927],