{"loss": [0.09563697394785614, 0.0862204488516871, 0.08437486458514272, 0.08301526626350707, 0.08224245321796049, 0.08195107532571165, 0.08153886390600919, 0.08107483274792869, 0.080993901405239, 0.08072665406204386, 0.08034148482259114, 0.0804544560020685, 0.08013911800320746, 0.08008192950717148, 0.08003759011299767, 0.07989667753854647, 0.07966734196479112, 0.07974010752824588, 0.07955303542881544, 0.07940594587712173, 0.07947901415304916, 0.07923043534337794, 0.07911593813943908, 0.07926211710830147, 0.07919079894027183, 0.07897329121331707, 0.07899048855613032, 0.0789773745495607, 0.07865892377794177, 0.07873959986126032, 0.07873275672769213, 0.07852699614004129, 0.07870420108340327, 0.0784253656248294, 0.07830001399920374, 0.07830207665572657, 0.07839772047983835, 0.07826507020272802, 0.07828558266338406, 0.07810465233742828, 0.07797455717540426, 0.07801023348417788, 0.07792101888320306, 0.07804048986540259, 0.07783067383784463, 0.07785845005934594, 0.07754982106844775, 0.07766690281712146, 0.0776004511620207, 0.07757086024066122], "val_classifier_loss_3": [0.0859281571295329, 0.08412332097392954, 0.08132749134083225, 0.08027020234486522, 0.08099331637825624, 0.07947226073762295, 0.07957078836556072, 0.08151825978874316, 0.0801806170494161, 0.07964837945888653, 0.07947303695213452, 0.07923570523319433, 0.07935916561574483, 0.07989272131244388, 0.0790959762771016, 0.07954645862898906, 0.07971965978194338, 0.0789402236637511, 0.07971512178976865, 0.07890108720150664, 0.07897618643837699, 0.07904884682482818, 0.07891023914032058, 0.07909345692755948, 0.07918024747881475, 0.07927146733330606, 0.07924161634288987, 0.07930947129031263, 0.07919495271546506, 0.07910940704858686, 0.0789401749237263, 0.07976473347833936, 0.07970948661547785, 0.07865184220233315, 0.0787471716215561, 0.07898382123278963, 0.07889734954180509, 0.07870643368086129, 0.07858447871990522, 0.07902097573535771, 0.07891952167840346, 0.07923106575827565, 0.07906537415040475, 0.07877205942578162, 0.07868903883108322, 0.07856103426324253, 0.07913587407946798, 0.0789601060037074, 0.0790736975203664, 0.07868181992856776], "val_classifier_loss_2": [0.08529186579777397, 0.08327987746406391, 0.08078854028573604, 0.07959346439210793, 0.0805013566671646, 0.07888825612259218, 0.07916148968989228, 0.08076108500797563, 0.07881964207649388, 0.07885323799164001, 0.07925242375581278, 0.0787728779905274, 0.07915310216960753, 0.07970937348922176, 0.07842140538142439, 0.07858248535989139, 0.07879672844133385, 0.07812515310064447, 0.07910794847391946, 0.07819813002882438, 0.07853900631692659, 0.07858118367767326, 0.07823803168399641, 0.07833463241769402, 0.07855984250849693, 0.07849266220099, 0.07852555707544392, 0.07912745904550794, 0.07851608972230138, 0.07879732896767848, 0.07851439786020109, 0.07870921384916803, 0.07909121240727986, 0.0781139425568567, 0.07812482360398104, 0.07823653317723327, 0.07827275042102236, 0.07820763382458494, 0.07828391992908991, 0.07837315641616854, 0.07867016901331432, 0.07869326035362113, 0.07849562173628624, 0.07864908295508488, 0.0784241718495599, 0.07802088832846199, 0.07840516203823275, 0.07838245278853528, 0.07846786301164492, 0.07851983387448144], "val_classifier_loss_1": [0.0855466817291589, 0.0833854555661199, 0.08131657492309846, 0.08070479063862411, 0.08190466718010099, 0.07945884306618044, 0.07984010009166065, 0.08191093823971299, 0.07985908075981873, 0.07951150820409729, 0.0800698168655887, 0.07950683570200233, 0.07963686996838458, 0.08031618534683374, 0.07950779656696051, 0.07939331898525367, 0.08013648728845942, 0.0789492689798148, 0.07939405783212714, 0.07917149724215834, 0.07917227283027985, 0.07890914149435589, 0.07900026505853718, 0.07911375220307111, 0.07899425662578795, 0.07902031979577007, 0.07919416268037412, 0.07932708782926806, 0.07933688297334511, 0.07944292943771271, 0.07934303274198987, 0.08002287618300802, 0.07995795897092009, 0.07890612446840962, 0.07864843264599623, 0.07901134867371962, 0.07880641615024032, 0.07871386199975164, 0.07867345830170701, 0.07903563924548672, 0.07907818560326976, 0.07943509807824768, 0.07934422310538078, 0.07915729100404331, 0.07863486580655143, 0.078823871937981, 0.07937768465695771, 0.07896179371112116, 0.07948483276201664, 0.07890043128496163], "classifier_loss_3": [0.09457221624668216, 0.0847535228275565, 0.08344903322714772, 0.08168898988283826, 0.08104750464112734, 0.08054727542828756, 0.08028697105988451, 0.07970801363733282, 0.07963074231048482, 0.0794013175252103, 0.07928311526966267, 0.07927794809268046, 0.07890443285988309, 0.07892926932658609, 0.07881385678200761, 0.07883249978102169, 0.07835127411741065, 0.07845983439003305, 0.07850027026175126, 0.07799413387978138, 0.07833758003309389, 0.0780291245281389, 0.0779658760320323, 0.07811465700782354, 0.07797946763530893, 0.07789074997831634, 0.07792948371611026, 0.07754115237928458, 0.07740758989991454, 0.07746922933085365, 0.07751474013693757, 0.07714691274859845, 0.07742999521530124, 0.07727524584375575, 0.07714255693318742, 0.07723153171187794, 0.07712778905259506, 0.07702420661392674, 0.0769486256792492, 0.07705765425566091, 0.07654920456908575, 0.07675772150551541, 0.07681196674808578, 0.0767472048894773, 0.07660508942702941, 0.07667841979129084, 0.07632916303903842, 0.07625774204848575, 0.07643375522418233, 0.07636918927264101], "classifier_loss_2": [0.09606422477927339, 0.08673137615667294, 0.08455105959244802, 0.08362071809273969, 0.08300406054487731, 0.0828129305652311, 0.08202079803569873, 0.08189765031550139, 0.08165515044704441, 0.08137226590487158, 0.0807971683471346, 0.08117344604295583, 0.08066574031166904, 0.08094311244978027, 0.08076027552220195, 0.08049888866756891, 0.08039089386957803, 0.08046522861142896, 0.0802228445386602, 0.08026539599605857, 0.07985811647323605, 0.07988506968630586, 0.07974753592716122, 0.07980406978364703, 0.07958973443197685, 0.079356580279349, 0.0793733105630652, 0.07980942578473213, 0.07933844174460394, 0.0794921567981013, 0.07934793370980026, 0.0794130746022616, 0.07947782613064842, 0.07889245651149385, 0.07880693989154006, 0.07877289937887423, 0.07899208317538785, 0.07906439615721826, 0.07917774443754479, 0.07850783289245632, 0.0787132725977104, 0.07862650644749004, 0.07857765817022667, 0.07864704822218047, 0.07864828783541702, 0.07864479345806813, 0.07825610034457764, 0.07844813294436707, 0.07830980707456031, 0.07803212507378324], "classifier_loss_1": [0.09627448114397039, 0.08717644764573236, 0.08512450127181896, 0.083736090576864, 0.0826757943277048, 0.0824930187530867, 0.08230882360151688, 0.08161883492922345, 0.08169581091006889, 0.08140637903345362, 0.0809441700714669, 0.08091197386094025, 0.08084718058661322, 0.08037340703218095, 0.08053863863185597, 0.08035864509716778, 0.08025985810319923, 0.08029525991926212, 0.07993599078918066, 0.07995830848314078, 0.08024134617457887, 0.07977711207008621, 0.07963440203779902, 0.07986762440770534, 0.08000319497529107, 0.07967254345237185, 0.07966867084109662, 0.07958154498844024, 0.07923073881964489, 0.07925741299123656, 0.0793355968748285, 0.07902100087826378, 0.07920478137245913, 0.07910839493868888, 0.07895054527373109, 0.07890179876220242, 0.0790732900014791, 0.07870660740608537, 0.0787303776679147, 0.0787484693813202, 0.07866119491903893, 0.07864647113845555, 0.07837343229760788, 0.07872721540757015, 0.07823864394773668, 0.07825213742971854, 0.0780641995280054, 0.07829483493006054, 0.07805779061137932, 0.07831126596279799],