{"loss": [0.09442685274414821, 0.08486403825142891, 0.08336648091334276, 0.08290488609563403, 0.08227046462888084, 0.08157424098370408, 0.08149905898278657, 0.08095629879664033, 0.08083241133379873, 0.08087694110442366, 0.08053137955109795, 0.0803871138511421, 0.0802390076993585, 0.0800951031328871, 0.07998292936124056, 0.07991549505452848, 0.07987406000868384, 0.07973757853763076, 0.07973312437804543, 0.07964710869564524, 0.07937672048219484, 0.07935420961929139, 0.07929958503035453, 0.0794163421925167, 0.0792720695629691, 0.07912690523916947, 0.07921881906231677, 0.07911976614255711, 0.07891141722196739, 0.07906338519485505, 0.07878412920251847, 0.07889499333359073, 0.07874597733883905, 0.07874242179277667, 0.07864978256484757, 0.07858942025363244, 0.0787070924315534, 0.07850705234718534, 0.07864526632343426, 0.07863570921736653, 0.07842820158528406, 0.07835319637949219, 0.07831760913408077, 0.07844612694435019, 0.07823138934817983, 0.07836269307701806, 0.07826684182769254, 0.07845039490676502, 0.0780901295974651, 0.07813507836659393], "val_classifier_loss_3": [0.08438761706041153, 0.08237247975401778, 0.08185577235747951, 0.08186031594738999, 0.08088026457265024, 0.08105293054094803, 0.08094918616823898, 0.0804001124526669, 0.0804764840808011, 0.08044408473933973, 0.08010733918297513, 0.08011810487374305, 0.08041928728275008, 0.0812544565463085, 0.07961781832902742, 0.08022381197620207, 0.07980665495326268, 0.07996558833829735, 0.07955300723495078, 0.07952493664225246, 0.0801965973467068, 0.07969025185015335, 0.07955393193686222, 0.07954428107087187, 0.07957127311625578, 0.07948822920651856, 0.07984160918726514, 0.08025016035865719, 0.07962562559513514, 0.07993992922356279, 0.07930523848551886, 0.0795628801557411, 0.07948230054343182, 0.07953121042070459, 0.07942574452590817, 0.07984162424663334, 0.07944231725529881, 0.07958367884014267, 0.07957371408433486, 0.07918236410859435, 0.07978119870604491, 0.07937351568055942, 0.07967591688923056, 0.07950725051398697, 0.07971267434348918, 0.07971218648716914, 0.07953843270988235, 0.07957670811181566, 0.07961207390914132, 0.07933802616676587], "val_classifier_loss_2": [0.08304363381720675, 0.08127058869745525, 0.08030280986193666, 0.08044258417027637, 0.07927776426275764, 0.07960004371129334, 0.07927258654976192, 0.07887508122268397, 0.0790125100807685, 0.07870200106974773, 0.07872812555297193, 0.07864187108857376, 0.07921515520780087, 0.07945430476951142, 0.07850808098787178, 0.07858858586745451, 0.07859630865332153, 0.07830526970053257, 0.07807354606589924, 0.0781705237971138, 0.07873567882431433, 0.07825462774388323, 0.07812803164938471, 0.07804543964154749, 0.07793159984374141, 0.07793873596441478, 0.0784052733077876, 0.07852213029949943, 0.0778846901436614, 0.07847853979040027, 0.07779658327409682, 0.07778364651663851, 0.07810733982673303, 0.07774066544969589, 0.07786698389353135, 0.07805784045566323, 0.07791206422254204, 0.07781432736132289, 0.07796362433641983, 0.07762614907291844, 0.07816687266325283, 0.07779866927762832, 0.0782208116478805, 0.07799970136094118, 0.07809066972214798, 0.07775161964690316, 0.07795133324178735, 0.07806048265067425, 0.07805314227112942, 0.07783211883823689], "val_classifier_loss_1": [0.08275717351693765, 0.07985659223632319, 0.07922857001083328, 0.07958476021076989, 0.0785766527350161, 0.07921013035437838, 0.07868962702862825, 0.07850367751129027, 0.07839618526923794, 0.07826717502816405, 0.07801997102129336, 0.07750775093185777, 0.07848758263452747, 0.07931253271088189, 0.07766576250350161, 0.07807049005378464, 0.07795013534010721, 0.07752277521168574, 0.0772743922581432, 0.07714827556137226, 0.07788672328514923, 0.07752174742905685, 0.07779034672037384, 0.0770573033525229, 0.07743012072806724, 0.07726675841909174, 0.07792559069147544, 0.07792215891645761, 0.07740576895435113, 0.07812087738488042, 0.07710526329667311, 0.07740436925633411, 0.07715121880204917, 0.07723112016133782, 0.07722194009794779, 0.07734289935918115, 0.07713948322310629, 0.0770692559039457, 0.07749613653609486, 0.0768730506402658, 0.07753568525957083, 0.07703202490714813, 0.07766053348089227, 0.07733099533472637, 0.07756821667461568, 0.07708324545406017, 0.07742008331878839, 0.07706149987580589, 0.0768934274997529, 0.07725061245989087], "classifier_loss_3": [0.09418451861106279, 0.08466778060831498, 0.08384528760383674, 0.08303701419299904, 0.08209201994366215, 0.08159153196256069, 0.08144923276157406, 0.08109138602983543, 0.08054896812900925, 0.08096306671909462, 0.08061244474525849, 0.08021382363943225, 0.08000483709798016, 0.08013301277913587, 0.07986563921235466, 0.08009062361172851, 0.07966671421567229, 0.07977869352310822, 0.07975171834589002, 0.07951393935142981, 0.07932695919575158, 0.07908850120449082, 0.07917005513424913, 0.07940153346756405, 0.07932874113054107, 0.07904610048589145, 0.0789705686935423, 0.07903961427796284, 0.07862601399749451, 0.07877873141672889, 0.07874016241967301, 0.07910448879758593, 0.07864328345887536, 0.07863315752503046, 0.07871765706821066, 0.07827295096009072, 0.07860714039194121, 0.07841258080504333, 0.07848071263934975, 0.07842423059491206, 0.07810410213542866, 0.078070913317523, 0.07811401422043643, 0.07815656992042488, 0.0777842660596079, 0.07816113511404502, 0.0781929434987797, 0.0782467201382118, 0.07790111533888312, 0.07793663618853156], "classifier_loss_2": [0.09455491358051048, 0.08484019429513388, 0.08319239318051314, 0.08246682798836728, 0.08245318728179209, 0.0819287538733627, 0.0815073748600869, 0.0810126287829227, 0.080989510593874, 0.08062524451010386, 0.08050552272106852, 0.08036575971343458, 0.08014791119111814, 0.08000339873368094, 0.07994057680529942, 0.07981364207161964, 0.07982390713566216, 0.07970802098896837, 0.07951328718158648, 0.0795263714914006, 0.07928512786362608, 0.0794799152055621, 0.07905248520179622, 0.07938012160756605, 0.07906078611098531, 0.0791616984842103, 0.07925224782283516, 0.07910025772567461, 0.07902289294664953, 0.07898957659695892, 0.07864124014099208, 0.0786662525895058, 0.07860652687383649, 0.07863760722932693, 0.07843125266498256, 0.07857756485114827, 0.07867324997383439, 0.07849074481642186, 0.0786731873408053, 0.07867845287219764, 0.07845067413829433, 0.07826008456846782, 0.07831515942860602, 0.07849915454801448, 0.07841236021475007, 0.07815935630915648, 0.07809709165499638, 0.07844603552115854, 0.07796507034938487, 0.0780370029911973], "classifier_loss_1": [0.09454112491493792, 0.08508414045753938, 0.08306176296738672, 0.08321081614486044, 0.08226618634151965, 0.08120243726204976, 0.08154056913463305, 0.08076488249765286, 0.08095875569314875, 0.08104251186043673, 0.08047617120809919, 0.08058175846833439, 0.08056427421003026, 0.08014889776199041, 0.08014257209576325, 0.0798422203643427, 0.08013155875924656, 0.07972602078783593, 0.07993436812214297, 0.0799010146173371, 0.07951807476733247, 0.07949421249008598, 0.07967621564581255, 0.07946737182208861, 0.079426680838805, 0.07917291688757867, 0.07943364130991015, 0.0792194263491334, 0.0790853440249039, 0.07942184785497013, 0.0789709853242942, 0.07891423869526987, 0.07898812214070586, 0.07895650158003845, 0.07880043751113788, 0.07891774525675792, 0.07884088754896389, 0.07861783178871307, 0.07878189812530026, 0.07880444385381784, 0.07872982809718904, 0.07872859186106168, 0.07852365507494784, 0.07868265582906137, 0.07849754246516132, 0.0787675876513628, 0.07851049004226865, 0.07865842902828897, 0.07840420237651179, 0.07843159636732452],