{"loss": [0.0933343838224054, 0.08551351066375779, 0.08426299224867008, 0.0831573042358394, 0.08257617161804669, 0.08222816579228635, 0.08154949158151373, 0.08135689164623737, 0.08109052691750358, 0.08094362882119026, 0.08071459814579122, 0.08062015241694802, 0.08044807709765563, 0.08038434318506549, 0.08030982078294487, 0.08017509433621642, 0.07999511507050053, 0.07986347369269604, 0.07973319619302456, 0.07977411464494223, 0.07962290175556358, 0.07970471037531361, 0.0796845773392411, 0.07956232331058102, 0.07935312169648892, 0.07928325391505947, 0.07934999584851736, 0.07923269192285003, 0.07928765852479708, 0.07899970238445153, 0.07912121878396698, 0.07905199469480985, 0.0790788834202631, 0.07901588929454602, 0.07887032779010898, 0.07886615247430688, 0.07896241041175671, 0.07892019490285726, 0.07850714554871742, 0.07867341076573532, 0.0788853791069615, 0.07869559099171415, 0.07867985635323226, 0.07854949901700418, 0.07860992238225485, 0.07850989567094892, 0.0784261791271272, 0.0785780710896683, 0.07832295779232204, 0.0784448216884695], "val_classifier_loss_3": [0.08477191587441985, 0.08487217280645076, 0.08458491823542032, 0.0823027559444272, 0.08170303700231832, 0.08205873404185735, 0.08221327886785333, 0.08276269569067106, 0.08230521935304032, 0.08205300073725562, 0.08189777696064941, 0.08194335889730411, 0.08158207577528973, 0.0817790043893978, 0.08178494418325816, 0.08186842180325815, 0.08117982626853178, 0.08108916259704232, 0.08071497674042374, 0.08142739027490999, 0.08176282505986698, 0.08105697144801886, 0.08114540289038878, 0.0815317377705471, 0.08116353843704867, 0.08060006397372525, 0.08119295372023715, 0.08099949790660468, 0.08112539973826131, 0.0806103301648522, 0.08061076203011036, 0.08070188884735127, 0.08112825649210759, 0.08079897360865765, 0.08079629630431458, 0.08058801062277435, 0.08133484440377196, 0.08073512362214025, 0.08068168472631844, 0.08071409372471694, 0.08057950404592523, 0.08045970835118336, 0.08065703013893183, 0.08070844450158761, 0.08127899709003605, 0.08036487135795756, 0.08053238744124541, 0.08131297338126624, 0.08038445249789733, 0.0807588864342391], "val_classifier_loss_2": [0.0839190623611287, 0.08376347782776311, 0.08386379127315571, 0.08170056478274841, 0.08112344608418753, 0.08119829041086561, 0.08182928690262255, 0.0817304932971419, 0.08103437576060284, 0.0810624680657133, 0.0806452616618578, 0.08101327481478919, 0.08048451892046851, 0.08040482197551743, 0.0806311329004237, 0.08065593139970072, 0.08025493775332851, 0.07984545951265684, 0.07933563780557228, 0.0799774632405541, 0.0803284869449574, 0.07956333085802159, 0.07973059490730376, 0.07998476478168395, 0.07970173962996419, 0.07946917931757327, 0.08026783946749122, 0.07995871811507536, 0.0797421433450916, 0.07957376775666351, 0.07970405593698657, 0.07939050545780367, 0.07994981220815378, 0.07938688657452153, 0.07980712539610464, 0.07948749616498768, 0.08017454211255258, 0.07952437312461623, 0.07938962238441058, 0.07939951278630898, 0.07940508806608944, 0.07956658504938438, 0.07945188547751168, 0.07970658466035688, 0.0799796181346906, 0.07942187229165228, 0.0795542352144451, 0.07983604310535382, 0.07955247058260884, 0.07987173101581861], "val_classifier_loss_1": [0.08051213775245476, 0.0799957699759791, 0.08021874758180314, 0.07794538818974349, 0.07744101546538722, 0.07790335624684953, 0.07759338442442995, 0.0777891767798997, 0.07755633026914234, 0.07782139362219813, 0.07727242251928788, 0.07739821322831437, 0.07721154998389346, 0.07715996787414402, 0.07705347097259782, 0.07730993525080922, 0.07690505085938902, 0.0767776664741241, 0.07684052276225002, 0.07686715791292276, 0.0772135285178976, 0.07668563063926392, 0.07697299797975607, 0.07716499120732605, 0.07657906790633374, 0.07674054329998312, 0.07695671388468618, 0.07678740616084885, 0.07679585002844806, 0.0765398889270748, 0.07659275201170997, 0.07636012160711857, 0.07685692741557587, 0.076351892439925, 0.07682446261689452, 0.07656828422541624, 0.07681725791693081, 0.07663279836413436, 0.07643973285142962, 0.07652284518428991, 0.07635826924561524, 0.07642007461617574, 0.07666130034568507, 0.07656052814099248, 0.07682906739976642, 0.07636569490121639, 0.07632411844728879, 0.07688844797900869, 0.07631034559671211, 0.07641890793628275], "classifier_loss_3": [0.09247348241039095, 0.08553572610117142, 0.0839068099479237, 0.08275924897204656, 0.08234348752215549, 0.08207353968279704, 0.08109761791415165, 0.08096641264579242, 0.08084401416452895, 0.08097361132434823, 0.0804175353761277, 0.08047965509152975, 0.08014601952421946, 0.08019102464206813, 0.08003542135437604, 0.08000653773721325, 0.0795173956270593, 0.07971859008151205, 0.07941562102143103, 0.079357090953552, 0.07918464178573, 0.07960640874609425, 0.07946001368541444, 0.07929667809331271, 0.07924876910285912, 0.07872249233290697, 0.07899396368898616, 0.07904342597626891, 0.07886636297062784, 0.07863255000495639, 0.0788717735742434, 0.07865467137468578, 0.07886333779758714, 0.07848675497895513, 0.07875167639869138, 0.07846392593278942, 0.07848242030202829, 0.0787167745186948, 0.07811472424397974, 0.07840904180178453, 0.07856926088211433, 0.07830339718997062, 0.07805964281959332, 0.07828324407011472, 0.07820954818901649, 0.07817405667399963, 0.07819514301813602, 0.07828854851540533, 0.07796463137126147, 0.07816743390818781], "classifier_loss_2": [0.09358811420580002, 0.08565451752891681, 0.08478464611796513, 0.08365866243674212, 0.08319246102033913, 0.08278208571218856, 0.0821941093047436, 0.08175405498083556, 0.0815654295939646, 0.0810910709362126, 0.08096862893328056, 0.08072066470967314, 0.08072419013389721, 0.08077692693986885, 0.08062084796476751, 0.08040478381058011, 0.08056434271445118, 0.07987726946707414, 0.07988753660216431, 0.08028159185962759, 0.08011669292771709, 0.07992609528584031, 0.08007195657770959, 0.0799389216199332, 0.07958559472310624, 0.07958650487566644, 0.07966054146668661, 0.0794755200108288, 0.07960505419038207, 0.07951348299691938, 0.07922498321049617, 0.0793625643578971, 0.07931274222241098, 0.07935740037054581, 0.0791079829452376, 0.07905539998868605, 0.07919550971544725, 0.07926191806293606, 0.07859729882738296, 0.07884697471716187, 0.0791482248199586, 0.0788175818654722, 0.07910215113818767, 0.0787276243564746, 0.07891282706667364, 0.0788078178748213, 0.078662394947446, 0.07895927604180875, 0.07848276763509177, 0.07851187127109548], "classifier_loss_1": [0.09394155492592575, 0.08535028891117843, 0.08409752008304891, 0.08305400107509375, 0.08219256574720868, 0.0818288713329072, 0.0813567474132952, 0.08135020824220306, 0.08086213629903741, 0.08076620465028152, 0.08075763003005816, 0.08066013757536968, 0.08047402150430717, 0.08018507794731262, 0.08027319351253845, 0.08011396080332636, 0.07990360613568667, 0.07999456132699853, 0.07989643049857782, 0.07968366083461421, 0.07956737012523006, 0.07958162753833777, 0.0795217612717519, 0.07945137069465565, 0.07922500082960762, 0.07954076422656535, 0.07939548217774692, 0.07917913012412779, 0.07939155840187795, 0.07885307420712137, 0.07926689891926084, 0.0791387484757008, 0.07906057030124818, 0.07920351264542214, 0.07875132453894103, 0.07907913073637941, 0.07920930051131139, 0.07878189285643089, 0.07880941322729965, 0.07876421541926629, 0.07893865211985125, 0.07896579385442815, 0.07887777540901533, 0.07863762963613159, 0.07870739110781634, 0.0785478124688403, 0.07842099981411754, 0.07848638806095017, 0.07852147461538103, 0.07865516040829726],