{"loss": [0.0003572855175693357, 0.0003580167355117159, 0.000355409264228044, 0.0003540012491409225, 0.0003527699738374774, 0.0003516314378697951, 0.0003505005721503604, 0.0003495580916006471, 0.0003488628788465045, 0.0003479303077322343, 0.0003471617455939117, 0.00034620334891452407, 0.00034527698528800683, 0.00034474868619210306, 0.0003437626310109854, 0.0003429961071247054, 0.0003422195174191374, 0.00034180303488502543, 0.0003410007517366346, 0.0003399206738871248, 0.00033951666279827416], "classifier_loss": [0.0738877192285446, 0.07532677616647027, 0.07513182101426329, 0.0750892623236743, 0.07512645661614431, 0.07504312476728958, 0.07497429489898125, 0.0750412790808148, 0.07495540488688837, 0.0750410955579559, 0.07503696456656425, 0.07485617054154477, 0.07482431054207443, 0.07497100508914112, 0.07489437821658906, 0.07475929475387495, 0.07482245636129446, 0.07503999705673461, 0.07484502520323423, 0.07480751556167459, 0.07486821970681733], "val_adversary_loss": [0.00027439930915735866, 0.0002717265479107031, 0.00026992203356859546, 0.0002685817445164123, 0.00026727519137350383, 0.0002663335292310962, 0.0002654307377528565, 0.0002644511213098958, 0.0002635959686751457, 0.00026269296486334273, 0.00026179150480095054, 0.00026126914360663896, 0.00026026093041110006, 0.0002592354188121325, 0.00025871729076850524, 0.00025798995284131906, 0.0002571467589884671, 0.00025638422633848996, 0.0002555250087185635, 0.0002548039166583972, 0.00025403687397646153], "val_classifier_loss": [0.07485620743979869, 0.07475385358639196, 0.07469105282706438, 0.07464511754064856, 0.07461179394413087, 0.07458530839527969, 0.07456410461661574, 0.07454013356983762, 0.07452148322454852, 0.07451290504444999, 0.07450086204007972, 0.07447320153833317, 0.07447921721941805, 0.07446753590247934, 0.07445811881610595, 0.07445031311535821, 0.07443930994208098, 0.07444056566000797, 0.07442571403468091, 0.07442452449231288, 0.07441960769535956], "adversary_loss": [0.0002833977942600129, 0.00028268995661961103, 0.000280277439360311, 0.0002789119843517498, 0.0002776435112348514, 0.0002765883099967144, 0.00027552627305385725, 0.00027451680799078386, 0.0002739074697540069, 0.0002728892092503464, 0.00027212477730159706, 0.00027134717477855894, 0.00027045267173881514, 0.0002697776771978282, 0.00026886824879448264, 0.00026823680940872606, 0.000267397057750575, 0.0002667630347583355, 0.00026615572380697824, 0.0002651131542426102, 0.00026464843844870034], "val_loss": [0.0003492555193573286, 0.0003464804070570527, 0.0003446130901473705, 0.00034322686990803056, 0.0003418869881201498, 0.0003409188439394186, 0.0003399948443401265, 0.00033899125690906495, 0.0003381174537973111, 0.00033720587375916065, 0.00033629236791610397, 0.0003357423514428657, 0.0003347401527574586, 0.000333702957807082, 0.00033317541420392816, 0.0003324402702879788, 0.00033158607166409494, 0.00033082479676681546, 0.00032995072678527825, 0.00032922844600517787, 0.00032845648538740066]}