{"loss": [0.00038712079853934594, 0.00038738349964721064, 0.0003862813671454599, 0.0003851357194201658, 0.0003841739873900477, 0.0003831457404196016, 0.00038203779410664806, 0.0003808912917119763, 0.0003799567705448576, 0.0003789422850897062, 0.00037792252614574133, 0.0003770093710728141, 0.0003759200531964362, 0.000374962852384659, 0.0003741073166164042, 0.00037266107530726817, 0.0003717829279421326, 0.000370815719612041, 0.00036986822852642644, 0.00036861926288532255, 0.00036768079334778547], "classifier_loss": [0.07416864110625862, 0.07559446069446658, 0.07557524736810071, 0.07541054449694663, 0.07550778982357391, 0.07543419733365413, 0.07536346135652447, 0.0753361698066088, 0.07529967822498194, 0.07521130217372084, 0.07534645785581907, 0.07527731511171347, 0.07526504078938112, 0.07526962919132268, 0.0752937018189154, 0.07515063252844004, 0.07520159890770522, 0.07520276019815222, 0.07529509385631346, 0.07514504679312627, 0.0751860787092649], "val_adversary_loss": [0.00027329068299185695, 0.0002719764606150111, 0.000270965130852645, 0.00027000939921081467, 0.0002691490559135249, 0.00026807946403248155, 0.0002670386069141614, 0.00026625666107320115, 0.00026516874829783036, 0.00026420664988371906, 0.00026316641146925673, 0.0002623420927320448, 0.0002612092867454531, 0.00026016136013366537, 0.00025920722544258036, 0.0002582366678439618, 0.00025720163786379, 0.00025613811729007153, 0.0002553263391947979, 0.00025413573212192385, 0.00025319751366221593], "val_classifier_loss": [0.0737325214080485, 0.07370575101927276, 0.07364919948429416, 0.07361336185216316, 0.07357656599211304, 0.07352868079039698, 0.07348991553673982, 0.07346894747069758, 0.07342964147069977, 0.07339858335536334, 0.07337439490463624, 0.0733525312421235, 0.0733224717927911, 0.0733179466894036, 0.07329488663521594, 0.073279370006494, 0.07327123003849559, 0.07324821107231941, 0.07325160640758605, 0.07323409990967555, 0.0732213453638969], "adversary_loss": [0.00031295215551570705, 0.00031178903621712986, 0.00031070611491092285, 0.00030972517091158795, 0.00030866619529108525, 0.00030771153875793384, 0.0003066743296928225, 0.00030555511741606607, 0.00030465708784004574, 0.0003037309795806612, 0.0003025760661885688, 0.0003017320495279531, 0.0003006550077093289, 0.00029969321905877185, 0.0002988136125740241, 0.0002975104395976406, 0.0002965813248832233, 0.00029561295532546793, 0.0002945731312145632, 0.0002934742131068687, 0.0002924947097437773], "val_loss": [0.00034702320983252236, 0.00034568221461047434, 0.0003446143345551347, 0.0003436227629267883, 0.0003427256239214151, 0.00034160815009843187, 0.00034052852619460074, 0.00033972561060391495, 0.0003385983942888598, 0.00033760523870453296, 0.0003365408110038919, 0.0003356946273090281, 0.0003345317634739236, 0.0003334793094261184, 0.0003325021147511683, 0.0003315160443489255, 0.00033047287451605864, 0.0003293863302825855, 0.0003285779457190362, 0.0003273698346655399, 0.0003264188622170714]}