{"loss": [0.00044958874506455964, 0.0004477529425064771, 0.0004445060382909301, 0.0004420352010761256, 0.0004400292896994329, 0.00043835811727550617, 0.0004367285408979515, 0.0004349943624682716, 0.00043379710495539825, 0.00043249861369494644, 0.0004311254747615068, 0.0004295598258228652, 0.000428258138634904, 0.0004271630017407568, 0.00042579892004162835, 0.0004243801353396401, 0.0004230533638265686, 0.0004220673684268871, 0.0004206072234207014, 0.00041933523009253504, 0.000417858043732407], "classifier_loss": [0.07406566432538698, 0.07540556065710922, 0.07528870696424389, 0.07527108228807976, 0.07524582278122585, 0.07519766468530283, 0.07510028929324741, 0.0751134604599177, 0.07528725188071782, 0.07525015616093265, 0.07536937609217875, 0.0751081658840092, 0.07513789413134066, 0.07523940454786757, 0.07512907768738536, 0.0750909499639575, 0.07504559962750702, 0.0752216218842496, 0.07511947764509998, 0.07518937545185184, 0.07504900722207154], "val_adversary_loss": [0.0002915615365563476, 0.0002872700820727013, 0.0002848235258066844, 0.0002828031496676647, 0.0002810313449246579, 0.0002794344874890634, 0.0002779129880677059, 0.00027648585001868297, 0.0002750280784637601, 0.00027376249369339946, 0.00027231703453610515, 0.0002711393925612365, 0.00026976465532973506, 0.0002685427667452338, 0.00026715573247857, 0.00026590156071388095, 0.00026465151089936754, 0.00026343510929788895, 0.0002621711509939626, 0.00026105902570449426, 0.00025975061063090424], "val_classifier_loss": [0.07414442861927213, 0.07400009121385932, 0.07391832989012441, 0.07387589404919338, 0.07383253397063087, 0.07380380809506151, 0.0737725095280259, 0.07375519385599921, 0.07373345862481154, 0.07371534149920364, 0.07370079128730542, 0.07368916632265896, 0.07368036322380313, 0.07366710042777251, 0.07365740896830934, 0.07364118693454812, 0.0736365172575829, 0.07363282301482042, 0.0736241013819873, 0.07362715460681603, 0.073612982230424], "adversary_loss": [0.00037552307733620927, 0.00037234738000043355, 0.00036921732720911974, 0.00036676411581184536, 0.0003647834625411699, 0.0003631604505190672, 0.0003616282457962793, 0.0003598808995460786, 0.0003585098490437588, 0.00035724845554563204, 0.00035575609392923097, 0.0003544516574968407, 0.0003531202410784043, 0.00035192359457630206, 0.0003506698393554945, 0.0003492891821732353, 0.00034800776089657714, 0.0003468457429561228, 0.00034548774172459375, 0.00034414585068191024, 0.0003428090330275578], "val_loss": [0.000365705967310537, 0.00036127017883662396, 0.0003587418583387684, 0.00035667904871081874, 0.000354863884700321, 0.00035323829553216213, 0.0003516855007155816, 0.00035024104693392706, 0.00034876154005923383, 0.0003474778370473853, 0.0003460178297275195, 0.0003448285653515688, 0.0003434450257048536, 0.00034220987177065247, 0.00034081314641908294, 0.0003395427512818303, 0.0003382880302448536, 0.0003370679382927709, 0.0003357952550688067, 0.0003346861856549554, 0.00033336359681749965]}