{"loss": [0.000335703022891521, 0.00033468867360346134, 0.00033136780942936934, 0.00032902539862742836, 0.00032722849387044003, 0.00032527997473834867, 0.0003238550286473481, 0.00032232928213872514, 0.0003212355143691106, 0.0003197596121377416, 0.00031828138896639014, 0.00031712818728525086, 0.00031564412620971354, 0.00031448729830314663, 0.0003134712776145862, 0.0003121304260940823, 0.00031108541688513514, 0.0003098341590509923, 0.00030857670704834795, 0.0003073762001280204, 0.00030640778327200983], "classifier_loss": [0.07423678302020877, 0.07558111342262283, 0.07548727850374165, 0.07536145021678219, 0.07556218882213377, 0.0751966403108773, 0.07539286743086111, 0.07518799231274138, 0.07544647980553823, 0.07544576835900799, 0.07538344731168395, 0.07527545816502942, 0.07540327726613667, 0.07531951686314303, 0.07534984602603538, 0.07522507169950318, 0.07530603366149079, 0.07536916142498708, 0.07527415247934657, 0.07521934618887205, 0.07526420093981266], "val_adversary_loss": [0.00029471296552688477, 0.0002900783967111308, 0.00028750855902888564, 0.0002854136107498324, 0.00028372541814856376, 0.00028202552374621733, 0.0002805152715169885, 0.0002790901906268305, 0.0002777537924929586, 0.00027642099104975776, 0.0002751139441951981, 0.0002736578211213695, 0.00027257845968110746, 0.00027135585578795117, 0.0002700681981480763, 0.00026884156059158213, 0.0002676300725307526, 0.0002664272702085803, 0.00026525114542984664, 0.00026421073073788396, 0.0002629888161362206], "val_classifier_loss": [0.07345995245320443, 0.07333111892682044, 0.07323284020320443, 0.07319059138501895, 0.07314476072599342, 0.07311931456372309, 0.07307904861834588, 0.07305315881501148, 0.07302673652309834, 0.07300952122292609, 0.07298435312331682, 0.07298188030460658, 0.07295689325737909, 0.07294051583707294, 0.0729421660805164, 0.07292088699771766, 0.07291408481880991, 0.07289681013818185, 0.07289725629433334, 0.07288332579185762, 0.0728773900092656], "adversary_loss": [0.0002614662364753079, 0.0002591075576977426, 0.0002558805273284808, 0.00025366394413684125, 0.00025166630257631285, 0.00025008333129618397, 0.0002484621582635496, 0.00024714128571521823, 0.00024578903132123966, 0.00024431384006734855, 0.00024289793860075588, 0.0002418527258649825, 0.00024024084462634612, 0.00023916777829448955, 0.00023812142631255692, 0.00023690535259163637, 0.00023577937983595398, 0.00023446499473029424, 0.00023330255129611521, 0.00023215684936777082, 0.000231143578631859], "val_loss": [0.00036817292196734497, 0.00036340952168108925, 0.00036074140211067644, 0.0003586042043324885, 0.00035687018149269665, 0.0003551448419048675, 0.00035359432710334613, 0.0003521433527614943, 0.00035078053401028394, 0.00034943051827866485, 0.00034809829923826505, 0.00034663970415767877, 0.0003455353548089271, 0.0003442963774495986, 0.0003430103686237049, 0.00034176244662943635, 0.000340544160537677, 0.0003393240858711504, 0.0003381484057129975, 0.00033709406055635287, 0.00033586620878182536]}