{"loss": [0.00038066535399978676, 0.0003790184229907323, 0.000375729756207317, 0.00037359729151751416, 0.00037170252302020593, 0.0003701017077378426, 0.00036831379510026904, 0.0003669790843023516, 0.0003655112939992268, 0.00036447617564852803, 0.0003632992263816864, 0.0003616704497210455, 0.0003605979934721031, 0.00035931864526546136, 0.00035802943458183633, 0.00035690584849037, 0.00035553845095757773, 0.000354327710013634, 0.00035301272135936876, 0.000351725228643251, 0.000350722580743041], "classifier_loss": [0.07404827758365838, 0.0753547512716657, 0.07522390888644986, 0.07535537321514149, 0.07524248883957069, 0.07526515590059749, 0.07507958091836454, 0.07500081472565137, 0.07503096644376905, 0.07514253939892432, 0.07523058375219904, 0.07492434518078461, 0.07517574198661071, 0.07510975020352005, 0.07502762363370312, 0.07507613661154731, 0.07493412050753664, 0.07510750464274386, 0.07495128810201192, 0.07496648115601691, 0.07507963678954448], "val_adversary_loss": [0.00040488002408065504, 0.0004007620638425439, 0.000398079286349158, 0.0003959749248434687, 0.0003941711791315175, 0.0003928118341197049, 0.0003912964732708899, 0.00038970445826548117, 0.00038841899636480817, 0.00038716901808700485, 0.00038578683684057237, 0.0003846522964722777, 0.0003832397420833769, 0.000381930531116376, 0.00038070238510556155, 0.00037959621023216333, 0.00037829085682608473, 0.00037683962027197914, 0.00037572766957054, 0.00037439724313525753, 0.00037310121624023305], "val_classifier_loss": [0.07421397546242903, 0.07407013509408827, 0.07399753019497839, 0.07394157799436409, 0.07390526728368486, 0.07389291782541982, 0.07385465322889109, 0.07383381333295495, 0.07380847834022242, 0.07379632594747075, 0.07378377450831398, 0.07377497441491829, 0.07375854607332154, 0.07374449993144969, 0.07374757246797879, 0.07372582103758822, 0.07371844797007941, 0.0737142564048137, 0.07370366781957391, 0.0737051404824429, 0.0736861771098535], "adversary_loss": [0.00030661707278462026, 0.00030366366702722525, 0.00030050584427944796, 0.0002982419172177621, 0.0002964600303675525, 0.0002948365479237136, 0.0002932342105926695, 0.0002919782663990942, 0.00029048032435063334, 0.0002893336322761849, 0.0002880686385716555, 0.00028674610066811723, 0.0002854222482067118, 0.0002842088922431111, 0.0002830018076612913, 0.0002818297081013902, 0.0002806043275985953, 0.0002792202028790998, 0.00027806143000812873, 0.00027675874320346914, 0.0002756429393080624], "val_loss": [0.00047909400300785927, 0.0004748322043910324, 0.0004720768160024181, 0.0004699165106451402, 0.0004680764519220078, 0.0004667047532587911, 0.000465151128574032, 0.0004635382782187627, 0.0004622274782853723, 0.00046096534946046445, 0.0004595706143287684, 0.000458427277360825, 0.00045699828597263497, 0.00045567503536318244, 0.0004544499639623231, 0.0004533220371633936, 0.00045200930363380534, 0.0004505538851314506, 0.0004494313379022772, 0.0004481023837538824, 0.00044678739298391367]}