{"loss": [0.09690055426250815, 0.08544942348944372, 0.08346954709067755, 0.08241378867207007, 0.0819059444379573, 0.08136679812756258, 0.08151569370516262, 0.0808053399390292, 0.0803388896182868, 0.08033306888360427, 0.0801555804986584, 0.0799281693197785, 0.07994023382412759, 0.07985186037942693, 0.07981916030656153, 0.07971277256382604, 0.07927639207529033, 0.07939473195601343, 0.07954060286905797, 0.07920412039878935, 0.07925980291752345, 0.07909826015849686, 0.07894536112979929, 0.07874015439014939, 0.07874461180800908, 0.07886978383018542, 0.07872801824337906, 0.07844050926333579, 0.07872462306436513, 0.07844283925026921, 0.07853831324047644, 0.07827867753151427, 0.07841141649522486, 0.07811471607458687, 0.07820214642641088, 0.07807135631763151, 0.07816515624860447, 0.07801775815518416, 0.07803693197897048, 0.0778124847447351, 0.07781776756461514, 0.07770079389251841, 0.07784382061207157, 0.07762159583541413, 0.0778595629889313, 0.0775581124566049, 0.07770233441513967, 0.07736564680145552, 0.07757733496750101, 0.07726163582907272], "val_loss": [0.08252761941872987, 0.08103868719069762, 0.08030408410763958, 0.07995277321445629, 0.0788129851269464, 0.07912445617045061, 0.07870289839400528, 0.07886030311914517, 0.07838061828202987, 0.07835148452802577, 0.0786769114728692, 0.07823430499313401, 0.07824944690263151, 0.0781128574945749, 0.07821948916246067, 0.07876840473896767, 0.07791187247972206, 0.07819222546201954, 0.07838494631434016, 0.07836060379474917, 0.0781433707940913, 0.07808872434026198, 0.07811612425323468, 0.07766656821860496, 0.07810201456873364, 0.07797488909526612, 0.07769221294992974, 0.07765928485134778, 0.07805724476431876, 0.078309611556811, 0.0779161375696644, 0.07746422085718965, 0.07764366859800689, 0.07746997297642587, 0.07771545406231002, 0.0774711902792792, 0.07797721011206853, 0.0777863017602996, 0.07773027730450462, 0.07753243159358149, 0.07758929401624268, 0.07790337924944486, 0.07803276555926747, 0.07783108012364323, 0.07794914273544608, 0.07756541030850406, 0.07772359776977494, 0.07763243263304415, 0.07750151974669733, 0.07769594441596366]}