{"loss": [7.973329813482627, 0.4200902539096198, 0.372390803773345, 0.3691831026461227, 0.3670518463133094, 0.3659487326936742, 0.3651705499260368, 0.36457629221405974, 0.36366845175224044, 0.3632685590882575, 0.3626623799300169, 0.3622844431364132, 0.3619477714835869, 0.3615673351643896, 0.36112697121321563, 0.3608879425573956, 0.36059517887181924, 0.3602769855876771, 0.35996848083475363, 0.36011092219204527, 0.3597620373660353, 0.3595061245234637, 0.35924003571278823, 0.35916767048614956, 0.3589202750256961, 0.35881033961365905, 0.35859437953509804, 0.35845009168426356, 0.3582983948783707, 0.3581727391657111, 0.35812470916096567, 0.35803819577186863, 0.357866009996672, 0.3578484383561151, 0.35761375817763014, 0.35768481036812594, 0.35746562321022235, 0.3575474587156789, 0.3571318571587262, 0.35715907635213523, 0.35699126748022125, 0.35703453749577535, 0.35674885660031064, 0.3568180293276563, 0.3568343514144722, 0.35653594574273906, 0.3565371698558297, 0.35617920596538566, 0.35627962500061916, 0.3561831582481032, 0.3563044600332711, 0.35622375692183034, 0.3560544537940777, 0.35600812385574904, 0.35577399568713686, 0.35574323607186636, 0.35549519521806605, 0.35542121317671344, 0.35543486777429134, 0.3552871210244813, 0.3554576250210895, 0.35543485838924666, 0.3552739571136857, 0.35513034482468653, 0.355095296494529, 0.35509290076594663, 0.35489170518330354, 0.35474702419708815, 0.35477664742766485, 0.3545092256203487, 0.3545932393620798, 0.35464579015476927, 0.3543888058486866, 0.3542114505758728, 0.3545294988426572, 0.3544207526909255, 0.3545400574375652, 0.35417351151289034, 0.3540159397958699, 0.35392524481429816, 0.3539052532576359, 0.35379125403239464, 0.3538724645870842, 0.35393034918684013, 0.35396008174241345, 0.353720998025072, 0.3537455202378332, 0.35372458554824365, 0.3535829231562294, 0.35342016087195643, 0.35350543505397314, 0.3535623003273284, 0.3534136874603399, 0.3534328753824773, 0.3531917016534666, 0.3530790215721574, 0.35318198118394956, 0.3531794017740306, 0.3530505266720967, 0.3531626503178457, 0.352989784811009], "val_loss": [7.971510579408338, 0.3819920530983916, 0.37737835802788894, 0.3800142236391433, 0.3744479892113385, 0.36540521355898353, 0.88070608810945, 0.3692496022821567, 0.3700225526676351, 0.3629346595424519, 0.36644622529253207, 0.3691462268277397, 0.36754437643130977, 0.36393899674109575, 0.3708945960260183, 0.36934807941862985, 0.37395996679324733, 0.362207946308908, 0.3642100612894516, 0.38019427800572064, 0.37409864568798445, 0.3678727218093344, 0.3653497495250501, 0.36906214233292817, 0.3623893531191321, 0.3647418343128883, 0.36846648791786174, 0.3720788807268292, 0.36399120431915266, 0.36448892391752635, 0.3620898877899205, 0.36873733293076644, 0.364284376647885, 0.35955275850753743, 0.36520129034849597, 0.3638104639021001, 0.3666438515756484, 0.36613120648368214, 0.3653093485870867, 0.36859716133139686, 0.373702516905686, 0.36117105105407454, 0.3617502009844339, 0.36280933797550974, 0.36420480075804057, 0.36324372105174474, 0.3663841494820425, 0.3639009938496099, 0.3670599469889412, 0.3660482011397324, 0.3670970558032452, 0.3602367816669522, 0.3642421410971926, 0.36862512171204626, 0.3674286500430898, 0.36672582386317015, 0.36103600991395846, 0.3704363914601418, 0.37323258259845715, 0.3617950239332774, 0.3636539296599047, 0.360914991039709, 0.3652095368361643, 0.35943562556222847, 0.3688509178388429, 0.37119736256121577, 0.3619622890061144, 0.36493765075470763, 0.3760959990780242, 0.3668263542481649, 0.3596570672310771, 0.3666954026502059, 0.36460080951243845, 0.37016986293677967, 0.3646103273856174, 0.3610954576826984, 0.3633816023008008, 0.3636307286060618, 0.36903730598468154, 0.3653101001902794, 0.3639255126180907, 0.36025394164378605, 0.3590666798318473, 0.3580773008968962, 0.36711755277338504, 0.36296400787368777, 0.3582276850065737, 0.3601750255228103, 0.36603989890452915, 0.36115228266870114, 0.3588688532550196, 0.35969792884927076, 0.36539536123251326, 0.36505437268656865, 0.3604625329716668, 0.3613991992849963, 0.3687846935074008, 0.36403340647107907, 0.36018550596362553, 0.3644963838126399, 0.3637194273833273]}