{"loss": [0.7075698752895971, 0.4677241134355056, 0.3775017227159406, 0.3662865797413627, 0.36323128290636486, 0.3612194232782595, 0.35973593479105714, 0.35919208694426585, 0.3585166362805096, 0.3575157980614464, 0.3572382808711709, 0.3570001644413394, 0.3565743797103994, 0.3559151345327848, 0.3556730348050791, 0.3555398882382215, 0.35502494015360514, 0.35489170463548814, 0.35459953978252845, 0.3544808146174368, 0.35436264116371113, 0.35403227577486407, 0.3539157302136213, 0.35366234841687144, 0.3534497234689805, 0.35328028852300103, 0.3529402163849023, 0.35298872692788347, 0.35271327300535243, 0.3528139119880026, 0.3526575466790995, 0.3527227526174074, 0.3523724802765974, 0.3521301964976708, 0.3521093053628428, 0.3520034788213013, 0.35185308612568533, 0.3517673607810732, 0.35157469559467486, 0.3514121669554311, 0.35144101483799917, 0.35127607408979955, 0.35113323042589734, 0.3510264298453471, 0.3510128651157115, 0.35099698677839414, 0.3507048436929235, 0.35078376049553867, 0.3506906049682813, 0.35054273394889623, 0.35052562375891827, 0.35047740686635126, 0.3503531667033287, 0.35023935659219846, 0.3501740279062273, 0.3499248884304128, 0.3498850544622024, 0.3500074525318523, 0.34973561267473796, 0.3497354368713181, 0.3497418686411604, 0.3494908078040345, 0.34950188319954795, 0.3494238668537551, 0.34938154140565314, 0.34921174648862485, 0.3492114366371156, 0.34925227138813114, 0.3490466091506693, 0.34897393130657217, 0.3489103172246967, 0.34877101810945305, 0.3487479409146925, 0.34871148608797337, 0.3485192152827176, 0.3484945527200631, 0.3484285002191489, 0.3482497680721629, 0.34823720013876114, 0.3482545192789312, 0.3482503511088111, 0.34807890581056405, 0.34803401540257645, 0.347940565247507, 0.34797216581071544, 0.34782862546512366, 0.3477094395835026, 0.34770802627627023, 0.34763147988387505, 0.34766525914836816, 0.34755461886670663, 0.3475670909518098, 0.34756352693378123, 0.34737422091471176, 0.3472863960587013, 0.3472760897568148, 0.34728596654460875, 0.3471917919134311, 0.34724355015236413, 0.34713038593524487, 0.3471908280110368], "val_loss": [0.707889055188944, 0.5616991125157669, 0.5581652350243673, 0.45457188038592045, 0.41458134215894615, 0.39075201984136826, 0.38214604614272596, 0.3707014663097773, 0.36783141898034005, 0.36173750446406033, 0.3689152912944522, 0.3692930581764693, 0.3671033652654942, 0.36565177936293086, 0.3671033024057271, 0.3714321119554911, 0.36686999681130883, 0.36480685464180723, 0.3631384145163753, 0.3606723240667002, 0.36734434020604584, 0.361860609872566, 0.36269518351829816, 0.36343111534234007, 0.36283820467550365, 0.36122228159472436, 0.36291268814569017, 0.3611045651898636, 0.3628335935062682, 0.361375585422724, 0.3621840606702903, 0.36009725757038935, 0.3599728868668226, 0.36081156499492395, 0.3617595462321583, 0.3606601869152953, 0.3558847525635523, 0.3609045719171216, 0.3601705145437694, 0.36051971957555917, 0.3608419929838707, 0.35985760992117516, 0.3628872103166448, 0.36121927136114373, 0.3590491145011129, 0.3598111643543692, 0.3592418407173207, 0.36429973036184726, 0.3599618172099401, 0.36037647289706143, 0.3597138148157156, 0.36085686755065777, 0.3576855003925681, 0.35841531990864994, 0.3588716337627273, 0.36156393158517147, 0.359656636362365, 0.3602108110328219, 0.36317083858160926, 0.3580242569805035, 0.36081589797028824, 0.35969880418788996, 0.35833702917841204, 0.35858865098956194, 0.35936166054437146, 0.36083371707758766, 0.3581268415986446, 0.36116775934213274, 0.356900195375184, 0.3614914215842292, 0.3572264739860636, 0.35926239583345465, 0.3603898248717861, 0.36109896598120333, 0.3589601207787416, 0.36088569219944366, 0.35980452316305606, 0.36102932859497927, 0.36207560400526323, 0.35577438248507237, 0.3657687168417253, 0.3611623414355977, 0.35592650117584584, 0.3646850109452962, 0.36057135124123774, 0.35988062113262237, 0.3549007354832533, 0.36050861983275595, 0.3586009012325075, 0.36149847090716003, 0.3529331604579846, 0.35556829396068207, 0.36089494233305447, 0.3563936267103128, 0.35867135582216864, 0.3578754051583441, 0.3623836861370948, 0.36195505818471985, 0.3530707024481966, 0.3598459074535947, 0.3616943920075368]}