{"loss": [8.059702406322359, 0.3743535367331382, 0.3598730326138802, 0.35775987605886744, 0.35656226662178586, 0.3555020256163309, 0.354497844088272, 0.3538309217874497, 0.35312392199115594, 0.35265391778326816, 0.35179938007456296, 0.3513023208696513, 0.35072015605786955, 0.35030546306669397, 0.349939969571736, 0.3497606304181692, 0.3494295506515797, 0.3491525630675631, 0.349079662569993, 0.34897616859040737, 0.3485842186411714, 0.3485095390039063, 0.3483142271377927, 0.3483454448580461, 0.3479715694803098, 0.347873800435596, 0.347771602190254, 0.34762840322986016, 0.34755333991434456, 0.3476539455715616, 0.34760167586449237, 0.3474714260745483, 0.3471950938096003, 0.3472708143382932, 0.34729670616856695, 0.3471863201056876, 0.3469245954709398, 0.3468533236625483, 0.3468468035206963, 0.34667704567740354, 0.3467811587853178, 0.34660109525234667, 0.34642977213603915, 0.34648684654265893, 0.3462617854024115, 0.3463410888989511, 0.3463389968295905, 0.3462239207012728, 0.3461479413032995, 0.34621128845781785, 0.3460820340427567], "val_loss": [8.052634726302507, 0.3689401674366278, 0.3627698298621445, 0.36395530473304183, 0.36022657592283297, 0.3568742895309708, 0.36020295449188755, 0.361094220381919, 0.35903882599175624, 0.36034212477158994, 0.3567508050517785, 0.35752726407937907, 0.35414346672777736, 0.35769704227778376, 0.3633331764286635, 0.3578833503603752, 0.35717768744690287, 0.3551488188967399, 0.35622813352514565, 0.3541374658039549, 0.35338150533760854, 0.3534642116713215, 0.3583801889918348, 0.355100045035372, 0.35592356103342715, 0.35642623169816845, 0.35337328126442236, 0.3637010622699675, 0.3569106700998605, 0.3593130302017677, 0.35377561285271303, 0.3540073341389002, 0.3580718102873058, 0.3558050101472513, 0.3570125529410275, 0.35625593573465625, 0.35403913308483376, 0.35856859987713174, 0.35548158414683223, 0.3544858227508845, 0.36176327408381687, 0.3510287710680517, 0.35407165148382747, 0.3550380607338508, 0.35847361975690495, 0.3531145747631117, 0.35529411736744865, 0.3598634421017572, 0.3614102885875773, 0.3529341237863157, 0.35446601891229246]}