{"loss": [7.971126493554147, 0.38688078495623185, 0.3670746591565953, 0.3645124903678362, 0.36329042063053374, 0.36242016035977564, 0.36180192461031563, 0.36124988177858897, 0.3604082840032688, 0.36013535680506614, 0.35987065097464194, 0.35946480203458286, 0.3590060554883141, 0.3587677158583414, 0.3586387406661624, 0.35828370062889053, 0.3581003664983154, 0.35807675137609235, 0.3578288759144145, 0.3575792133143485, 0.3574728893053568, 0.35742941453395805, 0.3571096748065308, 0.3569164619351752, 0.35690298048179164, 0.3564948415019226, 0.35682553314243126, 0.35651175711882843, 0.35612497748599437, 0.356139337837723, 0.3559664212607134, 0.3559250783379698, 0.3556000097281881, 0.35571370611081476, 0.35543739146702313, 0.35557671326748064, 0.35502946372535826, 0.35530884298610077, 0.3550590602394478, 0.3549425819668661, 0.3548708850894722, 0.3547560498687364, 0.35480779723977884, 0.35462172952232196, 0.3544514556578805, 0.35425873622945436, 0.3544029924411906, 0.3541001136195781, 0.35406803661105246, 0.3541733449296442, 0.35392586158799744, 0.35378673765954327, 0.35386886833931686, 0.35407174513938583, 0.3533359146547031, 0.35340641201207906, 0.35358357350491026, 0.35348026611230443, 0.3534076559393084, 0.3531814138148169, 0.353168903385923, 0.35306865558211215, 0.3530530436015525, 0.352821234658299, 0.3527303424336569, 0.352935967266397, 0.3526793582095274, 0.3526100398290514, 0.35247211460030675, 0.35250507347320736, 0.3523641484205297, 0.35252153155246735, 0.35217387647102194, 0.35211004944539503, 0.35210244716320005, 0.3519903598404438, 0.3520344838260837, 0.3520248556812393, 0.3519297064656555, 0.3516946946848077, 0.35186214471940086, 0.3516196408420305, 0.3517450824319057, 0.35155883033573826, 0.3514696789350444, 0.35138116371051425, 0.3516452401334599, 0.35132229432743733, 0.35131655110997967, 0.35123906179634906, 0.3511880074019117, 0.3509702904687413, 0.3509776777154413, 0.3510619728184775, 0.3510813406648938, 0.3509030788681135, 0.3509274599996568, 0.350808183964128, 0.3509058932924429, 0.3508908204669181, 0.3507674328930382], "val_loss": [7.972729925010923, 0.3697986699026323, 0.3796326527803252, 0.3705936795204109, 0.371882837667447, 0.3673464910834687, 0.361981080566691, 0.36654902432150577, 0.3664835262094307, 0.36298104615160315, 0.6951860899852033, 0.3615840387984229, 0.36628624947571903, 0.36585014176695657, 0.3735653285426323, 0.36802491779431934, 0.36562884944454926, 0.3656131329837146, 0.3634214248212423, 0.3630853703048339, 0.3664232652376454, 0.3606613619683428, 0.3622968825985226, 0.3606053716276115, 0.36119404101141955, 0.3674076423854754, 0.3597639919193507, 0.3577601091971474, 0.35574150645083746, 0.37403677300630406, 0.3604630790139995, 0.3646838243480201, 0.3656784579845951, 0.37167573284390876, 0.36611422619321665, 0.35955063904414974, 0.3589246293330809, 0.36856262807260876, 0.3576815460402106, 0.3707881148246403, 0.3601194641555271, 0.3583831569213649, 0.3604142060228577, 0.36415807749824075, 0.36658446947978895, 0.36109051477486265, 0.36283029032493547, 0.36047957867716285, 0.3599875616326081, 0.3602103378833618, 0.35553382720269644, 0.3600908221378924, 0.3637350910644048, 0.3633968164054681, 0.3637208553300711, 0.3619881303226681, 0.3613226535692337, 0.36533866131938303, 0.35794618768209263, 0.36228166328616246, 0.36382059942792544, 0.36878201419419104, 0.361688359317972, 0.36571557278577443, 0.3547953752600042, 0.36412566573998006, 0.3646345964095226, 0.36538010713544367, 0.3630101540146031, 0.3621519909506546, 0.36050112920405347, 0.36043303983953373, 0.35841174107859713, 0.3557172284172044, 0.3607938006946162, 0.3597428471831949, 0.3643488484667736, 0.3545285890262554, 0.35625548336909385, 0.3619673822780226, 0.35907097387655307, 0.356740823649517, 0.3562723738864703, 0.3642448419258529, 0.3550940215482473, 0.3595957679551167, 0.37062688136284017, 0.35535783009446104, 0.3554266048304094, 0.35463202404839206, 0.3581944791618375, 0.3585519868861813, 0.3569409416593777, 0.3674452349951312, 0.35991252028418147, 0.3608814435681956, 0.3637638388493358, 0.3607927504523638, 0.356389930084338, 0.35772734584420623, 0.35950442614951195]}