{"loss": [7.971012742533364, 0.39556469579510156, 0.3625420678272259, 0.35979862810922864, 0.35806201498102797, 0.3570596304564483, 0.35602799651866557, 0.354805281608773, 0.35334984475399805, 0.3526844726420727, 0.35253092323723356, 0.35176465949513275, 0.35137274877598884, 0.35120756164692524, 0.3504221183614667, 0.3504976590278139, 0.34983124466973325, 0.349547808062264, 0.3493536632052938, 0.34920903956291804, 0.3488812050085639, 0.3487355131181334, 0.3488485222343953, 0.34851187759600655, 0.3484874271113923, 0.348303797617615, 0.34816518120913875, 0.3480501469728424, 0.3478863760491516, 0.34787799917461476, 0.3476685484544387, 0.3476745772839931, 0.34754693675131393, 0.34736044888541523, 0.3474019248417412, 0.34728386047071724, 0.3470282010857401, 0.3471527605615832, 0.3468838536473936, 0.3469481131565263, 0.3468993345246474, 0.34709521953052985, 0.3468414045595551, 0.34658079673076997, 0.34642947013494446, 0.34654973329360383, 0.34662581412597976, 0.3464129766070818, 0.3464219419216774, 0.3461480877844876, 0.34625014686723804], "val_loss": [7.9693959641557495, 0.36998990848163926, 0.36353151123913563, 0.3644644131767546, 0.363008564102498, 0.3610999996878895, 0.37233463907081893, 0.3713837630626973, 0.3591867899515075, 0.38143663146934637, 0.3589366632141343, 0.3571092357994084, 0.3705479634410524, 0.35834088770015615, 0.3608255602233153, 0.35359358997513246, 0.3555505017354171, 0.354337717280733, 0.35564902413806326, 0.3592558079255733, 0.36309576770324636, 0.35459762475723194, 0.3556959735214359, 0.3552389314857338, 0.35172688032077715, 0.35529493282321595, 0.3589011129011216, 0.35060317015398695, 0.3590198138019006, 0.35752792977779196, 0.35918476499468427, 0.3555408889274362, 0.35698152667071875, 0.351904498383156, 0.3560441307215456, 0.3552191888736618, 0.3544960520590145, 0.3531204173528547, 0.3537176645023626, 0.3589455067144394, 0.36220174506131075, 0.3575350423539092, 0.36032075450034057, 0.357391437355687, 0.357672968094598, 0.35357962053286535, 0.3552927737331209, 0.36308468055218124, 0.3580505670877486, 0.35594034397953644, 0.3543356835327953]}