{"loss": [0.731301869945841, 0.46314227813044073, 0.422406172822234, 0.403971865087204, 0.3877649606057852, 0.37793302604080703, 0.3730646761263116, 0.37037378861301984, 0.36845905916861527, 0.3672220493029612, 0.3662761977258359, 0.36546377715919226, 0.3648176086413914, 0.36449758130798776, 0.3637906418588407, 0.36333860413650443, 0.363175599900112, 0.3627550653306965, 0.3622936220245703, 0.36208843837207727, 0.3619156341585139, 0.36155630600135796, 0.3613435640545629, 0.36121282736080507, 0.3609946423662129, 0.36089146121698623, 0.3606671243431494, 0.36050197948223117, 0.36049195380327476, 0.3602984959732237, 0.36015958370846124, 0.3599170116686837, 0.35985869522253994, 0.35957485514251847, 0.3596685124107504, 0.35940402481122447, 0.35942081149901184, 0.35920377930270453, 0.35903707261215095, 0.3590745349333724, 0.3589556435833762, 0.35891346582429884, 0.35869360518452253, 0.3586155882334356, 0.3585925165626971, 0.35862593673521864, 0.35836275330754164, 0.3582968358146278, 0.3582220793478578, 0.3580276340687737, 0.35807130731178327, 0.3581349464925273, 0.357950258542171, 0.35784812522768106, 0.35779320721340413, 0.35776848702457, 0.3576521535850783, 0.3576201426554209, 0.35751761481889344, 0.35746462337774937, 0.3573321486063111, 0.35725208426173377, 0.3573057113442988, 0.3571930236486044, 0.35713290996895813, 0.3571108791011913, 0.3568645430245691, 0.3569392810246522, 0.3569349691691525, 0.35692957730351044, 0.35671877654984696, 0.3566676564490553, 0.3567871692593722, 0.35666366015122036, 0.3565789561528662, 0.35654898680283525, 0.35646295214976537, 0.35633554013521, 0.35624577654989537, 0.3562780438863129, 0.35648117409581964, 0.35623181607585774, 0.356157534802902, 0.35609904426690686, 0.3560513070540969, 0.355987385722674, 0.35597879209138195, 0.35584418913652527, 0.3557675479120166, 0.3558368051922935, 0.35573030602968686, 0.3557354131389748, 0.3555893131506379, 0.3557237456714476, 0.35585371970900237, 0.35562552721644086, 0.3554827050695679, 0.35551369355583107, 0.35533043472036857, 0.3553364746692989, 0.3553144681645608], "val_loss": [0.7302021024061082, 0.4380286661525396, 0.43706742443690216, 0.45155662468308383, 0.45572017586221253, 0.4463669463147624, 0.42072992677523846, 0.39028441135161346, 0.38636730995430435, 0.38138696807098643, 0.3743473455494806, 0.37235296406144536, 0.3710280626851588, 0.36946112886471527, 0.3705990172624148, 0.3715395124109478, 0.36551475753212204, 0.36723063494763875, 0.3656734343254681, 0.3694476257980537, 0.36515108447570305, 0.365202249831857, 0.3659795275926343, 0.36626276477933034, 0.36672011385691533, 0.36448252658504704, 0.363926046306514, 0.3657799917747933, 0.3644313417554997, 0.3629414901408121, 0.36283289526202417, 0.3637271913710627, 0.3621854393739014, 0.36302865305782117, 0.36297685541371144, 0.36226640870334437, 0.36616732516293565, 0.3665215212460596, 0.36283354934402284, 0.36504495729041686, 0.36478386830239007, 0.3659885340735429, 0.3672911986102327, 0.3627197282583552, 0.3625300010749182, 0.36270906447504875, 0.36588866056809366, 0.36053590209029346, 0.36230735522936325, 0.3601470652066234, 0.36313448808319826, 0.3590675769799827, 0.36079868819546845, 0.36192841854946345, 0.3627157033001006, 0.3640573474006804, 0.36399347864495, 0.36121798398388266, 0.3659770683837728, 0.3639189158038948, 0.3646565735149145, 0.3622112397498016, 0.36686720334901296, 0.3662676286108267, 0.3615756576215272, 0.3626258658478843, 0.36214704970936634, 0.3654507757978799, 0.36334519987278585, 0.3657168044113411, 0.36284514236803816, 0.362000377411963, 0.36204195071533374, 0.36236054245654287, 0.3634219436520903, 0.3634936087252371, 0.3630922822754173, 0.3654406044930492, 0.3618495805376215, 0.3625690405465429, 0.36524337457501815, 0.3654236547221295, 0.3653868505188295, 0.36239395648695144, 0.3590545240871493, 0.36690759734961464, 0.3588133699852474, 0.36207931434511337, 0.3648285101409684, 0.369271602320101, 0.36164952647571097, 0.36295656621171296, 0.35968483691774017, 0.3598111664120947, 0.35951447894385863, 0.36183215552197273, 0.3610335623702144, 0.36091460854872137, 0.36654736887582434, 0.3654589839646109, 0.36067844176036856]}