{"loss": [0.0926902711256056, 0.08432091252776441, 0.08275832397012987, 0.0822013918201903, 0.08150403864482025, 0.08126752170954163, 0.08119722964400597, 0.0808707561906205, 0.08059269164396783, 0.08026028959975774, 0.08015151251377499, 0.08009141508889547, 0.08022587355614362, 0.07986951160472444, 0.07990855225496254, 0.07973266114463207, 0.07965093418106442, 0.07957070567443411, 0.07945556148033686, 0.07941174084856607, 0.07952439850721835, 0.07924910095351895, 0.0791833906316121, 0.0790393528875462, 0.07895901476147299, 0.07902580205236302, 0.07893418122459701, 0.07877408122451532, 0.07873489664414167, 0.07858193940704356, 0.07863576844136007, 0.07881474306565765, 0.07853479070201067, 0.07865575171723724, 0.07845793046528088, 0.07846985133990667, 0.07838184425857087, 0.0784550969270728, 0.07849361404131067, 0.07834341932974334, 0.07840003140488382, 0.07820145098554498, 0.07817804067955002, 0.07832886680428931, 0.07826872310087876, 0.07822133479762695, 0.07798530642181613, 0.07800915390408922, 0.07794071127720052, 0.07783997996682626], "val_loss": [0.08261669225817349, 0.08023772408782517, 0.08115729722871362, 0.08013236069841029, 0.08020167180521381, 0.08008078967635919, 0.07928426207958301, 0.07941947658686165, 0.07904885152551452, 0.07949371753800112, 0.07907553792778212, 0.07903894118983527, 0.07887068123210474, 0.0792336082824302, 0.07918847910307354, 0.07849009202443862, 0.07847246824422191, 0.07835264692365035, 0.07856053821898772, 0.07877066364022824, 0.07831104835960861, 0.07873653264756111, 0.07813027922623467, 0.07818364891506047, 0.07834618752843746, 0.07849878782127916, 0.07825428982495604, 0.07840517456245734, 0.07816285213826929, 0.07824655821294557, 0.07833536813050322, 0.07816357522261673, 0.07802193221765213, 0.0781317119771505, 0.07792828959068349, 0.07796352406247548, 0.07809472972312816, 0.07768862901080761, 0.0781684819017309, 0.07791485277961753, 0.07823030778395079, 0.07786980736771383, 0.07821006656500262, 0.07794288268711975, 0.07771758475127151, 0.07785792127265266, 0.07804757073092207, 0.07789467774115642, 0.07785076204480246, 0.0778180926334761]}