{"loss": [0.7256761832237244, 0.490856090555191, 0.43801917196273804, 0.42221433288574217, 0.4085117537021637, 0.3975058756446838, 0.38872984139442446, 0.38227563650131224, 0.3782961259651184, 0.37557109550476075, 0.37342575441360476, 0.371997195148468, 0.37081880148887636, 0.3697958294868469, 0.3689232212257385, 0.368172132024765, 0.3677453349494934, 0.3671033878898621, 0.366652296667099, 0.3662323495864868, 0.3656806647968292, 0.3654602165412903, 0.36513013830184937, 0.3648945725154877, 0.36444162672042846, 0.3642442856788635, 0.36391444418907165, 0.36379327335357664, 0.36353102269172666, 0.3633308323478699, 0.3631554887866974, 0.36299512035369874, 0.36273286870002747, 0.36252692154884336, 0.36236849038124086, 0.36221223578453066, 0.3619798786354065, 0.36186320815086365, 0.36173218811988833, 0.3616393645477295, 0.3616180941486359, 0.3613135336303711, 0.36133246388435364, 0.36121742500305176, 0.36103994797706607, 0.3608411398601532, 0.3608040454292297, 0.360751349773407, 0.36074128421783447, 0.36055573735237123, 0.3603658955001831, 0.36030466234207154, 0.36009888511657717, 0.3601675409889221, 0.3600243999671936, 0.3598699602031708, 0.35981987458229064, 0.3596979615688324, 0.3596903583908081, 0.35964516135215757, 0.3594336830711365, 0.35942483251571655, 0.35938995054244993, 0.3592999799823761, 0.3591697656917572, 0.35908875821113584, 0.359010110244751, 0.35898853892326354, 0.35900032884597777, 0.3587857140159607, 0.3588752483463287, 0.3587660534477234, 0.35865974643707277, 0.3585982348442078, 0.35855063371658324, 0.3584971888256073, 0.35852207608222963, 0.3584041187286377, 0.3582533127117157, 0.35836390699386594, 0.3582090197944641, 0.3581860343837738, 0.358037163772583, 0.35807070260047913, 0.3580279923915863, 0.35789949546813965, 0.35787805844306947, 0.3577914335823059, 0.35774808542251585, 0.35781743653297426, 0.3577274553108215, 0.35758779066085816, 0.35763521262168885, 0.3574896037197113, 0.3574809637451172, 0.35742867778778076, 0.3573928832912445, 0.3573194546318054, 0.3574009915351868, 0.35720930864334105, 0.3571629070472717], "val_loss": [0.7256788806915283, 0.45692473870277406, 0.44036599263191223, 0.4268520380115509, 0.41307299028396605, 0.42521731061935425, 0.4120652008533478, 0.3963403777122498, 0.39067049878120425, 0.3857340246200561, 0.37946814041137694, 0.38263615010261537, 0.3746519155216217, 0.37126180275917053, 0.37313692826271055, 0.36975943603515626, 0.37088051456451415, 0.36906418740272523, 0.3674408298301697, 0.36760767095565794, 0.36760080176353455, 0.36754839895248415, 0.36775001589775086, 0.36771532523155215, 0.3668924262905121, 0.3655403192615509, 0.36673647471427917, 0.3654488135051727, 0.3651722697639465, 0.36431042801856994, 0.3665787006759644, 0.36454056467056273, 0.3635912522506714, 0.36358407302856444, 0.3643302531814575, 0.3641001490020752, 0.36338575244903565, 0.365402609205246, 0.3643895084476471, 0.364070751953125, 0.3634892579746246, 0.36673439106941225, 0.36293441267967225, 0.36621798842430114, 0.363202427854538, 0.36297269983291625, 0.36398470014572143, 0.3628815716743469, 0.3618182142353058, 0.36433700547218323, 0.36387864521980284, 0.36230590938568114, 0.3633066551780701, 0.3643718427562714, 0.36200986408233643, 0.3631852923965454, 0.36430081579208373, 0.3613257563972473, 0.36208342087745665, 0.36504112862586974, 0.3651660850811005, 0.36612427968978883, 0.36226015276908874, 0.36283248653411865, 0.36166539798736574, 0.3627932417201996, 0.36230542578697206, 0.3630146398830414, 0.36230259525299074, 0.36112086683273315, 0.36186574645996095, 0.36269107007980345, 0.36108949811935426, 0.36162288370132445, 0.35922156679153444, 0.36039975949287417, 0.3605502655696869, 0.3641848093986511, 0.36137745926856996, 0.3612726140975952, 0.3645069103050232, 0.36427294920921327, 0.36061709269523623, 0.3620423182010651, 0.36020266337394713, 0.36046517868041994, 0.36417165183067324, 0.360803348941803, 0.36167376832962034, 0.35953526545524594, 0.3610781489562988, 0.35974635292053225, 0.36151019285202024, 0.35866941813468933, 0.36049843852996827, 0.3600649279117584, 0.3607321433544159, 0.3602196728992462, 0.3611542003059387, 0.3612365895366669, 0.36059016522407533]}