{"loss": [0.7713300482972614, 0.4456435551065152, 0.3954404410998316, 0.37616890098466266, 0.3706627939840627, 0.3676705799865503, 0.3660066771012074, 0.3647900146700778, 0.363925550705848, 0.363191837991717, 0.36258937005219816, 0.36212904930778506, 0.36159811315980106, 0.3611950260487506, 0.3608424207092752, 0.3605269800471509, 0.36017232885104544, 0.35993232334627706, 0.35974503246161, 0.359561204090551, 0.3593265624142184, 0.35921958065633486, 0.3591449299241136, 0.35864936980965895, 0.35842148300097465, 0.3583162107312988, 0.3581446250315388, 0.3580632157446172, 0.35786201789948724, 0.35778018500274583, 0.3574095866570522, 0.357477538430903, 0.35724419782243455, 0.35721145555210865, 0.3570432489405808, 0.3567793982175431, 0.35670802626354675, 0.35664463484301945, 0.35641120821981653, 0.35635663278224466, 0.3563104684394839, 0.35607213902112284, 0.35608305900623216, 0.356004757447296, 0.3559969681794634, 0.35582388161410033, 0.3557572138528043, 0.3555321812374979, 0.3555486572070831, 0.3554003782124099, 0.3553803827292191, 0.35561605870112983, 0.355136774947617, 0.3551146211435436, 0.3550176794676694, 0.3549442872681923, 0.3547996351174082, 0.35475231865688334, 0.35478226631500676, 0.35460220311152174, 0.3547420148695586, 0.35453181647250465, 0.35436831047422623, 0.3545837717104397, 0.3542746562635323, 0.35422780224448885, 0.35414875670542756, 0.35405521696085185, 0.3541481751022211, 0.3539995073495299, 0.35397651529954505, 0.3538643533676061, 0.35378937669771043, 0.353644803212814, 0.35368198212450713, 0.3535479811784671, 0.3534741197097255, 0.3535783804567497, 0.3533749273145799, 0.35357959726203153, 0.3533273704653498, 0.35331462925787716, 0.3531609449529065, 0.3533894160210769, 0.35310021312300727, 0.35303813393413935, 0.3529638235500661, 0.35290585693398746, 0.35283654323852365, 0.3529471223353413, 0.3529242890936872, 0.3528650355425203, 0.35278520758287224, 0.35267828552239316, 0.35261663815295685, 0.3526988677450392, 0.3525875678483163, 0.35260307851389017, 0.3524134580027102, 0.352437761133285, 0.35243156955526567], "val_loss": [0.7716221648524243, 0.44204950297182766, 0.5179116463156079, 0.48327525741382726, 0.42072065987544577, 0.3921265659312663, 0.3845021740367726, 0.3760734511624886, 0.3737668359548712, 0.3713035461702225, 0.3683395253227519, 0.36616081599948413, 0.362458191596858, 0.3635201539218213, 0.3631049448638016, 0.363355802707123, 0.3623767355865399, 0.3638463356617727, 0.36290189698585945, 0.3595125427611819, 0.3628293598564888, 0.3595634171488652, 0.36171434566296384, 0.36334148651081927, 0.3634106953799863, 0.3607125151401031, 0.3610346944867106, 0.3634463529544156, 0.37427909002391324, 0.363272064380073, 0.3610642682792973, 0.3630755800586898, 0.3608490276146877, 0.36109217702406343, 0.3605493579460059, 0.36208748184280953, 0.3597966092356997, 0.3599719522153554, 0.3610020462910418, 0.360231819066497, 0.35833934860108213, 0.3598355539678522, 0.3591351683765228, 0.36203864821133624, 0.3589612497765376, 0.3626661208122876, 0.3597016494790476, 0.3600035750942969, 0.35742291925475117, 0.3589854163816197, 0.35993534778452374, 0.3602300623208323, 0.35959445499773884, 0.36149481266731354, 0.35853918420838343, 0.36049651184921544, 0.35801471252022166, 0.3633151137635493, 0.35838615149413794, 0.3606155324119139, 0.3560860735622329, 0.3568416201374494, 0.3554118865600222, 0.361777589475707, 0.3612883805173456, 0.359056273494551, 0.3570399496372852, 0.3551516589390692, 0.35664200260441975, 0.3578406674579782, 0.35710946011632966, 0.35695712249992767, 0.3591829016000702, 0.3575085907663017, 0.35860451741870925, 0.3578274068930266, 0.3563790632851435, 0.35899783561696, 0.35896755444226847, 0.36235317536488126, 0.3624767949789157, 0.3565367884839602, 0.3559269399756284, 0.36041972827554536, 0.35877077754684267, 0.35751846302196255, 0.35820646289218666, 0.3535635477601594, 0.35701801312734616, 0.3564928333682876, 0.35717436563995375, 0.3619020697165247, 0.3598936632573441, 0.35573640683344226, 0.36207726681926933, 0.36156106278795286, 0.3601835877672345, 0.357695460987658, 0.35538304404724197, 0.35856518629572276, 0.35547102678601133]}