{"loss": [7.97254153514024, 0.41084154499553693, 0.3748055063603484, 0.3727288979287285, 0.3690264981607955, 0.36624760552857444, 0.36471824190915964, 0.3632293155576399, 0.36229951843710406, 0.3612411025803689, 0.3605389863483578, 0.36036440947327236, 0.3596526277195704, 0.35910497335903074, 0.3587277497953143, 0.35789953344096415, 0.3577660708075552, 0.35771134189381887, 0.35747574155835693, 0.3568364996436853, 0.3569330915890977, 0.35586793618802626, 0.3559279028297249, 0.35579768749601576, 0.35545754221892145, 0.35541769742387413, 0.3550223149719872, 0.35511925953471796, 0.3546589360612081, 0.35492033586142285, 0.354488540029693, 0.3546207658614032, 0.3543388915972186, 0.35419626789988834, 0.35395982842305285, 0.35397061482098474, 0.35402129587100445, 0.353839530296995, 0.3536416202869326, 0.3536794069005134, 0.35350483187731635, 0.3534568614367313, 0.35351397866936796, 0.3532375202361152, 0.35319354114379464, 0.3532982422580077, 0.3530747384861202, 0.3531938654858632, 0.35285906784652465, 0.352759726746865, 0.35283195346530644, 0.35265753023186674, 0.35249740077340797, 0.3524687305856661, 0.352534105680158, 0.3529309019108101, 0.35244873472249816, 0.3524055694446777, 0.3522368145217073, 0.35232289022834484, 0.3523945502282671, 0.35234683970231034, 0.3523827664854996, 0.35207600602166067, 0.3520255564157544, 0.3518531787535417, 0.35198016658379333, 0.35175473622716597, 0.35173787587197536, 0.35193304328356295, 0.3517564520971761, 0.35188767032074647, 0.3516462706019245, 0.3517700008779339, 0.35171388305230655, 0.3514915695214262, 0.35184345583645443, 0.35161253248917496, 0.3515734745182468, 0.3513847735121694, 0.35148325055726853, 0.3514445412564266, 0.3513404904116271, 0.3512514726533191, 0.35115889842758713, 0.35139079835214165, 0.3511660324886071, 0.35130796030274225, 0.351070900594135, 0.3511976162011782, 0.3511762996580978, 0.3510005632755915, 0.3511088213929555, 0.351013688801913, 0.351050161561095, 0.35091889497376083, 0.35103525053150786, 0.3510591053194665, 0.35085554260010854, 0.3508582176037194, 0.3508092886510021], "val_loss": [7.973163688446174, 0.4136667749672132, 0.39706056444324794, 0.3938752554115966, 0.3866387244563825, 0.3824919901899412, 0.3917036631434602, 0.36592917887814347, 0.36654596378745935, 0.3670145581690648, 0.3669886356086601, 0.36796091002051035, 0.3858464915900311, 0.36596742240119046, 0.3662988388834905, 0.3668617468676842, 0.36989283903812675, 0.37507457284854356, 0.3691565497816594, 0.36355033340877646, 0.3648577352965433, 0.3716129232689402, 0.36282031016216126, 0.35966147584506664, 0.7970579793728132, 0.3622873376622894, 0.38341685821867605, 0.3608630536065225, 0.3659220522045721, 0.35734178565820174, 0.36155959918683855, 0.36217362442313117, 0.36075757321444396, 0.3626033249823087, 0.3627275470771305, 0.3631518294263264, 0.36231852911225276, 0.36379912488585725, 0.3621164742495053, 0.36087520065329187, 0.3654116517705666, 0.3674235583262561, 0.3566209960795067, 0.3596095754946442, 0.36091427419462974, 0.3661802489591084, 0.37113930389341504, 0.3601586165920013, 0.3629611463837561, 0.3639533238328066, 0.3670657296090088, 0.36408514835993333, 0.9550899477331218, 0.35977776938112394, 0.3661824640337474, 0.36700564286423404, 0.3579491718729051, 0.36601505189340294, 0.3589396005387653, 0.36555079018711256, 0.36425601154705467, 0.36450472612803897, 0.35889847781994527, 0.3548437994303025, 0.35763238398715796, 0.36339544733435947, 0.36661175811533286, 0.36327607947596874, 0.36025835027263664, 0.35757000427851715, 0.36322110010631653, 0.37061346407399903, 0.365542743266456, 0.3640073728999709, 0.36173271608252383, 0.37370576421847024, 0.3613452587574176, 0.36010473628676615, 0.354685549264184, 0.36041368726321693, 0.36539389937253297, 0.36785138313190807, 0.3639738353175338, 0.359555391324882, 0.36001087455180825, 0.3591272993143473, 0.35525885740201635, 0.3593477323344917, 0.3605656658253005, 0.36676421258599573, 0.3617933164650062, 0.3567720007793999, 0.36447088318369, 0.35715989216784744, 0.3689121200481864, 0.35861830427083347, 0.3646972291641607, 0.3533985712070867, 0.36065337509523926, 0.3825021816577647, 0.35759345220385935]}