{"loss": [0.7036438275146485, 0.4963459105873108, 0.4481091920566559, 0.4390449147605896, 0.4313064267063141, 0.42446552628517153, 0.418298188867569, 0.4123626765537262, 0.40644768585205077, 0.4007011695575714, 0.395386420917511, 0.3905812732028961, 0.3864630909919739, 0.3831344873714447, 0.3805289751243591, 0.3784042388057709, 0.3765875848197937, 0.37514146713256835, 0.3740436421108246, 0.37318309739112854, 0.37225404410362245, 0.37139998916625977, 0.3708009649848938, 0.3701779150009155, 0.36968897455215455, 0.3691609968757629, 0.3687760114097595, 0.3682903661441803, 0.3680296075630188, 0.3675712893104553, 0.3673574522399902, 0.36696235849380493, 0.36669516139030456, 0.3663719420814514, 0.36619924284934996, 0.3659382375907898, 0.36570500471115114, 0.3654467689323425, 0.3653360517406464, 0.365217112903595, 0.3648845068264008, 0.3647719362449646, 0.3645359257411957, 0.3644576826667786, 0.36419979424476623, 0.3641120075416565, 0.3639425530052185, 0.36377086627960203, 0.36373157366752623, 0.3635115209388733, 0.3634371716117859, 0.3632617511177063, 0.3631355682182312, 0.3629868355560303, 0.36291966723442076, 0.3628203774261475, 0.36273066604614257, 0.362550226726532, 0.36250305720329284, 0.3624151459026337, 0.36235044589042664, 0.36236351999282834, 0.3620520384407043, 0.3620284262943268, 0.36193350111961364, 0.36192414141654966, 0.361730390920639, 0.3617718961906433, 0.36168433722496035, 0.361671924495697, 0.361469071559906, 0.36139303840637205, 0.3613390710735321, 0.36129575227737426, 0.3611967565345764, 0.3611614670085907, 0.361123861207962, 0.3609235473442078, 0.36094814558029176, 0.3607942675018311, 0.3606762491130829, 0.3607852418708801, 0.36075621223449705, 0.36058894974708555, 0.3606025616455078, 0.36052307737350464, 0.3604623304653168, 0.3604061934757233, 0.36035787088394167, 0.36028510847091677, 0.3601873850536346, 0.36021487785339357, 0.36015792570114136, 0.3601386916542053, 0.35998952865600586, 0.3600646913051605, 0.35980386472702025, 0.35992291907310486, 0.35996574865341185, 0.3598144165039063, 0.35976249810218813], "val_loss": [0.7024627840614319, 0.45263194863319395, 0.44469670638084413, 0.43871063037872315, 0.4327381278419495, 0.42704204230308535, 0.4268002220726013, 0.4259340640926361, 0.4249960081481934, 0.41212853322029114, 0.4064312267398834, 0.3980907023143768, 0.39604704946517943, 0.3911859251976013, 0.3883063106060028, 0.38613251196861265, 0.3768727486419678, 0.3798896556663513, 0.379266824388504, 0.3749756791305542, 0.37485059222221373, 0.37360699824333193, 0.3727542211151123, 0.37243920155525206, 0.37268095224380493, 0.3719043239593506, 0.3709367195987701, 0.3696741136932373, 0.3695891327381134, 0.3695540602207184, 0.3749440621376038, 0.3693516389656067, 0.3685217069911957, 0.36996685565948484, 0.37178458495140077, 0.37060792252540586, 0.3687233642101288, 0.3688612983894348, 0.3681640106487274, 0.3688277972984314, 0.36851831827163695, 0.36779567454338075, 0.3697935454559326, 0.36730593382835386, 0.36509320072174073, 0.36710424090385435, 0.3672793526554108, 0.36523919713974, 0.3654831153392792, 0.3685823087120056, 0.36598156055450437, 0.3641689404773712, 0.36672973656654356, 0.36812129313468933, 0.3665357032680511, 0.36223738929748533, 0.3669154134273529, 0.3671882078075409, 0.36593718885421755, 0.3663580216407776, 0.36653563190460203, 0.369378873167038, 0.3636209919452667, 0.36466920023918153, 0.3716338294124603, 0.3678389946079254, 0.3655434001159668, 0.36598128218650816, 0.3649021056365967, 0.36507783505439756, 0.36453728342056274, 0.36668279152870176, 0.3677692746543884, 0.3666382874774933, 0.3645961088848114, 0.36409367294311523, 0.3620571701812744, 0.364904017791748, 0.3677200604057312, 0.36282339727401736, 0.362020289888382, 0.36318355750083925, 0.3634395709133148, 0.3649783293628693, 0.3648748851299286, 0.36756878699302675, 0.3665314903450012, 0.3684032244682312, 0.3648066495704651, 0.36376992604255676, 0.36650873608589174, 0.36567546931266787, 0.36468324049949646, 0.3647985823917389, 0.36325188062667846, 0.36308443928718565, 0.3663769357967377, 0.365323024520874, 0.36504249503135683, 0.3668426977825165, 0.3667023397159576]}