{"loss": [0.6934129437637329, 0.42310462991714476, 0.36840607612609866, 0.36421179904937745, 0.3624625394821167, 0.3608601019382477, 0.3599502363395691, 0.3590094061756134, 0.3584678877067566, 0.35796215047836305, 0.3571594527339935, 0.35676347445487977, 0.3564678256034851, 0.3563830689239502, 0.35608043207168577, 0.35559099647521974, 0.3551295525550842, 0.35495768747329715, 0.35473882650375366, 0.35454684524536134, 0.3542869757080078, 0.3540492639541626, 0.3537835374641419, 0.3536577317619324, 0.3534940096759796, 0.3533514801502228, 0.3533468322753906, 0.3529218457698822, 0.3529319995880127, 0.35275842416763303, 0.3525970191383362, 0.35244623943328857, 0.3523032577133179, 0.3523066858577728, 0.35204591857910156, 0.3519976727485657, 0.3517305399513245, 0.3517935405826569, 0.3518537368106842, 0.3516072987937927, 0.3514142403793335, 0.35124843107223513, 0.35115932172775266, 0.3511205047607422, 0.3510550240898132, 0.35097339080810547, 0.3508861030006409, 0.35079330904006956, 0.35059095685958863, 0.3505388198852539, 0.3504957947063446, 0.35045806725502016, 0.3503459776496887, 0.3502505051326752, 0.3502405687713623, 0.3500346606349945, 0.350078117389679, 0.3500755702781677, 0.3499341825962067, 0.3498661978816986, 0.3498605785369873, 0.34977453614234927, 0.3496024719524384, 0.34971228577613833, 0.3496413478374481, 0.3496268325614929, 0.3495235180473328, 0.3496201339149475, 0.3493252390861511, 0.3493909707355499, 0.3492607930469513, 0.3493395398616791, 0.34915457825660706, 0.349190528049469, 0.3492069196605682, 0.34917167333602905, 0.349074182510376, 0.3490708743286133, 0.34903349504470826, 0.34891720298767087, 0.34899011593818663, 0.34892734307289125, 0.34878406496047976, 0.34890952798843383, 0.34874997476577757, 0.3487017352485657, 0.34871983268737794, 0.34873605046272277, 0.3487255592250824, 0.3486238856220245, 0.34865180044174193, 0.3485681416511536, 0.3486738419532776, 0.34854142683029177, 0.34862153450012207, 0.34851638721466066, 0.3484242695522308, 0.3484799020290375, 0.34847173565864564, 0.3482858197116852, 0.34839679162979126], "val_loss": [0.694289787826538, 0.5028946343898774, 0.3868847033882141, 0.3974603423976898, 0.37312795113563535, 0.36838585394859313, 0.3732447435760498, 0.3670451257228851, 0.3679861169910431, 0.36750819747924807, 0.36708589332580566, 0.3643135559654236, 0.3620043271923065, 0.36432581042289736, 0.3697693118953705, 0.3635428492832184, 0.3651167735481262, 0.363380030374527, 0.363317877407074, 0.37134039556503295, 0.36763670724868774, 0.3596603838348389, 7.983010768280029, 0.37291398473739623, 0.36106411185264586, 0.36234134439468385, 0.36303738461494445, 0.3639854881954193, 0.36542233775138855, 0.3643425926303864, 0.361559414730072, 0.3606349610042572, 0.35916580402374265, 0.35913128528594973, 0.3597522251987457, 0.3661551306724548, 0.36098605874061584, 0.3604758405971527, 0.3607972867870331, 0.36182955736160277, 0.36382693299293517, 0.36060077467918394, 0.3613823591804504, 0.359066641664505, 0.3659156547164917, 0.3602728212833404, 0.35798595355033874, 0.3602728729915619, 0.36152145025253296, 0.3586612160205841, 0.3594189591789246, 0.3664124214553833, 0.3621835078620911, 0.3627655047035217, 0.36062113825798037, 0.35832380316734314, 0.36226466044425965, 0.35911210502624513, 0.3624951604938507, 0.3622085712146759, 0.35407850093841553, 0.36093396215438844, 0.36103766860961917, 0.359405116147995, 0.35948269909858704, 0.3603790080833435, 0.36161463154792783, 0.3616722925853729, 0.36734136786460875, 0.35896322679519654, 0.35861269331932066, 0.35827779640197754, 0.35818886174201964, 0.3621628896141052, 0.36368693181037903, 0.3604936639881134, 0.3605127783489227, 0.35812291993141177, 0.36097679819107054, 0.36272130628585814, 0.36234379143714907, 0.3574464154148102, 0.356192155008316, 0.3550873926067352, 0.3645263175106049, 0.35898069164276125, 0.3571045868301392, 0.36041299788475034, 0.3588921517372131, 0.3602751856803894, 0.35725803674697876, 0.362693340511322, 0.35910400750160215, 0.35803528822898867, 0.35973309571266177, 0.35778887026786804, 0.3573759785938263, 0.35622431950569156, 0.3583847581386566, 0.3613355762195587, 0.360481625957489]}