{"loss": [7.969823436640978, 0.3744315393049582, 0.3598711396793362, 0.3574694937863878, 0.35566617603345396, 0.3541089669989375, 0.3531782328572534, 0.3524462059051273, 0.35200408370757813, 0.3515358372241283, 0.3512716024527695, 0.35101328297125794, 0.35049197876938704, 0.3502077909882832, 0.34991005508531575, 0.3497660498291547, 0.34945268684036873, 0.3493631462597514, 0.3491974108632923, 0.3489100135476279, 0.34884738662679154, 0.3484908601786015, 0.3483330609624721, 0.34828608653179255, 0.3482882064416076, 0.34805309513557736, 0.34787976537530524, 0.34792013927381243, 0.34780038099595817, 0.3477270382596431, 0.3475915360684821, 0.34768247825665743, 0.34742411517980004, 0.34730087809546034, 0.3473388390207013, 0.3471809896292317, 0.34714459141298165, 0.3470199506193052, 0.34717816513920524, 0.3468712627350681, 0.34679194800181745, 0.3468295879342376, 0.3466680840445062, 0.3466395399119114, 0.34657985769085486, 0.3467380693602041, 0.3464577947078924, 0.34642289824264655, 0.34628304275219957, 0.3464173971768804, 0.3463122713080065], "val_loss": [7.970071622760373, 0.37065820893001306, 0.3648929938919183, 0.3629893552052426, 0.36322419778049475, 0.3629966769752675, 0.36087311194765787, 0.357147831901786, 0.36100429938925216, 0.36370980736600605, 0.36083497622329497, 0.3556189166901392, 0.3575407188641633, 0.3582430966321575, 0.3564117969102741, 0.357501228688394, 0.3578422079354825, 0.35590826707060447, 0.35523437201489194, 0.35506355219077185, 0.35587880578429393, 0.35549032949104226, 0.35507737295102004, 0.35474112334977015, 0.35409727300675115, 0.35437791058086976, 0.3517918167440563, 0.3531687379717484, 0.3630028229019831, 0.3542471059256675, 0.3556894058295487, 0.3623562245242096, 0.3550988326658654, 0.3526234509808913, 0.3531337503962101, 0.3600939845567876, 0.3522776584306712, 0.35464715035982947, 0.3521295635801442, 0.35290166376425236, 0.3553067345265572, 0.3581798652346502, 0.3581618050080607, 0.35398265605498075, 0.3540683013785164, 0.3569179424454557, 0.35580657812811906, 0.3550582017323918, 0.35283369985972635, 0.35115638002971467, 0.3574210097646413]}