{"loss": [0.7488636250305176, 0.5011512541103363, 0.44630679032325743, 0.4380473890781403, 0.4312760266208649, 0.4248856169319153, 0.418794494228363, 0.4131389382171631, 0.40708802701950075, 0.4014871389579773, 0.3964432878494263, 0.3915447300815582, 0.38724358673095705, 0.3839256799316406, 0.38090794805526734, 0.3786897170829773, 0.3769305717182159, 0.3754807023334503, 0.3743732895469665, 0.3734162361717224, 0.3724152578830719, 0.3717162209033966, 0.37119584400177, 0.37055557538986206, 0.36996596068382265, 0.3695042749595642, 0.36917561465263365, 0.36866949228286744, 0.36827429389953614, 0.3679477563285828, 0.36769956418037414, 0.3674270237159729, 0.3672001185798645, 0.3668317540359497, 0.3664626370239258, 0.36642100717544557, 0.3660808930301666, 0.36582934050559995, 0.3657727145576477, 0.3654221186637878, 0.3652091808319092, 0.365071290807724, 0.3649371714687347, 0.3647393045425415, 0.3646055865097046, 0.36443162553787234, 0.36428286492347717, 0.36413266592025756, 0.36411177141189577, 0.3638812450695038, 0.3636533718299866, 0.3636302402305603, 0.36336895648002626, 0.3632734154701233, 0.3631066312217712, 0.36306559211730954, 0.36298125056266783, 0.3628585271549225, 0.3627397844219208, 0.3626111041259766, 0.36246660579681395, 0.3623151774311066, 0.36237134775161745, 0.36231850091934203, 0.3620932402896881, 0.3619533358860016, 0.3620300401210785, 0.36182539920806883, 0.36172616629600524, 0.3616993252849579, 0.3616040425682068, 0.3614770002937317, 0.3613512944030762, 0.36123588773727416, 0.3613268202018738, 0.361177720451355, 0.36103622358322146, 0.3609648978805542, 0.3609322458744049, 0.36077664957046507, 0.36072396547317503, 0.3606894404506683, 0.36069570038795473, 0.36043945909500125, 0.36040855251312254, 0.36037759740829467, 0.3603530097675324, 0.360390782251358, 0.3602862201023102, 0.3602040614128113, 0.3600703910636902, 0.35994763994216916, 0.36002871695518496, 0.3599138641929627, 0.3598178022480011, 0.35976600897789, 0.3597548609161377, 0.35965188535690307, 0.3596644398880005, 0.3595635217761993, 0.35960761439323424], "val_loss": [0.7489659048461914, 0.4545020453166962, 0.44246283226013183, 0.43987325757980344, 0.4295942026424408, 0.4284978699684143, 0.4253765574836731, 0.4206106910991669, 0.42062298822402955, 0.4088677600002289, 0.4035534612751007, 0.40044138464927675, 0.39512290303230285, 0.38865018330574036, 0.38531632180213926, 0.382801629152298, 0.3779570634174347, 0.3785550880527496, 0.37615572273254394, 0.3760655938529968, 0.3759509007167816, 0.37419731753349306, 0.374433702287674, 0.37139646290779116, 0.3732372504425049, 0.37107669192314147, 0.37018266060829164, 0.3703753773021698, 0.3701833200931549, 0.3691532093811035, 0.36799570996284486, 0.37006054370880126, 0.3695899568462372, 0.36918351481437683, 0.369055851688385, 0.3680265944194794, 0.3680153540420532, 0.36870797660827637, 0.3680321723937988, 0.3670922925853729, 0.36500384450912476, 0.3661157762145996, 0.36714774537086486, 0.36591750807762147, 0.3667167104244232, 0.3636476232433319, 0.36780101605415344, 0.36593400404930115, 0.36536136903762817, 0.3668172518062592, 0.36565358534812925, 0.3660880537414551, 0.36781827250480653, 0.3660846324539185, 0.36310761894226073, 0.36693242165565493, 0.36681620677947996, 0.3665062646770477, 0.36470636649131777, 0.3644180067825317, 0.36569941061019895, 0.3680929406642914, 0.36473252948760987, 0.3674608508872986, 0.3674266561317444, 0.3641676480960846, 0.36477411462783815, 0.3640444566440582, 0.36677565848350524, 0.36448247948646545, 0.36491427127838133, 0.36324351360321044, 0.36347269087791445, 0.3622903967475891, 0.36446664558410646, 0.3655417927646637, 0.3634474043560028, 0.3645804511451721, 0.3646859187412262, 0.3649604260158539, 0.3635999666309357, 0.36250470880508423, 0.364309603767395, 0.3635443922424316, 0.37415206418037417, 0.36408594499588015, 0.3632127081298828, 0.36527872131347655, 0.36292799330711367, 0.3637066752719879, 0.3626533217716217, 0.3643352936267853, 0.3644268019485474, 0.36458331807136535, 0.3637627698135376, 0.36059048149108885, 0.3652030058956146, 0.3647725795841217, 0.36549798783302306, 0.3631276112365723, 0.3625441027355194]}