{"loss": [0.7007094256453745, 0.48295794826226335, 0.39104309282692873, 0.3703762389850713, 0.3655289753805741, 0.36326088185380573, 0.3616594148984028, 0.36084670584128065, 0.3595242977762998, 0.3594011010952832, 0.35842936549567495, 0.35812240388419775, 0.3578827848276069, 0.3574262477783479, 0.3572499583220909, 0.35678420664773586, 0.3564435023726899, 0.3562639137163838, 0.3561944173237787, 0.3558426738740743, 0.35560227979858267, 0.3551667400967845, 0.35516870096385555, 0.35496406464393643, 0.3546687859167355, 0.35455059642123815, 0.3544944307481727, 0.35418955182660317, 0.3541252212227182, 0.35399572532729784, 0.35386594198085924, 0.3538099653701909, 0.3534980514316657, 0.3535071160870638, 0.3535217065416593, 0.35320341149249235, 0.35325373652701025, 0.35300141513836325, 0.35293788547105426, 0.35289696104645973, 0.35262089814331976, 0.35266914955809703, 0.3524051172053677, 0.35238523254553444, 0.3521465306720381, 0.3521389508404875, 0.35224909435937657, 0.35245064951355315, 0.3517996998491617, 0.35160722240256176, 0.3515664387533117, 0.3515832952776782, 0.35145244050246527, 0.35131955174765017, 0.35128093308473174, 0.351284344690104, 0.35108366621387016, 0.3510574649591695, 0.3510667609791982, 0.3509130991838492, 0.3508242457970172, 0.35076893782175994, 0.35085802925622117, 0.3505998490194915, 0.350389688646763, 0.35063403483754035, 0.35035379232223335, 0.3503104369351487, 0.3503015928871029, 0.3500631914028094, 0.3500448130491935, 0.35003023401491895, 0.35009348736507045, 0.3498955621136977, 0.3497879577722026, 0.34989535106843006, 0.3496646499674237, 0.34964815185493636, 0.3495478257227763, 0.3495860716631433, 0.3494446413807707, 0.3492697394068754, 0.3493973049212429, 0.3492860435989439, 0.3492635044821355, 0.3491673959229482, 0.34915375956431277, 0.3490925967173516, 0.34908032615110474, 0.349026910402439, 0.34904198759665006, 0.3489619282566098, 0.348700259261493, 0.3487835042115264, 0.34880851266335006, 0.34902388399699874, 0.3486846328074575, 0.34867415030089216, 0.34856792657449215, 0.34862353948395997, 0.34848701724907527], "val_loss": [0.7010321054528885, 0.4525748068931351, 0.5501231809752662, 0.5064059227051081, 0.42048298672546236, 0.38803001320959973, 0.378829799270407, 0.3795596401114384, 0.37373499808623917, 0.3760827483992572, 0.37163755955104705, 0.37140097667963407, 0.3823822350332914, 0.3717096095896471, 0.3667364584150579, 0.37217188218461794, 0.3698455977913164, 0.3669423478450144, 0.37178930569660806, 0.3633993650191258, 0.36439171688991273, 0.3688578585544269, 0.3636737093566805, 0.36412735289928305, 0.3664955533325003, 0.3616668189561556, 0.36421206316602783, 0.3671679414466188, 0.36513377542087805, 0.36530830258061897, 0.366847130376274, 0.3617197254136843, 0.3614549034305228, 0.3629314702164925, 0.35993869059042227, 0.3625056029957172, 0.3616335224981046, 0.3659395261038575, 0.36571298557475174, 0.36357990637092324, 0.3655989238962393, 0.36592489139116496, 0.3627793296428712, 0.3644937000612573, 0.3623125832350292, 0.36497907304897975, 0.3642100211536057, 0.35750514143169176, 0.3613331345590894, 0.3628730533006673, 0.3621459733248093, 0.3567868277233035, 0.36657256749062006, 0.36368568045124805, 0.3618251899317663, 0.3589891133213167, 0.3600838796376554, 0.3571908858426636, 0.3601508815182886, 0.361741111274271, 0.3578067629801811, 0.35984077633971806, 0.368173783198704, 0.3587281303628292, 0.3588637363572217, 0.36376746635891716, 0.361366894436843, 0.3603407895776319, 0.3624379473678196, 0.3573811943569789, 0.36208268470836746, 0.36242587816199756, 0.3592486254846707, 0.3575057978847632, 0.36015632599973973, 0.3609437571974542, 0.360950240007324, 0.3543631659588363, 0.36047668258784216, 0.3592586033296361, 0.35877876496507694, 0.35945207572130966, 0.363085105014654, 0.35842398263644265, 0.36317662467406053, 0.3612566566705751, 0.361479919288792, 0.3594930335761577, 0.36216833956569894, 0.3579794137764635, 0.36203357231355404, 0.35980964945933724, 0.36002235617729017, 0.3581734855076156, 0.35787363406208045, 0.35867669238301014, 0.3606951566306886, 0.35489295624169304, 0.36044691244742794, 0.3591512227166128, 0.35684825362637873]}