{"loss": [0.7122519853332816, 0.4425063381266172, 0.391735095580196, 0.3742459447228595, 0.36901744731195507, 0.3668531941125012, 0.36566891888708064, 0.36474140040066066, 0.363496610278006, 0.3630516852839129, 0.3623508077732393, 0.3617874135730987, 0.3613884679055397, 0.3609696391534178, 0.36076232615718334, 0.36026195091892577, 0.36012850368359106, 0.35986862115090823, 0.3597015291137025, 0.35929349460801285, 0.35906132437004457, 0.3588758213799693, 0.3586719143880552, 0.35830482664312513, 0.3581031841717371, 0.3580979233664957, 0.35772159709599605, 0.35777632674937804, 0.35741206055875596, 0.35728368988929277, 0.35712386058310724, 0.35699009746551585, 0.3569835807602512, 0.35680599513492733, 0.3567208703264864, 0.35653044361341707, 0.3564516345986704, 0.35618554918501094, 0.35605693136151, 0.35610723702259256, 0.3559775641392921, 0.3558680281065024, 0.3557213235609835, 0.35558814913772985, 0.3553575506967042, 0.3553948299707524, 0.35521653069731707, 0.35496597099650595, 0.35502037223246785, 0.3548509727661187, 0.3549597804097859, 0.3547566176272809, 0.3547236982272683, 0.35459909830508635, 0.35446087520698705, 0.3543328268197068, 0.3542458642792886, 0.3542298806777828, 0.35426250994303377, 0.35410662840827134, 0.35388790272008525, 0.35396727161063635, 0.35387840433405554, 0.3537584185579449, 0.3538278008252996, 0.3536851125173709, 0.3536565650839483, 0.35356986452208494, 0.3535460146981074, 0.3534573918214289, 0.353405955282046, 0.35324218091914444, 0.3532143117338776, 0.3532272395571561, 0.35304991900172084, 0.3530630095126518, 0.35297547327125794, 0.35304009246018864, 0.35296327185687265, 0.35284655241157636, 0.3528904059544186, 0.3528893750141928, 0.35274378151902214, 0.3525863572866328, 0.35256211896955003, 0.35259784525076415, 0.3524288059904217, 0.3524014276773223, 0.3523520886755258, 0.3523003498979191, 0.3524129926238984, 0.352312535185486, 0.3523434475524835, 0.3521532301842479, 0.3522209683713536, 0.35222786353401997, 0.35216644438277167, 0.3521089093294374, 0.35208269199285286, 0.35182778924470204, 0.35199097514102995], "val_loss": [0.7127688321070466, 0.44293329396406095, 0.501697385777617, 0.4879805220150722, 0.42286881248980207, 0.39681210479854906, 0.3845625816863774, 0.3788654744040906, 0.37952799672351356, 0.3687429599872105, 0.36708356574057177, 0.36755500697173143, 0.36533403871840714, 0.36454469077432267, 0.36224656574627034, 0.361398836940369, 0.36499207278650064, 0.3617888517645128, 0.3607481352365247, 0.35991576205584297, 0.3609244368861161, 0.36060447241631893, 0.3587764773657892, 0.36073482045039545, 0.35820770367688043, 0.36000860449791666, 0.3586768005163465, 0.3606334237713723, 0.36058325721855117, 0.3594719120226749, 0.3598081148697711, 0.3614223710107318, 0.3595140775347849, 0.3578185381179394, 0.3588414735476322, 0.3575598965019057, 0.35942350264842743, 0.3587667871035565, 0.35765167337717874, 0.35848423859187983, 0.3573783392883594, 0.35951446556793715, 0.3597021023267726, 0.3591174190865761, 0.3562214611427127, 0.3574971813876886, 0.35765259015606393, 0.35813820778397143, 0.35842043008988944, 0.3559953920566194, 0.35671834533487146, 0.359621210426344, 0.35737007481637223, 0.3576713701386949, 0.35841359318591776, 0.3550837373987472, 0.3580232346462691, 0.3565023138142421, 0.35990575521994206, 0.3558148765025162, 0.3567928965882357, 0.3579108665479372, 0.35719903411903087, 0.35515264298433685, 0.35626846761509984, 0.3582847530966218, 0.35524535801384477, 0.35563856125142934, 0.35723963455471475, 0.35680435881178363, 0.35473882473918117, 0.35655370885167054, 0.3558466340633537, 0.3536768113178168, 0.35471963565113823, 0.3544224655009364, 0.35439152404538676, 0.3581247125319336, 0.3575851268922634, 0.3559207199226795, 0.35434695365422253, 0.35533523122235694, 0.35720803289260417, 0.35345798740425716, 0.35498089838425567, 0.3549436066892479, 0.35763477124663035, 0.3551154162154819, 0.35657172812044036, 0.3548835294701534, 0.35812539586452374, 0.3577510537633719, 0.35523369485643086, 0.3552717656223566, 0.3543196178001023, 0.35446852212545044, 0.3588343116845939, 0.3552366404846518, 0.3581727709790137, 0.355818814671374, 0.3541269109136269]}