{"loss": [0.6944952346992492, 0.4758338650417328, 0.41498849761009216, 0.39200567888259885, 0.3795441924381256, 0.37418555483818056, 0.3712789950466156, 0.36970571462631224, 0.3682173738002777, 0.3673593230342865, 0.3665623287010193, 0.365982559261322, 0.3653866712474823, 0.3648226059436798, 0.36456863492965697, 0.36406442086219787, 0.3636642164516449, 0.36333432970046997, 0.3629807908535004, 0.3629025064659119, 0.3623941163444519, 0.3623026631259918, 0.3620740865898132, 0.3619026894569397, 0.36177034353256227, 0.3613674822807312, 0.3612589788627624, 0.3610825977420807, 0.3608882536888123, 0.3606568053150177, 0.3606606931400299, 0.3603565295791626, 0.36036038146018984, 0.3601604141330719, 0.3602102398777008, 0.35995426711082457, 0.35974535577774047, 0.3597174279308319, 0.35968892572402955, 0.35941839381217955, 0.35932669978141785, 0.35929674837112424, 0.3592835596847534, 0.3588738578987122, 0.3589577531147003, 0.35880116770744325, 0.3587319447040558, 0.3587076522731781, 0.3585764674758911, 0.35854233843803407, 0.3584497340297699, 0.35831978061676023, 0.35826789040565493, 0.35828623354911804, 0.3581516497707367, 0.3580944280147553, 0.35792543184280395, 0.3578595456695557, 0.3578292588996887, 0.357872104845047, 0.35766282415390016, 0.3577065166568756, 0.3575454637336731, 0.35740433584213255, 0.3573509795856476, 0.35746490071296694, 0.3573563268470764, 0.357261424779892, 0.3572652291870117, 0.35709614897727965, 0.3570261619949341, 0.3571223233509064, 0.3569934942054748, 0.3569372552871704, 0.35680482565879823, 0.35686737149238584, 0.3567270900821686, 0.3567778495693207, 0.3566218016910553, 0.35659010232925414, 0.3565635067176819, 0.3564815976715088, 0.3564602458190918, 0.3563785817909241, 0.3564030076694489, 0.3563329424285889, 0.35627696073532106, 0.3561961669826508, 0.3561462848854065, 0.3561487724685669, 0.3561527737426758, 0.35602067153930667, 0.35602684121131895, 0.35597042227745057, 0.3559366835308075, 0.3558959267902374, 0.35574081159591675, 0.3557681690788269, 0.35574776463508606, 0.3556667290115356, 0.3557471171379089], "val_loss": [0.6943472300338746, 0.44549479775428774, 0.4524655003738403, 0.46816514120101926, 0.4180274387836456, 0.3969952169036865, 0.37730377358436584, 0.38193072489738467, 0.3757638823509216, 0.37173948682785035, 0.3687210745811462, 0.3688794791698456, 0.36604368951797484, 0.3678721299266815, 0.3693583854484558, 0.3685114026260376, 0.3686010689353943, 0.36471899295806887, 0.36893680248260496, 0.3644870650672913, 0.3653363836956024, 0.3637986870765686, 0.3656774880027771, 0.36690083351135255, 0.3648247947597504, 0.3632754130077362, 0.36237529125213624, 0.36078510291099547, 0.3635916898536682, 0.3627898738479614, 0.36343202463150026, 0.3625925148677826, 0.3622456325244904, 0.3624646480178833, 0.36460647809028623, 0.3625321893692017, 0.36583700245857237, 0.363064854259491, 0.3613888688468933, 0.3603909259986877, 0.3653052126121521, 0.3606837135219574, 0.3624077527427673, 0.36083952038764955, 0.36044822735786436, 0.35870976015090944, 0.35970064074516295, 0.36211051870346067, 0.3616081109905243, 0.3611896370792389, 0.3613688513946533, 0.3615876917362213, 0.36082133742332456, 0.36527882205963136, 0.3610267923641205, 0.3599703381061554, 0.3608341276359558, 0.3617379436588287, 0.3599167052459717, 0.36004718762397764, 0.3587700214672089, 0.35858279541015625, 0.36055244121551516, 0.36098508295059206, 0.3609954637336731, 0.35972307879447935, 0.3605073509120941, 0.3578337737178802, 0.3614909234905243, 0.36014949586868283, 0.3597311623001099, 0.3617098653125763, 0.36164547043800355, 0.35999877309799194, 0.3623149283409119, 0.35988037495613096, 0.3600174617671967, 0.3595346967029572, 0.3582564643383026, 0.3590697829532623, 0.36011126452445985, 0.3616158634185791, 0.3609775129032135, 0.3629159526062012, 0.3593316400527954, 0.3574382292366028, 0.3607720031738281, 0.358959056930542, 0.36183544564247133, 0.3582688402080536, 0.35797644401550294, 0.3588175871276855, 0.3592569617366791, 0.3614992326450348, 0.36031372438430787, 0.35884185004234315, 0.35799845335006714, 0.36045785696029664, 0.35941246509552, 0.3583383683013916, 0.3580780279636383]}