{"loss": [0.09079139834150605, 0.08353832754490619, 0.08231221210785938, 0.08156800498596066, 0.08133430017597429, 0.08074369995789883, 0.08040345574401708, 0.08033038680973058, 0.08010561910010668, 0.0798145848373219, 0.07971543296100896, 0.07957441555606655, 0.07943779963793828, 0.07944061967186643, 0.07923385449664937, 0.07911029340587128, 0.07919837789750986, 0.0789698671786172, 0.07897018273799102, 0.0787092126477647, 0.07871947147624608, 0.07879194896950524, 0.07866668411543717, 0.07832393981813211, 0.07853242592352766, 0.07852616278882384, 0.07850291983982345, 0.07836864161336506, 0.07838551894071868, 0.07817347184462077, 0.07811601301016043, 0.07819108299310489, 0.07813399654110303, 0.07804609471747097, 0.07793175873706772, 0.07801255699580856, 0.07800095017926577, 0.07782857137636892, 0.07787668007099804, 0.07791422485704708, 0.0777221796931287, 0.07758258263188049, 0.07762826455733839, 0.07765403603387899, 0.0776761941114518, 0.07755356625987338, 0.07738177560731375, 0.07752420872419159, 0.07755888621169355, 0.07738119768122964], "val_loss": [0.08280868175520949, 0.08075813947826863, 0.08006931215261345, 0.07972156260408254, 0.07908776452176815, 0.07950715950418055, 0.0798341457138345, 0.0787661040058466, 0.07915553026836973, 0.07966248486799275, 0.0786621137049929, 0.07868794576123865, 0.07861974462782162, 0.07858602267312084, 0.07916180611536028, 0.07840991766653829, 0.07842623009386315, 0.07857092692245689, 0.0784762891226846, 0.07908290878514743, 0.07835057403209075, 0.0783935661763189, 0.07866315296050759, 0.07836913374929445, 0.07841812393906848, 0.07832586727635532, 0.07857933734587706, 0.07823068245997833, 0.07831703926767335, 0.07831612512697146, 0.079265679421804, 0.07833837828802359, 0.07833404388528353, 0.07828054135120176, 0.0782639236401867, 0.0781098439330177, 0.07817972695630973, 0.07804095232465613, 0.07814939574260933, 0.0782594257519645, 0.07802471701274082, 0.07807245881093396, 0.07825248846852899, 0.07826763886009869, 0.07808338842436151, 0.07806852952772309, 0.07800197792436607, 0.07818976684711654, 0.07826805106270648, 0.07812654769956535]}