{"loss": [0.7314724178493395, 0.4600449784246095, 0.4158354115910077, 0.3962262196192929, 0.382336515398538, 0.3745942946693184, 0.37110938193207205, 0.3688960430888952, 0.3671878575354219, 0.3662391800009659, 0.3654796739983429, 0.3647766146215631, 0.36417847510174095, 0.36372486210837734, 0.36308145578449935, 0.3629782619855343, 0.3625165847614394, 0.3622324024209899, 0.36180893110762274, 0.361623545347636, 0.36152092585895473, 0.36115754140427464, 0.3608960928662955, 0.3608189481692335, 0.3606630641718468, 0.36039328507131374, 0.3602569603330988, 0.3600543870607697, 0.3598798513183147, 0.35971270907094127, 0.35962869156741384, 0.359565196447284, 0.35942310763346813, 0.3591290052759679, 0.3590092019086651, 0.35891334819411436, 0.35875857555271345, 0.35864528492069503, 0.3587663715903041, 0.35850200119158593, 0.35839160182002733, 0.3582877456029386, 0.35819465041582227, 0.3580125630947768, 0.3578343120263354, 0.3579502090847649, 0.35769832416437425, 0.3576813828632289, 0.357719351904576, 0.35770919950646146, 0.35743396761161444, 0.35737995753612395, 0.3572534124401907, 0.3571651010574982, 0.3571434745750959, 0.35704038794043036, 0.35686539993891425, 0.35688139576449207, 0.3568910775517465, 0.35665909623561215, 0.3567045662815852, 0.3565545496756227, 0.3565032980091919, 0.3565746565562626, 0.3563374425279277, 0.3563459525939221, 0.3563551990549371, 0.3561817841954461, 0.3560924895291891, 0.356099832322052, 0.3560473505051045, 0.35608740996666577, 0.3558912138395528, 0.3557185330631982, 0.3557576116140099, 0.35566161340204744, 0.3558825222363339, 0.35563706297590364, 0.3556210043582796, 0.3555339720169382, 0.35540984181834206, 0.35534381379106883, 0.3553428402740483, 0.3552985642277969, 0.35543727232563815, 0.35523652831867436, 0.35515858225650343, 0.35518348808759154, 0.3549842006832775, 0.3550091193879343, 0.3549684343658955, 0.35500474436832136, 0.3550056105537173, 0.35474831899439774, 0.354819150021761, 0.3547240893401752, 0.3546374537870239, 0.35468593769609663, 0.35467201853100766, 0.3545013744276276, 0.35450011957809097], "val_loss": [0.7308920460440355, 0.43134387554880205, 0.4466938319461885, 0.45615033239571184, 0.4542873755166188, 0.4063440571092675, 0.40281321598850683, 0.38905827632977, 0.3761729612183287, 0.37586074987751167, 0.37571872076053225, 0.36937686243915, 0.3689187390537185, 0.36967670151873655, 0.368910268769727, 0.3628285460074775, 0.36910358292395096, 0.36666703390237854, 0.3644042905519005, 0.3635488762953892, 0.36668070311891193, 0.36214110105010716, 0.363039439933455, 0.3654431026022952, 0.36555232425548456, 0.36689783815507776, 0.3666337695200708, 0.3644783418705087, 0.3638986616162925, 0.3621964650683003, 0.36277343162809145, 0.3641288786290496, 0.36469443962057757, 0.36214663698109106, 0.3629922160568127, 0.3649544742692736, 0.3616967169794707, 0.3611077242077463, 0.3633450196547137, 0.3654928997998134, 0.36539431856947585, 0.3639308945417539, 0.3639581794507499, 0.36018781973188235, 0.3613405377502889, 0.36201840668913754, 0.3633931866994492, 0.36026170975327615, 0.36102754449621416, 0.3649397034906586, 0.36000836613512754, 0.36102145962137033, 0.3603883077434589, 0.3616766185733826, 0.3626075345534045, 0.36052757756841436, 0.3669624704871256, 0.3610549117067302, 0.36303131666462507, 0.35925498983985565, 0.3603775982984488, 0.36157691232260813, 0.36683701697307053, 0.36242026032713, 0.3610792619521183, 0.35951869070260106, 0.3585767293198252, 0.36278128118204567, 0.36302268627539397, 0.36125196443168744, 0.35952404565993373, 0.35837166996550057, 0.36162488488956124, 0.3619559816679172, 0.36099730539415886, 0.3614924507446842, 0.36254038499786545, 0.3601686170463672, 0.3594748802756198, 0.35972718722592123, 0.36134226335735337, 0.35864108913540954, 0.35855285249901736, 0.361858970747269, 0.357779030454193, 0.3587134326490606, 0.35817315339507816, 0.35995663076419504, 0.36118471867540725, 0.3595297682516623, 0.3646599661626827, 0.3627281057372856, 0.36105591989539004, 0.360481649554342, 0.36275009549717346, 0.362537928174563, 0.36286282953206117, 0.3634968111100504, 0.36296160924284565, 0.35633242894307543, 0.3555910382652674]}