{"loss": [0.0002122234759733059, -0.036024875699914874, -0.04897092479964084, -0.04995085503551739, -0.049966850538405994, -0.05075596510129022, -0.050359505071018024, -0.05063177468443693, -0.05081638213945388, -0.05031032404179379, -0.050687722164265744, -0.05066978738158712, -0.05061188035708567, -0.05054012406383475, -0.05058998319620297, -0.05059536387850268, -0.050502143397009355, -0.05110589928915194, -0.05018561647454064, -0.05072377359125603, -0.05050127201858447, -0.050516959169928204, -0.05055504234960792, -0.050562962068285804, -0.050481803082045994, -0.050553720444764874, -0.05054711820708688, -0.050375366748268195, -0.05079830931352251, -0.05045344892685388, -0.050648912253153724, -0.0506354045191565, -0.05044004900914885, -0.050655888402659326, -0.05060092029700912, -0.05049364068922957, -0.050544489935760925, -0.050566661123415776, -0.05054758936983381, -0.050552922446737175, -0.050421490896995484, -0.050635926053859436, -0.0504979691859088, -0.05059299299018772, -0.05050594565229563, -0.050442492936735875, -0.05058394796083336, -0.050519540870909006, -0.050547723342105444, -0.0505263752760413, -0.05056087544524292, -0.05051159465218901, -0.0507052298009554, -0.05036921826387378, -0.05056146605804173, -0.05054091232989888, -0.05050710611378366, -0.05048902742746961, -0.05069842848726256, -0.050427827998540675, -0.05056729686810522, -0.050572443837620766, -0.0505623451924277, -0.05050792627212628, -0.05050393512922469, -0.05060665020320749, -0.050459610428969084, -0.05057994863691819, -0.050587564100445064, -0.05051280708909243, -0.05049421156040704, -0.050446695982259614, -0.05061518102373966, -0.05052617137923144, -0.0504197335979368, -0.0505968848626248, -0.05058919754957127, -0.05047089756276207, -0.050500373457739736, -0.05059963836422153, -0.050508695642554585, -0.0505753684990648, -0.05051728653864542, -0.05048072004232701, -0.05057275823172165, -0.0504938541616116, -0.05044320888657455, -0.05055389123645946, -0.050602073921354795, -0.05049707600779988, -0.05047722742224499, -0.05059550416379752, -0.05051534039679963, -0.05052810439442005, -0.05055045349842267, -0.05054162917276905, -0.050413741964846236, -0.05056545081705235, -0.05052618827244541, -0.05059462970163713, -0.05043832123475288], "classifier_loss": [0.07423678302020877, 0.08789497246465956, 0.0906960985427777, 0.08897059698417446, 0.08917387156883776, 0.08716116506085275, 0.08852699162638442, 0.0882343588206804, 0.08759883393830901, 0.08896634819428599, 0.08787977275431925, 0.08818635410665018, 0.08847979447940965, 0.08852702568328485, 0.08832302051210754, 0.08843624754234662, 0.08922324547594215, 0.08741848710232987, 0.09021040655977211, 0.08867315828353949, 0.08899403005540793, 0.08905906933844535, 0.08863475056014779, 0.08852540646311464, 0.08896152258720216, 0.08847121247696745, 0.08841417141581544, 0.08896706456354112, 0.08778318160916437, 0.08871554692300072, 0.08813367330130728, 0.08793442307581767, 0.08847013611394103, 0.08785521322765677, 0.08797452174746798, 0.08820403678274136, 0.0880673812590306, 0.08794468157932317, 0.08818271576394049, 0.08799657811170075, 0.08863563370737738, 0.08769261924333753, 0.08818670655952048, 0.08787728758603713, 0.087934714102294, 0.08799832314233198, 0.08765750809735597, 0.08769100136286594, 0.08775255384810617, 0.08781759221412828, 0.0875075255183589, 0.08782620729281755, 0.08721515536497929, 0.08814600229346747, 0.0876752716386636, 0.08756961177607114, 0.08766991945228345, 0.087957622250346, 0.08696168235287376, 0.08802986213187186, 0.08758729802701866, 0.08720137701989665, 0.08730093367507005, 0.08747694215246359, 0.08738851438944908, 0.08746018691361329, 0.08746308029837375, 0.08726604261942536, 0.08716178320058561, 0.08725748043092509, 0.08730112219266548, 0.08753633991748402, 0.08730612143742632, 0.08726030377884575, 0.08738687396018073, 0.08685805093564668, 0.08710429016690364, 0.08729752624180971, 0.08701893043099568, 0.08670500953596653, 0.08695562422398335, 0.08659904726524686, 0.08701588727458902, 0.08748154674394568, 0.08669384933095181, 0.08702453637501843, 0.08731076484167231, 0.0868694107653343, 0.08643117712264237, 0.08699606182441151, 0.08689571992235505, 0.08651908852831613, 0.08659841731353049, 0.08657431224171902, 0.08651892933764853, 0.08671880430046217, 0.08714991046269384, 0.08673712769046382, 0.08675111677031938, 0.08618996774093006, 0.08646125376656662], "val_adversary_loss": [0.00019400616123301824, -0.04915659861531974, -0.046584814318347365, -0.05214971493025288, -0.04993932396494536, -0.05143761990228639, -0.05185514872862332, -0.05067106419425816, -0.05031653015854285, -0.05192531792800893, -0.05110934889157109, -0.05049760341148887, -0.05139674661750806, -0.05121300437850488, -0.05162689021902732, -0.051209108299763204, -0.05076530383083293, -0.04929143389568614, -0.051786411249704054, -0.04976507022412334, -0.05217605072915607, -0.05063250173586495, -0.050685955645128025, -0.05080224060736132, -0.05088167764803898, -0.05131520213229018, -0.05172238296478279, -0.050720621231093034, -0.05088065924312173, -0.05160383615123817, -0.050548177722463596, -0.05115668112697178, -0.05113617946719584, -0.050582385409644375, -0.051056376324520196, -0.051291995340299865, -0.05117376861371851, -0.05129717799364167, -0.050870307498415, -0.05136873845773862, -0.05152301049525129, -0.050703511750688546, -0.05050073183515134, -0.05022263993539136, -0.05087860340425285, -0.05170470667135033, -0.0509251790071347, -0.05134417086423978, -0.05106786433209017, -0.050836783167453915, -0.050688302768723284, -0.049534750738334646, -0.05177923107581384, -0.05188819370397096, -0.05005522785607329, -0.05141013890558786, -0.05146345882277349, -0.05109922826386002, -0.05081886152603045, -0.05104225682237531, -0.05046072473245983, -0.0505327122597117, -0.05138983945182278, -0.051589194518045785, -0.050249842934798686, -0.051364262196431046, -0.0509111181369273, -0.051334993686656484, -0.0510749714458862, -0.05165166046849263, -0.05155677670642973, -0.05085314002405328, -0.050237218978423384, -0.050847142613883456, -0.051229486901534255, -0.05082672409462551, -0.05216260380630946, -0.05097765806522276, -0.05112188537726241, -0.05164016012773546, -0.05110154597385141, -0.051063415360200815, -0.051117099289966016, -0.050718100113222475, -0.05067286031716467, -0.05140275101506529, -0.051054353447686725, -0.05071220622682773, -0.05144222994455535, -0.05174819635550451, -0.051040448864741364, -0.051393469039435626, -0.05026762643136339, -0.05093293324361559, -0.05141995747798308, -0.05092275581315435, -0.0511376132518219, -0.05156761591798783, -0.05069815225480281, -0.05043066701090004, -0.0515419695570701],