{"loss": [0.0001261173101269383, -0.036086438614171275, -0.049080620576654084, -0.04979946867460532, -0.050273711500794294, -0.05037153858991005, -0.05033022985376041, -0.05047863289979562, -0.05043327129814785, -0.05034956561230178, -0.05033025342795596, -0.050456089206292916, -0.05043415215125321, -0.05035317184221813, -0.05044287424745337, -0.05033525931487772, -0.0503330539014325, -0.050392035928320304, -0.05038199615381447, -0.05039865636166506, -0.05037979936339286, -0.05044485809169763, -0.05053270903874738, -0.05037462907653185, -0.05056304918482107, -0.05041552102301992, -0.050555466821847514, -0.05061495391882361, -0.0504356845232654, -0.05050563402109236, -0.05072403751238682, -0.05069971837348521, -0.05048950840741372, -0.050458158305822176, -0.05060830361839222, -0.05052645867968507, -0.05073076321918098, -0.05062961939029572, -0.050628280760601864, -0.050470642971926695, -0.05058474426069148, -0.05065755498510028, -0.05053529966057732, -0.050609909870282126, -0.050707792281341306, -0.05055702558398673, -0.050567093535578624, -0.050665461902812334, -0.05061958123809398, -0.05069323269401794, -0.05053439795307742, -0.05060660270503074, -0.05053135807588355, -0.05057193684920102, -0.05071096238869064, -0.05066294990707379, -0.05051511791047394, -0.05059041080877321, -0.05072174197571447, -0.0506155871300146, -0.05061912173267597, -0.0505004182956799, -0.05066292710437466, -0.05065397672186918, -0.05050303607364663, -0.05052964576567079, -0.05072619006756953, -0.050596504820460485, -0.05064004600437604, -0.05051225214206469, -0.050711078931991345, -0.05058288713600996, -0.050627431853684485, -0.05053962144054325, -0.050594771079284964, -0.05057494853498627, -0.050732135382934994, -0.05062846751567862, -0.05060235741107012, -0.05056217682911317, -0.050627597352009106, -0.05054774043789873, -0.05065932271785831, -0.05059241969153008, -0.050552456658477636, -0.05057912055544983, -0.05062525405689172, -0.05058102196814194, -0.05062979703945295, -0.050615584820338025, -0.05058651705432583, -0.05059528462766136, -0.05068244209983921, -0.05062821607935915, -0.05061248054116274, -0.05058327760524695, -0.05057537540806691, -0.05068754693805201, -0.05059654219029184, -0.050712152952030076, -0.05052052086487842], "classifier_loss": [0.0738877192285446, 0.09133062331449505, 0.09248612940775368, 0.0896037399477786, 0.08880063629971517, 0.08841442771346716, 0.08846449560414235, 0.08786971460236914, 0.08812060032835828, 0.08833170699523271, 0.0880518421241651, 0.08790923918079312, 0.08785154070733507, 0.08781969595890865, 0.08767452739458297, 0.0877587992196239, 0.0877826121192133, 0.08752146392705326, 0.08765453198126266, 0.08753978281094535, 0.08766454417656516, 0.08740711894632203, 0.08714415371249204, 0.08749933198385151, 0.08712146474893911, 0.087610209694588, 0.08722536983466056, 0.086913379205497, 0.0874337772706989, 0.08730235041993707, 0.08711814293865129, 0.08720409684058454, 0.08753630929259891, 0.08766767173025991, 0.08713568424190611, 0.08758857482369926, 0.08690048307579099, 0.0873121441047165, 0.08734465151343031, 0.08784610722379589, 0.08744680743134521, 0.08731400067012443, 0.08761627192352912, 0.08730338124704982, 0.08689217329521311, 0.08726731849163484, 0.08737415181073374, 0.08694812932479028, 0.08697504330182947, 0.08676042308972322, 0.08722661297873559, 0.08736099955978079, 0.08709021827672153, 0.08715247155893346, 0.08662320326506347, 0.08689381648996748, 0.08732883836631758, 0.08690065315571352, 0.08655922691642012, 0.08658879903040148, 0.0867239490960908, 0.08720461377800713, 0.08678830281317455, 0.08684748212528781, 0.0871474438612781, 0.08693863899889365, 0.08630947547768379, 0.08671574721986855, 0.08681366408357703, 0.08686218894072752, 0.08618566806938135, 0.0866403193174242, 0.08619710220043184, 0.08704080517566466, 0.08666086751432811, 0.08685302199898227, 0.08625018125887256, 0.08634901825226304, 0.08649583774767894, 0.08661876123476729, 0.08632385649604565, 0.08672850061336583, 0.08618810236722778, 0.0861369402188956, 0.08654104841918145, 0.08652451489982421, 0.08619052700918377, 0.08627295110767076, 0.0860013191791144, 0.08608955782890673, 0.08627350726764732, 0.0861761090473074, 0.08592323068964246, 0.08595376628503354, 0.08626734828564737, 0.08611397921482188, 0.0863301234700829, 0.08581365047867374, 0.08605105966519899, 0.08590284351934324, 0.08628555833723624], "val_adversary_loss": [9.475023959641481e-06, -0.04993106453009524, -0.04975092460426913, -0.05045730803870051, -0.0502854009539777, -0.050023448567642924, -0.05013840754336957, -0.05280763635097728, -0.04982406211999372, -0.05031491096738769, -0.05002657562984929, -0.05018918436855576, -0.05079804521583795, -0.050419860460630773, -0.05157232474889652, -0.05144558740151688, -0.05074201898275386, -0.049997651503307934, -0.05010409716359022, -0.05165773679261467, -0.04996486796256733, -0.05172273910749502, -0.05084262241816145, -0.05079701896386201, -0.051892781484875805, -0.050433138807401204, -0.05160692535099891, -0.05111542438312222, -0.05095404321427333, -0.051479687792249616, -0.05161774363913538, -0.05035047688549437, -0.0504589087299268, -0.0506106836591511, -0.05049452050663337, -0.05114087548809687, -0.051371000945335504, -0.05135294990172049, -0.050821289633275625, -0.05025937786190408, -0.05051132292781952, -0.05055602949121363, -0.05075602167379787, -0.05102130047918745, -0.05164132250720288, -0.05095320562803462, -0.051637011876768245, -0.05103687724320445, -0.0509044275173621, -0.04989184681871816, -0.05045420412653539, -0.051203960441199285, -0.05144523153215241, -0.05174283378846213, -0.05077333657622599, -0.050066112061219276, -0.05004726487942095, -0.050265641560956704, -0.04991923639637339, -0.050874034282000886, -0.05029213321685192, -0.050500081469194144, -0.04963789436660614, -0.05007250257188809, -0.051666151865955225, -0.05093260576984463, -0.05128406789668005, -0.05103829073309995, -0.050425008928629424, -0.04985080787595543, -0.050414781567062604, -0.0514440016957935, -0.05139514010621705, -0.05114654012583138, -0.05175858619263644, -0.05211706217981705, -0.05224569803971279, -0.05074224778168689, -0.05003320583409002, -0.05069451568089037, -0.05149485333428565, -0.05162132801795721, -0.05219486635743992, -0.05182757100629427, -0.05128574587663036, -0.05133613571778269, -0.05131646901991367, -0.05104958063896381, -0.05050244275766362, -0.0500181302143489, -0.05158112838345703, -0.050537740636702175, -0.05090601062570593, -0.05074557583360315, -0.05115589499898534, -0.051161395155958175, -0.050980535014047465, -0.051333037633644704, -0.0511264013667391, -0.052068548053948505, -0.05183404290157629],