{"loss": [0.0003954105884075342, -0.041068414041049835, -0.04968417385565756, -0.05017346790446118, -0.050510028501453884, -0.050614504615894444, -0.050880805206297446, -0.050506651158893544, -0.050797072158971494, -0.05074459065913437, -0.05085122343691172, -0.05072354031082553, -0.05096432063361739, -0.0507575978190571, -0.05097286075142294, -0.05075341538781542, -0.05083464160161739, -0.050822055328914144, -0.05061439692032478, -0.05088121442281864, -0.05072539724760933, -0.05077027704066185, -0.05080691654572766, -0.05089651853456463, -0.0508069572071368, -0.05067063388979932, -0.05076416257724108, -0.050723030003286436, -0.05082099280500784, -0.05074023436306962, -0.05083011558702798, -0.050803554386156184, -0.05074509022940613, -0.05079439242652449, -0.05070811650028392, -0.05065790148802379, -0.050782261493949, -0.05075927433138921, -0.050835804830906925, -0.0507781590884591, -0.0507765319695619, -0.05070845080666349, -0.050794398508493516, -0.050823088046557205, -0.050747977920936244, -0.05074782684052166, -0.050811468199922875, -0.05064400862737076, -0.05075948440703607, -0.05085915249719449, -0.05081999677189999, -0.050742232051311044, -0.050871369496560265, -0.05068451800394466, -0.05080352780181277, -0.050727906214803796, -0.05082077244827801, -0.05077310233887772, -0.050784117307928034, -0.05071138002093088, -0.05079498943447328, -0.05073088935348834, -0.05078395784977009, -0.05085526200556757, -0.05071438169808246, -0.050820558462701386, -0.05064559438704554, -0.050805028026670335, -0.05074794860923811, -0.050789563362004506, -0.05081267103448474, -0.050711461905761104, -0.050791646827935716, -0.050758472177476054, -0.050802465859446075, -0.05072702345197975, -0.05077638385475979, -0.050786130012652135, -0.05072551062563634, -0.05076234938921865, -0.05083177894315771, -0.0507597785180905, -0.05067369069494884, -0.05087161128751245, -0.05070584848009578, -0.05078056872195624, -0.050781304002938225, -0.050739070626657334, -0.05068580630833572, -0.050765924426946954, -0.05089641927261886, -0.050687710416479174, -0.05073999447986868, -0.05076108261442476, -0.050651290880684506, -0.050780086933710715, -0.050728684555843985, -0.05089857478631452, -0.050721985265569, -0.0507684543580421, -0.05078073616219774], "classifier_loss": [0.07406566432538698, 0.08852939098137319, 0.09402985506922523, 0.09148491628425319, 0.09012614874578075, 0.09000678396383054, 0.08900794505387677, 0.0901611928628707, 0.08904548751594177, 0.0894285468013643, 0.08897188760573456, 0.08930461957182001, 0.08881832211668167, 0.08938452271643886, 0.08834523918149247, 0.08927430539435925, 0.08858551877816566, 0.08885055747513508, 0.08933451910728289, 0.08838267535344625, 0.08875960323068245, 0.08848657421438147, 0.08842517354567489, 0.08828028440409409, 0.0883547073140905, 0.08889463322809403, 0.08826007540936283, 0.08848443943072577, 0.08801436920009847, 0.08834199437415928, 0.08817854074691028, 0.08801175903863023, 0.08816822629216878, 0.08810957135228598, 0.08820778141308785, 0.0883412055922045, 0.08811154232958308, 0.08816491152692538, 0.08761271154594533, 0.08794595063684485, 0.08796915490728398, 0.0880826225870745, 0.08749500269952469, 0.08767889549717324, 0.08811287533161118, 0.08787526062838448, 0.08765409928141744, 0.08796216559352785, 0.08768214491525142, 0.08752452189639688, 0.08749437191760395, 0.08775994732307071, 0.08709918987403671, 0.08773866811043152, 0.08738188093510484, 0.08779792697248422, 0.08715724728841581, 0.08733367931577261, 0.08730299743518011, 0.08732143328191824, 0.08731613934693119, 0.08753168175414627, 0.08747372751272703, 0.08700244668784501, 0.08741894565302662, 0.08684825114953955, 0.08751090067823901, 0.08694758881481951, 0.0873641026024739, 0.08710644837320727, 0.08694221428578995, 0.08698450264697005, 0.08705640528588121, 0.08696656598703101, 0.08682949346240913, 0.08688660233671458, 0.08687283234901921, 0.08672831604680226, 0.0869391480008205, 0.08670850523640371, 0.08646954689949202, 0.08675229852724248, 0.08715887670465172, 0.08608159746727041, 0.08643552367107096, 0.0866808783689526, 0.08653448154607048, 0.08627231391602287, 0.08673523646260498, 0.08633204938921095, 0.0862564514955377, 0.0865803167828681, 0.0865050789435436, 0.08620998528051069, 0.08675939536312191, 0.08604067682894745, 0.0866102862518975, 0.08582112266732717, 0.08624958213831017, 0.08627628567146406, 0.08630702516935866], "val_adversary_loss": [0.00030859351639482655, -0.04955530189140739, -0.049679817394322694, -0.04917667732799523, -0.049769978265802844, -0.04978014321930773, -0.049843309471736104, -0.04933535562496953, -0.05107334733383209, -0.05128850881738905, -0.04954772799348045, -0.049226125586105146, -0.049472740193954715, -0.050290046837028174, -0.05166675124200301, -0.050620089496132475, -0.04995118962806335, -0.049756468524958845, -0.05062384227310512, -0.050942128497128744, -0.05001069731836507, -0.050419081550258066, -0.051854957907107334, -0.05072631490028155, -0.05039519640654883, -0.04943619926443488, -0.050873348262361034, -0.05010987924443421, -0.05057328962097647, -0.04946073697087702, -0.05072900452370745, -0.05042315837554036, -0.05016859244246306, -0.05024244192244403, -0.05033084072963959, -0.04944902388325479, -0.04993966983785192, -0.050496695590491664, -0.05105164869885864, -0.051162974033134065, -0.05034739491977663, -0.049383723687730696, -0.05059748803314673, -0.0504833534798068, -0.0501901018473123, -0.05071384664611424, -0.050033315171290026, -0.04997323728122188, -0.05033382546039533, -0.05031263235656123, -0.05039628633786907, -0.05034368025491944, -0.05006112454199137, -0.04996731649536074, -0.05036903052468693, -0.05132972032897717, -0.05162174931450893, -0.050783055605889665, -0.050365798182368055, -0.05015627626683593, -0.050518724182969675, -0.050377382467689184, -0.050687981828696896, -0.050216282162938074, -0.049141080843632876, -0.04955032061539999, -0.05044815447419588, -0.05024937670275926, -0.05007402658543288, -0.05072079619367445, -0.05080580190156318, -0.04998699159561944, -0.04989530903998492, -0.050733799897966246, -0.050964002705848534, -0.04988971608966993, -0.04971445212690773, -0.04979538018374889, -0.050991956232514575, -0.05056280389934683, -0.050504537745274546, -0.05111143212527389, -0.050427822297051346, -0.05007774309625147, -0.0494181173509473, -0.05045982936914312, -0.050711904260092276, -0.05040958471885263, -0.05013655736313702, -0.05059683221375058, -0.05049502838143656, -0.05033714916363894, -0.050134943660689206, -0.050538136977617346, -0.05081799542651708, -0.05015350715322781, -0.05042623891978878, -0.05042985977939713, -0.05126173106057367, -0.050815726673852035, -0.05053879911381621],