{"loss": [0.00026976721396431547, -0.03783076758916075, -0.050069587859330016, -0.050588746036954714, -0.050615548820855276, -0.05036477537905755, -0.050289216863175654, -0.050547319301914966, -0.0505674488806177, -0.05037609904916279, -0.050586608643358046, -0.05058416756301687, -0.05061400379610148, -0.05058273581172015, -0.05060183688888959, -0.05049920364897504, -0.05067694503476008, -0.05056456977334467, -0.050695138098484895, -0.05065349411075128, -0.05045508074586005, -0.05068518811240497, -0.05068591562811051, -0.05046446157295391, -0.05056047419879389, -0.050489755191243615, -0.05052352948644003, -0.050609976527250126, -0.05072716476413858, -0.050406778647600355, -0.05062526470409428, -0.050642569739436975, -0.050635014834615584, -0.050583266358560745, -0.05055625726132911, -0.050669545695861226, -0.050587368277656766, -0.05059640944668708, -0.05055337128363464, -0.050608150841675664, -0.05055717018958854, -0.050583004289118244, -0.05063496938740952, -0.050700569882684274, -0.05054179677874469, -0.050519699770771434, -0.050588254076223346, -0.05052981904349614, -0.050718932301272945, -0.050575414672036766, -0.050457756391010654, -0.050605925005130774, -0.05059303797976197, -0.050506279327366885, -0.0505959230230421, -0.05062807511388321, -0.05054231249146653, -0.05048745394510292, -0.05062959265586559, -0.05054377626456463, -0.05065539254400902, -0.05056645310938554, -0.05059363390394808, -0.05053027351380648, -0.05059896522357375, -0.05059439890584097, -0.050588446784980326, -0.05058127335310339, -0.05053431912941243, -0.05059459755485534, -0.05056364006148529, -0.05049750114543065, -0.05052496452788693, -0.05061491642630698, -0.050640971926761216, -0.050514404723111, -0.050516651103826644, -0.050544790277477485, -0.05055697725417727, -0.05046232196879116, -0.05060597307326507, -0.05057620769263361, -0.05051146007973386, -0.050588503630216934, -0.05056922370447343, -0.05054936506590349, -0.05055244193862328, -0.05062051401387156, -0.05051192683867148, -0.05056358703829027, -0.05058766529071943, -0.05049878281705111, -0.050462175747610964, -0.05056264380725297, -0.05062253036983761, -0.05063768478804865, -0.05064296639700242, -0.05049812868921658, -0.05055260023843699, -0.05057358240702913, -0.0506143002391596], "classifier_loss": [0.07404827758365838, 0.08411233376171341, 0.08965781838954777, 0.08856088466554492, 0.08871348523823525, 0.0891653168973586, 0.08927275932555351, 0.08856288021044598, 0.08866619698602099, 0.08901457915572654, 0.08832297662798592, 0.08836272066430799, 0.08870370300068305, 0.08819124978821773, 0.08817439994586757, 0.08844970497844208, 0.08797527464280458, 0.08825992595477287, 0.08807991351770586, 0.08784741876661319, 0.08874871931507164, 0.08806744273544137, 0.08807944482460293, 0.08845139963233975, 0.08804774990583418, 0.08831489503782793, 0.08824173472914533, 0.08782866109213867, 0.08777597065191484, 0.08872543283967091, 0.08794230030722798, 0.0876585247722764, 0.0877135897795877, 0.08799264294766201, 0.0879506616656637, 0.08766359055417383, 0.08775433920551282, 0.08793466015273707, 0.08815167101719752, 0.08788087386008175, 0.08795964027221756, 0.08775316748964576, 0.08750302407572567, 0.08745948365906489, 0.08800068567175627, 0.08784577546187326, 0.08749748788950584, 0.08767520036547226, 0.08699523576034392, 0.0877398512032915, 0.08802310191759909, 0.08731295647775975, 0.08746244108298108, 0.08783977998153131, 0.08749404159709889, 0.08751676351336692, 0.08750414515771023, 0.08774954120538743, 0.08695079220948927, 0.08731712321531482, 0.08737223579105924, 0.08767729710812182, 0.0872275595782735, 0.08758731673126965, 0.0871862877834611, 0.08714467463114445, 0.08706479114779142, 0.0869557520312773, 0.0871799147577477, 0.08695066022060953, 0.08702895889298418, 0.08701519003778271, 0.08700368609341276, 0.08696145224075115, 0.08663285788511428, 0.08711252935891921, 0.08697372498725303, 0.08707589948872015, 0.087035662399268, 0.08716980312497274, 0.08665768585704016, 0.08698127432535223, 0.08704210945525394, 0.08664398925823705, 0.0866244497289464, 0.08670618537220186, 0.08674192357213267, 0.08672642586281382, 0.08685259307738231, 0.08657076690229162, 0.08640758120983827, 0.08702904029293976, 0.08701686286927292, 0.0865038062197029, 0.08626610163750745, 0.0862674404512239, 0.08632355747360401, 0.08656839344013263, 0.08646013731728307, 0.08609996788906193, 0.08643171903516952], "val_adversary_loss": [0.00023426862647576237, -0.05324615137508676, -0.05275896280918194, -0.05275770512337191, -0.051552402679235075, -0.051691384951824224, -0.0508152230088651, -0.05025091288177113, -0.051155199553386564, -0.050158899622204545, -0.050617198350346414, -0.05132027112763979, -0.049993249251367056, -0.051656661029281625, -0.051220492594911175, -0.05150129692576291, -0.05028213940382137, -0.05072694581423716, -0.05070441819282289, -0.05172699969554511, -0.050592602789216616, -0.05058049390740104, -0.05050206151000318, -0.0505334575816207, -0.05135211723143647, -0.05019868245819191, -0.051412894777360545, -0.05093197671892328, -0.05049631678174502, -0.050634898373195125, -0.051071612945348455, -0.05110510108869084, -0.05028169066218865, -0.05172375448419176, -0.050457416229721705, -0.05077251445901483, -0.05010465341621166, -0.05086878049719159, -0.0519392508546288, -0.050429976550561716, -0.050985797023354595, -0.0508835876321722, -0.05111881063645809, -0.05015292407712553, -0.05092073936255357, -0.051034894485771476, -0.05187589063828423, -0.05058825867534411, -0.05015204053457751, -0.05075253913502225, -0.05139399148554623, -0.051150815717219515, -0.05040361265483017, -0.051358315030441117, -0.051286144021257724, -0.050716080962900215, -0.05141202065834119, -0.05023975302216568, -0.05051188299636773, -0.05096345745415167, -0.05109654901287511, -0.0517698456379221, -0.05092667303874245, -0.05143459740106367, -0.050046146256897746, -0.05064501410919896, -0.051270124011954805, -0.05089011126944584, -0.05126428923540044, -0.05036964406882816, -0.05107781581808031, -0.050364259573799516, -0.05090372607233831, -0.05039655976695581, -0.04995110867957024, -0.050993374167312755, -0.050580380337654614, -0.050404159141020956, -0.04993304189654549, -0.05069824370346997, -0.051005700543588946, -0.051378980768198565, -0.0514687255317932, -0.05037389354221784, -0.05092906758683549, -0.05128995612361389, -0.051047911623537855, -0.051134784446976236, -0.05020666983713509, -0.05032917823455729, -0.05064075130858055, -0.05122764922246056, -0.05101927707756289, -0.0502255481887868, -0.05076424484891299, -0.050652084448175, -0.05169310757635835, -0.05153548835154343, -0.05129179384238257, -0.05090672439204106, -0.05103846842849129],