{"loss": [0.00011719175842141928, -0.023197827453644636, -0.050211692599665333, -0.05020964386291235, -0.05015053995208688, -0.050432284524548184, -0.050038291143920985, -0.05005368436631127, -0.05017548642323684, -0.05056974015298291, -0.05060824566041448, -0.05047601661732158, -0.05044121177648419, -0.05053853740356482, -0.05050047589976367, -0.050761329681790805, -0.05077458521759484, -0.05064310461873802, -0.05063147922601009, -0.05057451168874768, -0.050505095954920906, -0.050411232058007606, -0.05060229180283198, -0.05072102358843353, -0.05064924764494459, -0.05065649870476353, -0.05075242286812762, -0.05071716732573719, -0.0507585579885453, -0.05069644332512383, -0.050688408518955126, -0.050707639379379076, -0.050668502013970516, -0.050762929819278435, -0.05073957089632602, -0.05070027983615093, -0.050785666524259324, -0.05067374349727371, -0.05075166976271215, -0.05080021136381694, -0.05074364676304042, -0.05077309298044362, -0.05062913900420921, -0.05082483815867705, -0.05073906335975074, -0.0506727216992141, -0.050675823152392954, -0.05067592039085697, -0.050750917741429216, -0.05074874971210138, -0.050787454821448176, -0.05071145045473378, -0.0506613121736709, -0.050825984904948426, -0.05059370067008756, -0.05070107776789528, -0.05080342686448513, -0.050694805786461225, -0.0506908719091481, -0.050570694310477435, -0.050751386974317886, -0.050669112234915895, -0.050781271044226514, -0.05066528325314585, -0.050605466117380815, -0.05075722388883701, -0.050710858051877326, -0.050695640870132876, -0.050700346884523115, -0.05070534768231188, -0.05077867190054453, -0.05073513838560631, -0.05067385011151028, -0.05069922108472631, -0.05072156142495537, -0.050736424085076934, -0.050696251943450975, -0.05081032349621671, -0.05069281259154374, -0.050703800443958835, -0.050648873396662825, -0.05074350465038149, -0.05077144316422134, -0.050697810603407355, -0.0506763763551361, -0.050684521565805093, -0.05073216945667134, -0.05072798195555676, -0.050682146738984024, -0.050673954632469036, -0.05078087336692559, -0.05063401247536535, -0.05071586392854289, -0.05070255372642855, -0.05073812752053835, -0.05064109691150845, -0.05070633613606494, -0.05067941688818089, -0.05078218279278404, -0.050688290510693276, -0.050666015746883314], "classifier_loss": [0.07416864110625862, 0.08106791991735728, 0.09021665820315714, 0.08924478933825836, 0.08937246740305853, 0.08807434660467947, 0.08938240839771107, 0.08849226985073277, 0.0886204575901578, 0.08783150671696918, 0.08843680682383735, 0.0885895115560879, 0.0885492290384587, 0.0886477231831377, 0.08860448998570766, 0.08807972123844098, 0.08805601834202016, 0.08832399880704878, 0.08865556083328144, 0.08867269615725212, 0.08903527652541464, 0.08904980901767826, 0.0887662095792504, 0.08832163479054472, 0.08827263842618717, 0.08832934467896021, 0.08802876864899824, 0.08822366698032891, 0.08842541431798986, 0.08851398916679297, 0.08845423891886864, 0.0884718612904677, 0.08813346297210121, 0.08809997034912438, 0.08806967482933722, 0.08822570016156579, 0.0879854512847643, 0.08843833398333738, 0.08810732180830658, 0.08760364798057742, 0.08800152513023986, 0.08791213202249076, 0.08842238312140331, 0.08740468544472209, 0.08806137472534542, 0.08804258883560731, 0.08780404276859265, 0.0878661990639647, 0.08743724880471856, 0.08776790735593365, 0.08761312802017068, 0.08767536795103492, 0.08789095864075917, 0.08742802110069281, 0.08799413350454695, 0.08767498884913358, 0.08718084140097644, 0.08763151521317784, 0.08746839691466073, 0.08780676870955699, 0.087709841058292, 0.08741551543116413, 0.08724993563373468, 0.08728204110440681, 0.08768501310211896, 0.08733671761049731, 0.0873792506315419, 0.08719115578024067, 0.08741369378551939, 0.08758496916357962, 0.08683282511866237, 0.08722641898120616, 0.0874505873237269, 0.08705239795613269, 0.08701013156388306, 0.08699088705512985, 0.08698385145765598, 0.08691366763564519, 0.08711224732388345, 0.08707253644196358, 0.08703632045710512, 0.08688794208944758, 0.08691194224429566, 0.08683315562372058, 0.08706236072088647, 0.08694068188337768, 0.08670301320534528, 0.0867721796162809, 0.08690295082461014, 0.08674046542368444, 0.08657793407007598, 0.08644314889992019, 0.08649327291573808, 0.08674101929942771, 0.08659910646280218, 0.08661500370582846, 0.08647541876753824, 0.08640063440967406, 0.08609642521611409, 0.08696166083986462, 0.08662547884718759], "val_adversary_loss": [2.3886949904176422e-06, -0.04966824466532518, -0.051795672812132584, -0.04976683963032485, -0.049252704358580666, -0.046488029090635145, -0.05141845832222799, -0.04813714233639894, -0.04991807083741339, -0.051767408448779965, -0.05099920926735365, -0.04895434690565448, -0.05022208731697155, -0.050337680213710184, -0.05035780665272086, -0.05021394836009896, -0.04918588069470109, -0.05026108893067501, -0.05012740034544804, -0.0517385053372087, -0.049906740227411706, -0.05003298929626446, -0.04936181061090896, -0.05052528337082744, -0.0510123334535374, -0.05026956709945385, -0.051455756675399915, -0.04989737206763151, -0.051130630042747316, -0.0503849047360695, -0.05083224556586703, -0.05008797122841021, -0.05073221531616694, -0.0508858371666259, -0.0503060755420217, -0.051397697227506776, -0.05086130917064689, -0.05074508505292277, -0.05030500060897448, -0.050535483452302174, -0.049941492743123796, -0.04953688496446208, -0.04997475047173127, -0.05022857338904281, -0.050578482305173145, -0.051307582244801475, -0.049309766749100405, -0.05113568649681635, -0.050480659552648, -0.05053143228253197, -0.050895960767359895, -0.0505313000066138, -0.05044516634634017, -0.050949649965007775, -0.04991898567309632, -0.050211471669448726, -0.05095695344780469, -0.051159720242543026, -0.05141228549315189, -0.05022491684199658, -0.05096023136977294, -0.050016160196310375, -0.05048436098533255, -0.0495196507626121, -0.04943646312467713, -0.05130892197517242, -0.05010971023257956, -0.05080502790099117, -0.050345506707932405, -0.05071372177255407, -0.051021668520332346, -0.050592340884044816, -0.05008505504387563, -0.0502970472536572, -0.05063697555695653, -0.05034558243079557, -0.050864888163033084, -0.051280289239318606, -0.04988714387552123, -0.05076810585175373, -0.05031312800597237, -0.05029394948156895, -0.05102099959908883, -0.050167744679083665, -0.05026355734716791, -0.0513341295605157, -0.04980645459280379, -0.05014740983239038, -0.05122683695281331, -0.05044073951251965, -0.05107151166011429, -0.050815388072884715, -0.05031879464930797, -0.04949874629404785, -0.05082927297562511, -0.05062477190085348, -0.05051139376842219, -0.050644467434858814, -0.050227107988437734, -0.049578567886632424, -0.050407313487760265],