{"loss": [-0.00095019168535706, -0.28446281676710966, -0.4549428447592894, -0.4711724647393569, -0.46415526027207094, -0.47085372073411463, -0.4724788963699729, -0.4743782647585325, -0.4744032847064939, -0.4733984239139978, -0.47268300578776, -0.4726180827404348, -0.47365810947941284, -0.4738551960044188, -0.47418142378673217, -0.47415378035394273, -0.474065873006796, -0.4744168450228322, -0.4743968656648037, -0.47450641531142296, -0.4742667952628051, -0.4750113425586738, -0.4752482986649154, -0.47443993548789876, -0.4665910217551649, -0.46970732748129257, -0.4727042342291102, -0.473290989668237, -0.47782118056927336, -0.4762579008442343, -0.47414230261521173, -0.47392780041203336, -0.4703540377590086, -0.4777048887447479, -0.47140540057718533, -0.4741413992034687, -0.47031535746902015, -0.47278257488133246, -0.4758130250387221, -0.4759505953223928, -0.47572988175072606, -0.4761736779928428, -0.47302287760086154, -0.47567263377167873, -0.47351457088620746, -0.473344558584352, -0.47381466740418016, -0.47129883971485026, -0.47293200585193396, -0.4747467313448688, -0.474634497903552, -0.4721356922296017, -0.474428609019985, -0.478061026006832, -0.4725297390985218, -0.47393623088532916, -0.47871780176131706, -0.4713660251365484, -0.4754176972518188, -0.474810618450509, -0.47619022561653046, -0.47676438418723466, -0.47232063063712443, -0.47718426270636183, -0.4720523068675018, -0.47687084379287176, -0.4757231424583344, -0.47782414669083373, -0.47386629648691486, -0.4715386352993291, -0.4773873816709483, -0.47384571714667245, -0.47834233564759837, -0.4731612720844274, -0.47517223410193465, -0.4767701320814372, -0.4746871861628858, -0.47469277899409984, -0.47725111848707524, -0.4668436414982668, -0.4750945883068394, -0.47843553758632323, -0.4742336142820908, -0.4774615676345623, -0.4751001701138117, -0.4776698581373781, -0.4755353531733249, -0.4761480446964804, -0.47350052311275703, -0.476712465324034, -0.4768111731280948, -0.47399022145435055, -0.4779241484013159, -0.47557906120062593, -0.4756097250867109, -0.47655203672538604, -0.4753243116064424, -0.475385044319373, -0.4765807350728713, -0.47537369876557845, -0.4733274047434052, -0.48028968066420313], "classifier_loss": [0.07423678302020877, 0.12356659922826181, 0.14021088295906095, 0.11775317990055495, 0.12859206764011832, 0.11368089615033776, 0.11342555672340805, 0.10844866761698985, 0.10605657306229047, 0.10495660887448434, 0.10408458979449543, 0.10283482280302386, 0.1013473024805707, 0.10033934930898761, 0.09950372368958577, 0.09917175451597406, 0.09884552308676792, 0.09945891471987535, 0.10015794336255998, 0.10040154045237307, 0.10231937119218507, 0.10287836315128181, 0.10346329135232848, 0.10798288194006092, 0.11868889725656014, 0.11272105636407445, 0.11809218574378653, 0.10720311536167226, 0.10394414717164223, 0.10496328235581243, 0.10746517112412159, 0.11515331183634174, 0.11559864491525608, 0.10661168215725354, 0.11532041141135162, 0.11494034230667005, 0.11587927871456712, 0.11556520138235978, 0.10529631775422843, 0.10327841647119824, 0.10458994810149362, 0.1080313792524809, 0.1103322488861445, 0.10584548764029235, 0.109831887207314, 0.11516277310755892, 0.11301612995145006, 0.11445022693864852, 0.1096402998604761, 0.10652601193437898, 0.11025330558030567, 0.11344924447889823, 0.11298048242585873, 0.10167140981804844, 0.11319349647818197, 0.11342232144625247, 0.1018284206686528, 0.115704627105967, 0.10834892602332166, 0.10673479412061437, 0.10590064328159376, 0.10528929084771656, 0.1140571492960197, 0.09835882331795807, 0.10973875217199677, 0.10642602719621745, 0.10258265020454678, 0.10532178204706812, 0.11032986849564834, 0.11191057024173398, 0.10514197518165583, 0.10692592449171491, 0.10594429036281966, 0.11278034274497417, 0.11312803143958407, 0.10568059556341623, 0.10833599844849154, 0.1083604374949141, 0.10759120544076288, 0.13016264232923652, 0.10990192926304747, 0.10025430163035061, 0.10840388707140163, 0.10120835592960764, 0.10638424074222376, 0.10049669378671679, 0.10445138705793766, 0.10766032185793449, 0.11492791730753986, 0.09900104581391124, 0.10264797958644242, 0.10985486479691875, 0.09877365981835512, 0.1058899851656707, 0.10357036410346837, 0.10194246362579831, 0.10694446142052286, 0.11268150562741994, 0.10148940360457605, 0.10743047069980238, 0.10897796369226896, 0.09449119517317485], "val_adversary_loss": [-0.0005156300256644096, -0.4598039289423624, -0.4796752088070099, -0.45381473576390396, -0.48736934923362507, -0.49245681711587624, -0.4681712494412331, -0.46985135925250393, -0.46598997682774657, -0.4740373751723856, -0.4829228032786729, -0.478268497556055, -0.4738738822810254, -0.4739735996543178, -0.47741575413508053, -0.478551770472605, -0.48013491078884035, -0.4808417766370889, -0.4817638105769443, -0.48004714465321074, -0.4806024045797486, -0.47950193184150813, -0.4786398187707107, -0.46763342254396684, -0.4985898988192179, -0.4954187203070795, -0.4760421693567781, -0.4829688607568518, -0.4800964583963605, -0.48400357576835823, -0.4921480227941419, -0.46548419240165806, -0.48824353641603885, -0.4704658458945552, -0.47198381058293765, -0.47430625466358306, -0.4871807708790353, -0.46818224761231836, -0.47896162923750774, -0.4771592277496252, -0.46314841474256413, -0.46838436548672946, -0.4823626420939304, -0.47679361545169413, -0.4832257146197666, -0.4663344609104083, -0.47006868472712005, -0.4873778400216542, -0.4860701738251476, -0.44858568996689124, -0.4908553397223657, -0.4692347427789519, -0.48416579309908914, -0.483388619318071, -0.47222119050907735, -0.4846779279152685, -0.4694576563824799, -0.47105096825642323, -0.4855007122623589, -0.470100038168356, -0.4791565094839384, -0.4858593479569812, -0.4810884033849513, -0.47407692493336556, -0.48333459289951886, -0.47633539025308225, -0.47560498500480103, -0.47716449794739263, -0.493518906042297, -0.48432847175180993, -0.47833099129302, -0.47017824130251645, -0.48122879515072525, -0.47255378647294843, -0.4838429663917673, -0.4747708097276171, -0.4849475305844391, -0.47602093670642287, -0.4739543397239387, -0.46739596018432455, -0.47998916937516056, -0.4790548974405993, -0.4781543714852779, -0.4837785264918375, -0.4743019744844121, -0.4788576265809898, -0.48354761722654954, -0.47484180954118943, -0.4799513214183131, -0.4697488366438514, -0.4787935553511966, -0.4787051976659874, -0.47586537955668573, -0.47966235684123565, -0.47968110256631435, -0.4846328726866591, -0.47316607818948614, -0.48283303024307855, -0.46728544232961045, -0.4817714658448921, -0.4821873570814476, -0.4821873570814476],