{"loss": [-0.7304088939851342, -0.3700205611136481, -0.3876185650551716, -0.4338206940547048, -0.4589509695505161, -0.4696304573034437, -0.4725875615992154, -0.4727526210902316, -0.47269317328212684, -0.4725809942117845, -0.4687123101909959, -0.4431940676742926, -0.45816250618237997, -0.4771621714898887, -0.46634753901276466, -0.4724405770931828, -0.4752434213955765, -0.4753825110817694, -0.47277214401936984, -0.4752182616749616, -0.4768588417276252, -0.4793882594421994, -0.4716949450247785, -0.4657585584007532, -0.4743156864884664, -0.472574426337331, -0.4780577302899363, -0.47758907668511097, -0.47180891035138717, -0.4713480304413608, -0.4752505318880753, -0.4723859650543532, -0.47526269926470316, -0.4752950623538626, -0.4727618610909921, -0.4741259678846829, -0.47287007956235727, -0.47210829946046357, -0.47275125774553095, -0.47819116943026535, -0.4716083342614894, -0.47467811907569174, -0.47279600292319657, -0.47425331619208627, -0.4764336522827862, -0.4732771803590595, -0.47647037200961695, -0.4737425038282794, -0.47413290567809324, -0.4759447961884922, -0.4740215023489098, -0.4731816448657471, -0.4746642214978918, -0.47480647836356815, -0.4744621840905849, -0.47476770158333137, -0.4755557463545118, -0.4759983885200095, -0.4742903267390623, -0.47402600754093366, -0.47227157267001313, -0.47577924148568235, -0.47626176715985186, -0.47492002614509304, -0.4730453936051879, -0.473685765067772, -0.4770612273730682, -0.47364115655743555, -0.47713740408794925, -0.47081713880380766, -0.4746840066574775, -0.4743402323723478, -0.4804353013823814, -0.47238827580681286, -0.471771379820191, -0.4749732718954924, -0.47477330496063036, -0.47434919703556555, -0.4717791520490242, -0.47269743321945856, -0.47610198995715935, -0.47566033803964924, -0.47360020830236715, -0.4762111927427639, -0.4756917276131261, -0.47331700010079364, -0.47572913312882104, -0.475697348238969, -0.4763051438341149, -0.47656319935545, -0.47261921166556986, -0.4712590521728731, -0.47405230967149437, -0.474134105239945, -0.4776866120871956, -0.4724103780818661, -0.47440514940715517, -0.47391785507980766, -0.4769714810434726, -0.4731645935233911, -0.47554437242572256, -0.4757181751477887], "classifier_loss": [0.07419595079107523, 0.2545212168579397, 0.23338407421642915, 0.21983937299383655, 0.2368435022553058, 0.26768974854488087, 0.2883665468599568, 0.2909257878917493, 0.27787644217108565, 0.27229801280305904, 0.2737077634097489, 0.3040121654689148, 0.37526019594126275, 0.24936916813711263, 0.2934820537432253, 0.1790230305649666, 0.13949877773752914, 0.2112581829261854, 0.19109241169736293, 0.14361698150312974, 0.12234316529075738, 0.15528496953341445, 0.16635396303898123, 0.16143011543410565, 0.1535471052496565, 0.14297484000087135, 0.1499309061551999, 0.19593311986160475, 0.2223489897800901, 0.27586652057136474, 0.2843767494261241, 0.277185501276808, 0.18640574475378752, 0.16437606582452732, 0.16934856802471077, 0.18226666170966524, 0.2026327066737948, 0.2412608349776646, 0.22749993673148375, 0.15689424198670737, 0.21776350463499786, 0.18365051841742105, 0.20035691344973056, 0.16167937521309944, 0.18825194138365414, 0.15995033124699587, 0.1554095460453343, 0.14808488860088237, 0.15587151068014718, 0.1891105309202139, 0.22639931838086047, 0.17956609257368936, 0.18679909072710948, 0.2086406330323717, 0.1878896247320746, 0.1559927947905693, 0.16924835289397258, 0.22530345284444986, 0.16931445521416505, 0.24608885326704272, 0.20677050742541214, 0.24116219639019346, 0.17518042831717281, 0.18979738303212396, 0.19875309409786726, 0.24091617729371892, 0.19841012914286635, 0.18011242657001067, 0.16127596292037338, 0.16013341594453304, 0.15889623154525231, 0.12054657004622191, 0.1165395183069088, 0.1444396934355277, 0.14748998739003477, 0.16819887512403756, 0.22198942370450445, 0.31478013848926983, 0.3241299328211841, 0.245358521499933, 0.24192089098722833, 0.21030653530516352, 0.1830967594068757, 0.1717171381059829, 0.15461446117620606, 0.15917957339793357, 0.15976689673291447, 0.1542841069733174, 0.1452903904426563, 0.15145020668741374, 0.22788901927385383, 0.23266786296592196, 0.1941833989951938, 0.14346656362551793, 0.17167362787424334, 0.21051888799953908, 0.12244799209510138, 0.19168441456964316, 0.12332408512578516, 0.1489329048722977, 0.161467650179897, 0.14371575982952015], "val_adversary_loss": [-0.7269812458221988, -0.34682368351896176, -0.41064297737316935, -0.4467024216843833, -0.46537351207473276, -0.4719489911686534, -0.47313137921020315, -0.47274119886783017, -0.47284885978606633, -0.4715287584214826, -0.46112260626856644, -0.4450650977827937, -0.474074438337233, -0.4524726328015442, -0.4675224671959333, -0.47007395605536006, -0.4757816853474151, -0.4716456218277223, -0.47505203756592673, -0.47582620336984616, -0.4735605129236099, -0.47047876051974113, -0.4650471687996154, -0.4688989782079553, -0.4728576881150444, -0.4737827535495136, -0.4776957593127812, -0.4785747656841841, -0.46000073168775807, -0.477701580772444, -0.4745368031925739, -0.4734530533948297, -0.4727022920430754, -0.46906441680813993, -0.4724592217703091, -0.47024926854998667, -0.4773912047154488, -0.4712134415187483, -0.46445606630146075, -0.4801937445486017, -0.4749678714435246, -0.4674563644408108, -0.47922279952352204, -0.47085771197059817, -0.4782310544066379, -0.4720994937103864, -0.47403475906173803, -0.47213734019204207, -0.4747860615732255, -0.4743670022048476, -0.4739059725211382, -0.4716548874698461, -0.47519861489232507, -0.4724442985995158, -0.47739684772012164, -0.4717483489297314, -0.48352102322581375, -0.48055252460896186, -0.4770554666240009, -0.46348920086530937, -0.4757372669411791, -0.48001954256598595, -0.4737265708021605, -0.4784991496550296, -0.4714302935370942, -0.4754307861020323, -0.4718396095342795, -0.47237178256933376, -0.46821265783918425, -0.4747902305866719, -0.46879076126370345, -0.4793804902650359, -0.49076301323401644, -0.48788175359820113, -0.4938263096008857, -0.49966230483033347, -0.47136372367192186, -0.47434436640330446, -0.4682778988192121, -0.4763828343561699, -0.4769001389503768, -0.4731098964201624, -0.4743087532698928, -0.4755293945975281, -0.4730226642414318, -0.4728631139829898, -0.4754903250064313, -0.48036172140077465, -0.467606421759853, -0.47278495398916526, -0.4840932118029758, -0.47424284455165777, -0.4649822879182502, -0.4684067746040823, -0.4633513206556487, -0.47949221044734225, -0.4759227731734741, -0.4743465596831806, -0.4716138004354798, -0.4725923278974908, -0.47483747008617566, -0.47483747008617566],