{"loss": [-0.6364617727697085, -0.3706644724439496, -0.3955060844986557, -0.4144100460724783, -0.34391548233423214, -0.3798219191230247, -0.41623754185791395, -0.4329105513355102, -0.43551740321074195, -0.44156145455206774, -0.4500357067990276, -0.4565434249711124, -0.4615944645509304, -0.4662846619461377, -0.4711490987590318, -0.4764906127492329, -0.47955988086054, -0.47399210283561427, -0.46875645014268347, -0.46990548642157326, -0.47455482259467013, -0.47031919516387155, -0.47198965898030165, -0.4713379131741546, -0.4726691968069108, -0.4750415955031461, -0.4725932675109538, -0.4714395012538416, -0.47693357754887933, -0.47532902643744407, -0.4724726208924553, -0.475686151605198, -0.4765291809937008, -0.4753745821847631, -0.4714346164639681, -0.47404128804800105, -0.4769788256918124, -0.47330823556481816, -0.4712799884760432, -0.47603527496414394, -0.4729357487920938, -0.47471377699800693, -0.47376508361903874, -0.47456145699363095, -0.4742015593973459, -0.4736860505362027, -0.4747748407324383, -0.4740402096481192, -0.47447401998572136, -0.474963718423678, -0.4742717675141096, -0.47477598676233485, -0.47533584646486415, -0.47414279754722966, -0.4750498940599778, -0.47437774787564574, -0.47503728321413874, -0.4743645349274926, -0.4746537258654603, -0.4752923276246639, -0.47453435048846365, -0.47497778106253363, -0.47490029708356, -0.47459458551336065, -0.47469434815620026, -0.47340998092595193, -0.47401969597075033, -0.47590874497713215, -0.4755181255151257, -0.47487529725268807, -0.4732006191530371, -0.4745237114752765, -0.4754416775679012, -0.4750793614811815, -0.47438364904820823, -0.47416803452983625, -0.47502177563250947, -0.47502403839563745, -0.47488974210563634, -0.47466952334950757, -0.4744393485522944, -0.4744960138828596, -0.47444300927642863, -0.47445474534796, -0.47489484910681945, -0.47498454271752427, -0.4748439609280937, -0.47500007921011755, -0.47461004179033633, -0.47442831301888827, -0.4749673655961638, -0.47411139222735493, -0.4746769265639375, -0.4745691629300713, -0.47545967876319606, -0.47426680440509766, -0.47504241147990794, -0.4747483121743739, -0.47455174773149333, -0.47482581187282935, -0.47400985725273787, -0.4782172364158056], "classifier_loss": [0.07406506712003924, 0.20037191628727472, 0.3319057528475231, 0.25559702971205756, 0.15662330857945583, 0.14823219778432478, 0.15988483734251638, 0.18167654930221372, 0.20396058784196897, 0.22280363476037907, 0.2369819877218419, 0.2406436291157752, 0.24038433075121976, 0.23610683438472715, 0.22666262474968313, 0.2104666982966622, 0.18864659519729368, 0.1805069766497521, 0.22477492686979358, 0.22750367900480434, 0.16121821117049792, 0.24641315487615315, 0.1584875048305624, 0.1711433991535061, 0.1797815463988156, 0.15358100588259171, 0.17371777905186006, 0.15609066677623695, 0.14443384485084285, 0.1655418653545895, 0.1353240877756289, 0.12952405348610385, 0.1502721309724255, 0.13615219724870223, 0.16861837189519885, 0.12593404032283848, 0.1250799073988006, 0.1554154711629058, 0.12644569964422686, 0.12884538121817815, 0.16389228113210938, 0.1492211733362432, 0.144272164283232, 0.13533028263125968, 0.15216225594129806, 0.1274989268807657, 0.126889522210422, 0.15168241531547041, 0.12905455527831722, 0.11693225158801888, 0.14723785094486677, 0.11961838142769508, 0.10942227162125079, 0.13060653293849792, 0.12679918448305014, 0.1059047519335393, 0.11570399694482075, 0.13597371680380085, 0.11789252980626884, 0.1057077124025204, 0.13277861502991775, 0.12040858383951598, 0.13386677092237637, 0.12319036831421054, 0.13505155756242193, 0.11214938195512046, 0.13368362722800733, 0.14287115985421267, 0.10937558194099388, 0.12123298775557316, 0.14131977867030915, 0.1413441380131832, 0.1309971800991347, 0.11502413437742798, 0.11807454529999616, 0.1150519522369492, 0.11275545211125333, 0.11329368507513918, 0.10839358157558775, 0.13080604862597142, 0.10674210843583341, 0.11853170105439192, 0.11822526572318734, 0.11301715081323636, 0.11676760869109529, 0.12576389108463185, 0.12598463838498508, 0.10295736576161954, 0.13121418299950077, 0.10285709230416984, 0.11198312016113166, 0.11318645005487521, 0.1279189857064941, 0.11536518387558106, 0.10633519086750053, 0.1346340609254886, 0.10814622143554005, 0.1157094187250159, 0.11514117684150928, 0.14307459741850906, 0.10595109106242714, 0.10100719171569766], "val_adversary_loss": [-0.6395132601605061, -0.328085560397445, -0.4325562302055993, -0.3588130332470225, -0.3573546881509176, -0.40220060365433585, -0.4299488586541275, -0.4378815096023587, -0.44097583119849854, -0.45020992786086006, -0.4580151840102189, -0.4638349781399256, -0.4688115087243228, -0.47367621597251447, -0.4790029285542494, -0.48465462956582417, -0.4865653097194131, -0.49474295696041604, -0.47499744067425553, -0.468879427262898, -0.4731355124680743, -0.48294525493380586, -0.48308239401447983, -0.4758942645020843, -0.4709324182628087, -0.476816701535699, -0.4867702525597948, -0.48099850854996884, -0.4720056060470145, -0.4799485123087034, -0.48408514766457783, -0.4763898148040884, -0.47214447343885685, -0.4873214894514276, -0.4878126794016715, -0.4756655708728717, -0.4769798232441521, -0.4846735144173842, -0.47979431209953327, -0.47387448978936303, -0.4757723125973314, -0.47597213735847405, -0.4774605613692409, -0.4778530725452076, -0.4801378772481986, -0.4814689463927593, -0.4807109424978663, -0.48106601706991253, -0.47982516022583105, -0.47948352609066813, -0.4811939257405908, -0.4799735919100528, -0.4812925813276345, -0.4807251499471, -0.4793363664074904, -0.481666260863491, -0.47836672671893404, -0.4792162828374187, -0.4772749252496739, -0.4792580408034981, -0.4778751898508462, -0.48022725520714493, -0.4775475792702409, -0.4815530966443321, -0.4839176857714978, -0.484169088152581, -0.47793777027070816, -0.4744573135943563, -0.4829379847012781, -0.4839524181951567, -0.48310538893750626, -0.47857411063889643, -0.4765485470033177, -0.48153176735616, -0.48268955237104066, -0.4805747150366339, -0.4777965184496565, -0.47762405737999547, -0.47918963339534265, -0.4788668614485485, -0.4819840570258119, -0.4814168175648969, -0.4815293260618459, -0.4807256738700479, -0.4779974187384136, -0.4778640513632375, -0.47835962865773524, -0.48005844802004644, -0.480437027939228, -0.48088725586852876, -0.4823507432431324, -0.48078024821059034, -0.47989445833515276, -0.4792461966336579, -0.4776677461615662, -0.47813914554618936, -0.47844409507287183, -0.4787881865862754, -0.4807855381057413, -0.48005162997045264, -0.48315639867481597, -0.48315639867481597],