{"loss": [0.0031065872749253304, -0.3160367808333152, -0.4553995479080628, -0.46717432038380813, -0.47365145682346116, -0.47443437733172483, -0.4760805029706648, -0.4762411577376007, -0.47670384260001286, -0.4783589831215183, -0.47555458243353377, -0.4661327623460342, -0.4728532568930534, -0.4742693728884777, -0.47632569407479247, -0.47666827953880586, -0.47823719341201887, -0.47833951838012095, -0.47702324362927473, -0.47722251707982205, -0.47555052964687544, -0.47127772107485044, -0.47544345827470746, -0.475390663174622, -0.4764793038180031, -0.47524719132101134, -0.47343009215142134, -0.4750991471576116, -0.47632118291977243, -0.4758465389790376, -0.4750867169162536, -0.4768250990442704, -0.477231852896342, -0.47734068584932093, -0.4765828520294308, -0.4756467381570235, -0.47629148220732404, -0.4757566114357776, -0.47653303652726947, -0.4761655664178547, -0.47640225940660885, -0.47664272670832075, -0.4766526572576557, -0.47645085983807983, -0.47605532926991206, -0.47780858469978627, -0.4772342658337362, -0.4751735569136619, -0.47562475258746184, -0.4776356148015109, -0.4734037865084572, -0.4785726803148751, -0.4760033743513024, -0.4758573508765065, -0.4771944743835624, -0.47580174972033334, -0.4748477214796949, -0.47832691971827423, -0.4744174757318627, -0.4731774691390501, -0.4784880229559031, -0.4762047058001647, -0.47883479390612166, -0.4763730593413809, -0.47869941383104775, -0.47492152210937316, -0.4770380008414109, -0.4792867059261917, -0.4768678305853314, -0.4766092567062236, -0.47795440290158336, -0.47747615780587477, -0.4769000316876706, -0.47642169516505356, -0.47848350614412527, -0.4758635010922573, -0.47757021049083587, -0.47534938128263765, -0.47849562983417504, -0.47713077883774613, -0.47736988391937757, -0.47717751114319934, -0.4768445452997985, -0.4786665051925596, -0.4761760255686406, -0.47707027978791355, -0.47794425282646125, -0.47298954093389, -0.4789056868392606, -0.47707572187222824, -0.47810739912119915, -0.4781942223545153, -0.47625876775439385, -0.47638096323638546, -0.4773252478640812, -0.4788190063387814, -0.4737256725173466, -0.4770528130528386, -0.4779513002846785, -0.4780659996350422, -0.478074258875475, -0.47915604935373335], "classifier_loss": [0.07406566432538698, 0.12018937888125124, 0.1431368420785181, 0.13131113712103867, 0.11586169087407604, 0.11456083298828705, 0.11231817178400948, 0.11125610021288905, 0.10892764362908386, 0.1086421897843937, 0.11632720465116884, 0.1255471626071702, 0.11611175106888862, 0.11367069595607349, 0.11224123106164928, 0.10668154226953976, 0.10361869259798578, 0.10200692168782657, 0.10455575429043457, 0.10328837390450873, 0.10978973163782628, 0.12227309262208351, 0.11162671173508192, 0.10954929673013421, 0.10918923591551745, 0.1117156373358323, 0.1161095655303092, 0.11418654951010496, 0.10910961193268744, 0.10967667569947626, 0.10896091743503358, 0.10479162608154101, 0.10317919277778745, 0.10252008145488956, 0.10296562995237003, 0.1061123304814462, 0.10605444671129424, 0.10665292085844831, 0.10478071505952462, 0.10577535829816671, 0.10472134009060348, 0.10377085888511207, 0.1041280169144506, 0.10555345124286272, 0.10604444645081802, 0.1041116939045145, 0.10626819918864198, 0.10881947721162456, 0.11294651634236454, 0.10431798063051603, 0.11244921882222947, 0.10444959491360901, 0.10809921863582313, 0.10699736830332986, 0.1112358811912886, 0.1102542752187775, 0.10635963066171611, 0.10639537980090082, 0.1113984407407452, 0.11213964848202582, 0.10395383825842681, 0.10480784587356023, 0.10394030633669146, 0.10647013590992405, 0.10674788965728692, 0.11072009604337912, 0.10482343141648587, 0.10500838148807812, 0.1063564497826443, 0.10748536716740408, 0.1061423609445013, 0.10154930066372962, 0.10840060583173099, 0.10705056993658733, 0.10527719788576204, 0.10856057483725523, 0.10459881124868901, 0.1115313282318769, 0.10247207961145943, 0.10738513519733811, 0.10781183169362459, 0.10573533439648164, 0.10419812937266709, 0.10395860492839484, 0.10588557375163143, 0.10763350193510215, 0.10368636209238848, 0.1113552140032463, 0.09975310142650623, 0.10484009410314203, 0.10280533766879553, 0.1030292077898754, 0.1060230104141017, 0.1047781878034169, 0.10505982278935858, 0.10207541248851326, 0.1111871506185397, 0.10193175291111907, 0.10279456829652003, 0.10106951495700839, 0.10209741381514202, 0.10326297976387501], "val_adversary_loss": [0.002922348215241217, -0.4143995577426952, -0.4821386204867366, -0.4712184505523061, -0.4688449328656418, -0.47954718047672723, -0.47341414080743877, -0.47462996946800406, -0.46186398226424347, -0.457957082184809, -0.47668463263979255, -0.48665272342437793, -0.47851521745643333, -0.48179346676998314, -0.47267649115813376, -0.47297146057991335, -0.4722486078466426, -0.4697067268799938, -0.4736913415489332, -0.4830857583612484, -0.4875828279577576, -0.47511438861335853, -0.46342316012706575, -0.4744425148113781, -0.48032265425682263, -0.4850589877490399, -0.4793049413096616, -0.4820444984778782, -0.48203786282622246, -0.48271294854645097, -0.4778625717519923, -0.47800745412637197, -0.4770489552316729, -0.47256189804762605, -0.4649608381832774, -0.47361794164037413, -0.47581041969663496, -0.47445178610575406, -0.47278786553504093, -0.4732530421294031, -0.47147212924460985, -0.4689244042854854, -0.46729581237394463, -0.4656314888280722, -0.47115582410251544, -0.4542392793368976, -0.47287340359831215, -0.48392333544302, -0.4624446498989078, -0.4629955123395662, -0.46850540617638503, -0.4558392081054374, -0.47980574845387347, -0.4741505776725029, -0.4656963863634508, -0.47008332120372004, -0.46770999453199463, -0.4650756222261326, -0.4757298449113697, -0.4786058175404171, -0.4726257343992666, -0.46117142737725364, -0.4781703756506045, -0.4782190504957828, -0.4693359999379187, -0.4739964786930243, -0.46973539569154427, -0.46391364601316415, -0.4801983767207357, -0.4700263586068225, -0.47285977827276615, -0.4547223575772644, -0.47953885253592965, -0.4701707787564752, -0.4730599896838692, -0.4740559851114434, -0.47285976924231954, -0.4721557401116365, -0.47549659315197224, -0.4715131584510558, -0.4698206151835646, -0.47395004782148353, -0.46687796940557724, -0.4691758768100845, -0.47788972752305037, -0.46974520290455224, -0.45640608180757586, -0.4777329367201485, -0.478098805357125, -0.4727073282253004, -0.472600971096364, -0.4723818967130706, -0.4751291969381828, -0.47265340043541265, -0.4617352235450048, -0.4578481523981802, -0.4706353502987608, -0.4769502108690708, -0.4721926077520773, -0.4748523775340052, -0.4744857767277961, -0.4744857767277961],