{"loss": [-0.7965245924729503, -0.404908570283037, -0.45912719732913043, -0.46042750732569576, -0.4605824271885853, -0.4607226772199282, -0.46080126345440814, -0.44817860632690715, -0.4419485809156277, -0.44956850829110495, -0.4669378087594917, -0.4653610221128216, -0.4614187233313664, -0.4679086617534314, -0.4713948187975805, -0.4728982991022986, -0.47262012473694154, -0.47380676867975124, -0.4720934717166164, -0.47182060527289504, -0.4713339382823647, -0.4732498447418516, -0.46588978069669973, -0.4564585938319679, -0.4687519233650682, -0.4760571341635274, -0.46860544526147757, -0.4721280072007483, -0.47491505470322004, -0.4748145298103562, -0.4758696182427964, -0.47806446213886966], "classifier_loss": [0.07410519918315063, 1.3315699183960208, 1.646131886333195, 1.646091465279025, 1.6459991954406836, 1.6457046620239977, 1.6429848396324622, 1.4250745463068144, 1.3352423453477815, 0.9746102549004644, 0.8579277432665253, 0.6288882602759384, 0.5865838485861498, 0.7308959755754277, 0.6263835006608983, 0.3866800809970976, 0.2844955531063137, 0.35036453936293704, 0.43418395607437327, 0.31008406909844877, 0.20530947996049667, 0.4004484040127245, 0.6531706577626623, 0.5153713316271826, 0.4013277205196958, 0.3253973725305218, 0.3297271373062286, 0.27380796207050767, 0.247858243249748, 0.1913267521600985, 0.1728346788976517, 0.1685157799945946], "val_adversary_loss": [-0.7927211545398672, -0.4695173849070024, -0.47339533199205647, -0.47392473416019254, -0.4739906614885504, -0.4743264352377218, -0.4743593692044059, -0.45332492017604253, -0.47410638501939606, -0.438346210614935, -0.4747371031477287, -0.46416801521011947, -0.5172353939067914, -0.48271773589669154, -0.4697631294454413, -0.47349808763082507, -0.47203361477210376, -0.47720974551679524, -0.47649910734805373, -0.48235997628016364, -0.4534666012569132, -0.4329770798929643, -0.40907188058729427, -0.4406843279316759, -0.47831977942034065, -0.4664589375143198, -0.4667457349149632, -0.4731116591210138, -0.47156153677698964, -0.47661516740735693, -0.4766710147589807, -0.4766710147589807], "val_classifier_loss": [0.0741192781993682, 1.6403134800751675, 1.6403131642227822, 1.6403129402764607, 1.6403119153449597, 1.6402512921493375, 1.6316870129704133, 1.6276232654805036, 1.354379943293915, 1.2898190180047548, 0.7823779997535224, 0.4481825864600429, 0.6734460409474364, 0.5542386131393824, 0.5758410148118871, 0.24220646127440656, 0.39264839133945595, 0.43893209242096654, 0.3639963171359514, 0.20741069804093154, 0.17210656263120516, 0.365203071752928, 0.19348645922273058, 0.6827784357517408, 0.5663298558358152, 0.24656049673414326, 0.23261159300780426, 0.23734602934682666, 0.30394934496698617, 0.14754206776224252, 0.16754597918766703, 0.16754597918766703], "adversary_loss": [-0.7972656435399604, -0.41822426909109733, -0.4755885148720603, -0.47688842240846835, -0.47704241876671616, -0.47717972202472214, -0.4772311122138743, -0.4624293515217139, -0.4553010031065874, -0.4593146111304493, -0.4755170865096507, -0.471649904952803, -0.46728456202625795, -0.4752176232039275, -0.47765865353711856, -0.476765100041549, -0.4754650813706596, -0.47731041109233285, -0.47643531142364204, -0.47492144653776275, -0.47338703283277533, -0.4772543288973912, -0.4724214876727655, -0.46161230702783, -0.4727651996998392, -0.4793111068777196, -0.4719027170126408, -0.47486608667079566, -0.4773936361442909, -0.47672779594844056, -0.47759796493923884, -0.4797496191302025], "val_loss": [-0.7919799618969418, -0.45311425066932276, -0.4569922019319252, -0.4575216074420999, -0.45758754270779967, -0.4579239234919084, -0.458042500906262, -0.437048690060295, -0.4605625884265952, -0.42544802237356716, -0.46691332238241645, -0.45968619016849604, -0.5105009328001175, -0.47717534948704227, -0.4640047193032889, -0.4710760230937279, -0.4681071297581456, -0.4728204255525247, -0.4728591448620402, -0.4802858707232206, -0.45174553509841475, -0.4293250489074773, -0.40713701711446154, -0.4338565440102689, -0.4726564800830902, -0.4639933317613046, -0.46441961971878815, -0.470738199167193, -0.4685220443126215, -0.4751397491323451, -0.4749955550325301, -0.4749955550325301]}