{"loss": [-0.003341296434484214, -0.014129254053751488, -0.0466382206343117, -0.1114069565906545, -0.25769775963503955, -0.43115076710488065, -0.4681065416233763, -0.4481281075345619, -0.460832657226321, -0.46810390054509643, -0.4731848930568996, -0.4707108517059864, -0.4831689456639939, -0.4698085332026118, -0.4702185860643689, -0.4725759568258125, -0.4765413462783074, -0.4749876322400252, -0.47097083092681297, -0.4774399980328367, -0.47531519237622005, -0.4713093698565047, -0.48059500780943476, -0.4688956231552799, -0.4747929271081797, -0.47840499545195764, -0.4691022821307324, -0.48032109197776274, -0.4733150833545145, -0.47241012615425887, -0.4797754028907807, -0.47008369395742106, -0.48019695646253213, -0.4718711695923708, -0.4790079260139959, -0.47651110766387744, -0.4712068729082739, -0.47983285602144865, -0.47037830742063447, -0.48142072107470535, -0.4704408452625441, -0.48019963240137437, -0.4723245773261089, -0.4713311242535924, -0.482013492247044, -0.4687803931458164, -0.4833016920177281, -0.4660886965341529, -0.479547636574838, -0.47314095186855826, -0.4801938492277624, -0.4887234373045368], "classifier_loss": [0.07409804462852677, 0.22513646082370056, 0.34174506020003265, 0.39336521922618367, 0.4042233268136494, 0.35417203989195717, 0.28940446280864046, 0.3241412055152797, 0.38384775233598833, 0.30751025574959473, 0.18791329707215773, 0.17392021754613668, 0.1248225872510918, 0.2208143429058914, 0.18820053033841927, 0.17322230479741677, 0.17598664253836846, 0.13721666000000105, 0.17774641330217847, 0.1426098536820559, 0.10443499496636713, 0.14525218114740582, 0.17812799752749672, 0.20819696896435144, 0.15167771844977368, 0.1947873780047121, 0.12124394125694023, 0.11793249584606871, 0.1867215314474994, 0.13240523841527077, 0.1426649650622434, 0.15740580919351113, 0.14723680807328368, 0.10787307533663483, 0.11176004584736987, 0.1554430845852245, 0.12218087457524382, 0.1284321923257797, 0.1364099511774022, 0.14286661814975296, 0.11499237877116383, 0.11871211965018129, 0.19436216773026296, 0.12386357194500422, 0.122851191902503, 0.11629113561918597, 0.14221817178767263, 0.13316281058045606, 0.13303727510650976, 0.12919913944889938, 0.15051503805978558, 0.1267542656117264], "val_adversary_loss": [-0.003398553803281113, -0.029289060844249728, -0.06970832468946159, -0.16867556926665664, -0.3602999932576531, -0.4698041671409063, -0.4480798133958903, -0.44712389530262164, -0.4669276031167098, -0.4642222495316912, -0.45896353451873956, -0.46590527671128895, -0.4658342883555638, -0.4758742519461183, -0.47363539356768064, -0.46846665062121984, -0.46775122235838706, -0.48630706515181865, -0.4804262624199137, -0.4623344602393357, -0.48980974451516146, -0.46645289307070326, -0.4678004194128037, -0.48826578302773443, -0.462848648173659, -0.479145826831383, -0.4768739027737829, -0.4703648534866224, -0.4883992748160947, -0.4690001328642033, -0.4803028302529964, -0.4788904222056004, -0.47060468631769614, -0.4830609704743613, -0.46642638076201115, -0.48707975544270743, -0.4689663473301738, -0.4848131781818512, -0.47069785545580634, -0.4684370029294326, -0.4875303119675626, -0.46003122793819784, -0.49737021534381676, -0.46160217866433795, -0.491601505877459, -0.4641919577185846, -0.47659152662884136, -0.46670161186381537, -0.4880415954165047, -0.4592520527588286, -0.48997460742117777, -0.48997460742117777], "val_classifier_loss": [0.07404816133654464, 0.2857052891655221, 0.3798073153753573, 0.4025335710509116, 0.38292667203096425, 0.3385376786051672, 0.25041865167356236, 0.5106058667883595, 0.3652021704943417, 0.1773303982467742, 0.22009019757554044, 0.15021227952567623, 0.11940982634537556, 0.22561664122329775, 0.1627074341874042, 0.1896931569545209, 0.14296644541917078, 0.12834758644333394, 0.22541216960287813, 0.10484454329355278, 0.10090209040722495, 0.227894876139407, 0.13098927971053834, 0.17289598620921948, 0.21235560388021277, 0.1270115502896851, 0.12040825148176933, 0.14130561224485783, 0.16104114735444156, 0.14814374378421735, 0.11541879106608821, 0.19194395924514532, 0.1111334177510614, 0.10310490549474091, 0.1336654670118572, 0.12749745645315871, 0.12775713544080133, 0.1186676159418616, 0.173839768148083, 0.11910168583914207, 0.10993604509243846, 0.14549961105407955, 0.1636658708846979, 0.12722642362382025, 0.10367289507527327, 0.14845036581901871, 0.12504514787280985, 0.1330848697035027, 0.12629290979117724, 0.14203824304058307, 0.12699472626205985, 0.12699472626205985], "adversary_loss": [-0.003415394498898904, -0.014354390505743782, -0.046979965716779856, -0.11180032153478861, -0.2581019830935918, -0.43150493966689624, -0.46839594709775517, -0.4484522498210653, -0.4612165038297115, -0.46841140986600593, -0.4733728059901752, -0.47088477164570336, -0.4832937682291416, -0.4700293485176517, -0.4704067877276592, -0.472749179504115, -0.47671733302341485, -0.4751248498915129, -0.47114857917041775, -0.477582608446576, -0.4754196282688782, -0.47145462150337153, -0.48077313602502936, -0.46910381888072405, -0.4749446045419705, -0.47859978520833923, -0.4692235259634577, -0.4804390256560245, -0.47350180497469174, -0.472542532797049, -0.47991806799276865, -0.47024109959522037, -0.48034419328630057, -0.47197904293634374, -0.47911968661235715, -0.4766665507083328, -0.4713290530572503, -0.47996128801503674, -0.47051471691774555, -0.4815635868340753, -0.4705558372326945, -0.4803183461829765, -0.4725189400699779, -0.47145498809092634, -0.48213634347682294, -0.46889668396067413, -0.48344391073151544, -0.4662218590192428, -0.4796806740758483, -0.47327014947220636, -0.48034436455128726, -0.4888501910439715], "val_loss": [-0.0033245056350763432, -0.029003355499515396, -0.06932851779412226, -0.16827303589234122, -0.35991706599741446, -0.46946562721111046, -0.447829395680036, -0.44661328980499565, -0.46656240193871756, -0.4640449181347394, -0.4587434426414543, -0.46575506551883894, -0.46571487868042755, -0.4756486346389338, -0.47347268608670723, -0.46827695787316365, -0.46760825597822203, -0.4861787175982316, -0.4802008507492687, -0.46222961720587374, -0.48970884307913876, -0.4662249977183533, -0.467669429483591, -0.488092889109542, -0.46263629198931067, -0.4790188162467226, -0.4767534938976521, -0.47022354808075645, -0.48823823283827833, -0.4688519907643467, -0.4801874103157002, -0.4786984779022385, -0.4704935545961906, -0.48295786412120867, -0.4662927147989799, -0.48695225547222576, -0.4688385884155833, -0.4846945101524628, -0.4705240164538949, -0.46831790053957517, -0.48742037527307974, -0.45988573058744975, -0.49720655066790065, -0.46147495012976814, -0.4914978339825928, -0.46404350652693416, -0.4764664800645042, -0.4665685271421206, -0.4879153025496946, -0.45911001482755337, -0.4898476110056638, -0.4898476110056638]}