{"loss": [-0.7889911887431892, -0.4241379232058441, -0.45155940572627146, -0.4606596615797141, -0.4560621641139904, -0.4623656056169466, -0.4386606992618624, -0.4394882250006517, -0.4584019820604973, -0.46523609431429097, -0.46311151512918897, -0.46664895782042337, -0.4605485607256668, -0.46485277942497194, -0.4620238149895883, -0.460165882831084, -0.46965540203532724, -0.4715897880714113, -0.47158511242774914, -0.4701099028694435, -0.46538141105732567, -0.4699861024051976, -0.46023773029518233, -0.4760685007920645, -0.4723013986712997, -0.47107330248164303, -0.4747146840974378, -0.47351065346700844, -0.47244370991789236, -0.47307012275761035, -0.47185267635258227, -0.4745741329329566], "classifier_loss": [0.07409230502430206, 1.1127488253912337, 0.9418164148406221, 0.8149001239422685, 0.5841081486960139, 0.9641801449474893, 0.8808586190414346, 0.7961310844985454, 0.6850618980720542, 0.6894713829863651, 0.818988317122976, 0.9990699968645221, 0.802626196143795, 0.5340522677916022, 0.5254638593023095, 0.5272742057272003, 0.4598248037172493, 0.34288228724792597, 0.31994264646400816, 0.4036877194421563, 0.7248525529614563, 0.5949819967616624, 0.5617316127827922, 0.4833330344819013, 0.3793390108840402, 0.3985708330126178, 0.32261399541606656, 0.24488294471332336, 0.21347529372447893, 0.1950970221432933, 0.2398691715523912, 0.17084258390929394], "val_adversary_loss": [-0.7920969490340942, -0.49759221522693725, -0.4827462365094978, -0.4770860198620974, -0.46173099399774653, -0.3050736741771928, -0.4792739571973743, -0.47419985395817404, -0.46561489031671305, -0.5177466085836239, -0.4728321884606778, -0.4776373128256516, -0.45193479725023894, -0.4499797466242202, -0.5038329591995958, -0.4724544718579288, -0.48471142137767037, -0.4783010397338813, -0.49103540375410676, -0.4360429178943552, -0.41180386610346986, -0.48770910384057947, -0.46982090613598704, -0.4991447781665314, -0.4566730448239988, -0.4875987575923254, -0.4787306014347234, -0.47831183535831656, -0.476064297725806, -0.4725974722830328, -0.47842274396718754, -0.47842274396718754], "val_classifier_loss": [0.0741208015982089, 0.9986142142309082, 0.8479490948829889, 0.7937607266602617, 0.5567076966593233, 0.587599299947269, 0.7826417147224782, 0.7624079366523867, 0.6278068696227965, 0.9281999139259504, 1.0087154703462917, 0.9730859240831905, 0.40738613016774494, 0.6686890567316847, 0.6034962609272184, 0.6474543042618363, 0.34982432823274384, 0.28903871116255736, 0.4344058507670936, 0.5414238799507142, 1.075837007741784, 0.5300311256890896, 0.41785218366305454, 0.4285130179913429, 0.4606720278326372, 0.28281288127180043, 0.25687850534358414, 0.2861352469644237, 0.1987365899852672, 0.19221829803529863, 0.16805580259112704, 0.16805580259112704], "adversary_loss": [-0.7897321149014771, -0.4352654107117473, -0.4609775696596886, -0.46880866247151926, -0.46190324598975485, -0.4720074069806378, -0.44746928531352803, -0.4474495357981884, -0.4652526002407637, -0.47213081118032596, -0.4713013968500591, -0.4766396565537089, -0.46857482224166813, -0.4701933025912078, -0.4672784539576882, -0.46543862528208785, -0.4742536493995436, -0.4750186114207242, -0.4747845391855677, -0.4741467792417905, -0.47262993706018946, -0.47593592010411284, -0.46585504698287167, -0.48090183201236364, -0.4760947888668962, -0.475059010522777, -0.4779408238939679, -0.47595948330825066, -0.4745784630312352, -0.47502109270377196, -0.4742513669154035, -0.4762825594659348], "val_loss": [-0.7913557395146791, -0.4876060753482648, -0.4742667462908418, -0.4691484139736398, -0.45616391838095244, -0.29919768141330816, -0.4714475386872282, -0.46657577466445743, -0.45933682062876585, -0.5084646111268707, -0.4627450346652345, -0.4679064544174948, -0.4478609368641879, -0.44329285691792425, -0.4977979992688805, -0.4659799306470193, -0.4812131761270487, -0.47541065256451587, -0.4866913458333045, -0.43062867972923563, -0.4010454963023648, -0.4824087930014434, -0.4656423842660848, -0.4948596491764709, -0.4520663257668595, -0.4847706294188466, -0.47616181617643905, -0.4754504812140008, -0.47407692973333604, -0.47067529138413944, -0.476742186566117, -0.476742186566117]}