{"loss": [0.001399080161708646, -0.21529390537100465, -0.4631155093654066, -0.4701880934241112, -0.4684374119832529, -0.4647257148586436, -0.469385730557845, -0.47522753964940495, -0.4712588661531458, -0.46674822826775836, -0.4754079391377281, -0.4712223291612062, -0.46825531147217164, -0.4665469872135818, -0.4734227700554839, -0.4705577255375316, -0.4741577937812479, -0.4715203070454231, -0.47354191547098523, -0.47503923528328285, -0.4748147399871043, -0.47355408188243875, -0.47398009543032216, -0.4704179252149679, -0.4774486324067828, -0.47082079363588786, -0.4738090528350538, -0.472813151553461, -0.47370151352331674, -0.47301569932254084, -0.4730439691390406, -0.47249232463267526, -0.4735899035485382, -0.4772431324804956, -0.47165485091769843, -0.47485777491714337, -0.47366994274326707, -0.4769903478829626, -0.47069629558949266, -0.4756406961574152, -0.4749035072991743, -0.4758212623381871, -0.4733624677469058, -0.4751528980747158, -0.4752715543515114, -0.47268032978278934, -0.4749761664625568, -0.4742208979448907, -0.47370242922424777, -0.4762833677795148, -0.47223908873157633, -0.4752895020448428, -0.4762204481663773, -0.4740852170494966, -0.4757052769023735, -0.4757832760588934, -0.4742135996320516, -0.47517243208172266, -0.47408070407790626, -0.4755432001105658, -0.47605262381439867, -0.47484908897422645, -0.4759617600139061, -0.4751869812473756, -0.4758419090194939, -0.4759894856126274, -0.47622649772035924, -0.47514594000076205, -0.47577631571371826, -0.47593833452675494, -0.4751440202983486, -0.4762785205490178, -0.47636370382575094, -0.47380723963440535, -0.47523720313077167, -0.474390735649801, -0.4741947034515464, -0.4749481192868495, -0.47640102527236605, -0.4755641599343032, -0.4755644735337169, -0.47531907085439457, -0.47572333229863634, -0.475620562446066, -0.4733543494506916, -0.47634532930776935, -0.4748188086574605, -0.47588585231611996, -0.47609078724698567, -0.47574991369302994, -0.4756500385048828, -0.4756297392966419, -0.4759939748967943, -0.475611085291515, -0.4759521892571498, -0.47597292049805984, -0.4756389052981381, -0.47596294742278783, -0.47618715784440446, -0.4752324006782727, -0.4763280395904406, -0.47233164271963834], "classifier_loss": [0.07404827758365838, 0.13881681025612902, 0.12491269332942335, 0.10792072848610887, 0.12317591917053246, 0.12979114719946117, 0.11427590407054786, 0.10029282045197833, 0.1105789236076863, 0.12085722143508656, 0.09887898987674065, 0.10980014671475403, 0.11356451895146774, 0.12297423468636079, 0.11341141704079807, 0.10945985622394754, 0.10801992182659546, 0.10824758492301848, 0.10505435486746809, 0.10622039354108838, 0.1042204572740188, 0.1085359614833906, 0.10921464099046488, 0.11355910155666409, 0.10507594135658843, 0.1126339760645534, 0.11577761853589112, 0.11228898728913216, 0.10468433483581138, 0.1112021416909968, 0.11363069660487037, 0.11463363802514227, 0.1041912482354496, 0.10416796054008579, 0.11087266988486438, 0.11005983721535606, 0.10919813225105596, 0.10272167861196298, 0.11251083775609654, 0.11243311167226701, 0.10532039455070238, 0.1067245208014882, 0.1118192707900817, 0.10661319746659806, 0.10575830834889408, 0.1099522928217077, 0.1087420199024237, 0.10771548693345094, 0.10414204104547112, 0.10621255527348775, 0.10966746774415763, 0.10576331942910244, 0.10343567172917185, 0.1073578980088987, 0.10059317829904851, 0.10400260402556412, 0.10517212590977015, 0.10696951154813565, 0.10586479396961343, 0.10260223345036903, 0.10250447748473275, 0.10327942080797509, 0.10134743498818684, 0.10253116133660642, 0.10137838094247141, 0.10059581905954645, 0.10035527226662354, 0.1030798267116708, 0.1025035270026944, 0.1009951264398857, 0.10362404177225776, 0.10509890393811944, 0.10054532523493666, 0.10635140317594749, 0.1055495829826316, 0.1048595050704115, 0.10854390528336019, 0.10394783159283226, 0.10092023518651039, 0.10237435437366556, 0.10164990057555694, 0.1022783166215111, 0.1020274355175962, 0.10290676517199522, 0.10694771769927641, 0.10440520518122579, 0.10516062977769408, 0.10214275139280554, 0.1014645069832747, 0.10161731440849817, 0.10200543740967549, 0.10129795876164623, 0.10047573816437008, 0.10125174047892026, 0.10019546688141605, 0.10023630363886565, 0.10098863215177648, 0.0997333007573661, 0.10080189800901539, 0.10065988829802422, 0.0997676452794854, 0.10200250625748056], "val_adversary_loss": [0.0017071992461075074, -0.41049198281945193, -0.47408389767476594, -0.4823243603803289, -0.4560554410666315, -0.45957622720124236, -0.46679823001723847, -0.4884661063200406, -0.4959103999440047, -0.4797383606207916, -0.4829881711400587, -0.4912426995299324, -0.4906013321490983, -0.4641412416231707, -0.47810353713406517, -0.48431689883929474, -0.4682827371542536, -0.4873212684974773, -0.4750541187071406, -0.48231075013076286, -0.4827374294280854, -0.4707888802283861, -0.4842509330482334, -0.4878664492530428, -0.48109441774330164, -0.4748944437662572, -0.47687712621879974, -0.4823730631347717, -0.4562044700091444, -0.49235956857177454, -0.4698741215965802, -0.48203536078944853, -0.4763349577227275, -0.47597150620721684, -0.4885601416120275, -0.47187725506557143, -0.4879614320975107, -0.4708422741995076, -0.48185465558695273, -0.4862287858373005, -0.45711760948854563, -0.4891176710089266, -0.4730327543908896, -0.48512596215161763, -0.4665729528327583, -0.48652703809049314, -0.47494397028061053, -0.48080114039212707, -0.47230923061870905, -0.4797599899581311, -0.48442149687256775, -0.48060143704191816, -0.4793139414773083, -0.48391738097220927, -0.4676580696616347, -0.4858089164161039, -0.48036722101011464, -0.47973976342041785, -0.4839482315345178, -0.4728531794708145, -0.48281013218939617, -0.48112356144657586, -0.48241528195044286, -0.4830611266463378, -0.48236918658283523, -0.48074171494143597, -0.4806208782545128, -0.48286989033187566, -0.48267350649910973, -0.47994326186566133, -0.4858924791415722, -0.4803649584229206, -0.47646467269151094, -0.4802079208130472, -0.47143294520515994, -0.473094177687655, -0.4804315495019719, -0.4803913553236702, -0.477987709525852, -0.4799445537401048, -0.4824646320548305, -0.4839252833260767, -0.4835128351187409, -0.4897799700757617, -0.4827466553982886, -0.4815984564973835, -0.4808912963596179, -0.4800894901489798, -0.47614570275178264, -0.4792924576827419, -0.4783655390420969, -0.4802755710094367, -0.47863259725983803, -0.4822226301462397, -0.4815070633659319, -0.4798026461496936, -0.481147892103905, -0.4811320518590042, -0.4797080908368466, -0.48289428090938397, -0.4774285623081035, -0.4774285623081035],