{"loss": [0.002527134000210443, -3.0050465787696633e-05, -0.006218825228487981, -0.016635590932584758, -0.03616758349990916, -0.06543182002093034, -0.10135167537078243, -0.15233039591279365, -0.27897471494205145, -0.4337935465241816, -0.4586917924914202, -0.4601047593474856, -0.4628494811639765, -0.46658135340402257, -0.46945541899035453, -0.47155943662551947, -0.4729170328223563, -0.47381292774220146, -0.47461757372200236, -0.4754640710968298, -0.47619041564613024, -0.47655458508077664, -0.4768693125415993, -0.47720910924537857, -0.4774008275532926, -0.4778385490906901, -0.47640252518791365, -0.4772643052323212, -0.47818506615338763, -0.47574124068922613, -0.4773666182687991, -0.4759504539229787, -0.47694347328639347, -0.4767352436682998, -0.4767400878142416, -0.4770900188457263, -0.4764935882259268, -0.4772722265004875, -0.4763754578242465, -0.4774396388064636, -0.47621699210178947, -0.47722756478080963, -0.476609626579544, -0.477149722249191, -0.47720971312480126, -0.476976115913168, -0.4777225026541819, -0.4769068676179151, -0.4778628509333543, -0.47649158433072464, -0.47784796750795283, -0.4736416509413438], "classifier_loss": [0.07407758244846649, 0.07512377671272227, 0.07535331034602592, 0.07716843410876517, 0.0875801621317631, 0.10624531109212919, 0.12812605792705475, 0.1422506777964086, 0.13791452701019916, 0.1249448562630775, 0.11510622298774169, 0.10514124022059061, 0.10926176735650303, 0.10670282064681898, 0.10353294591640136, 0.10033566669205643, 0.09805652569081198, 0.09660064681679809, 0.09512622717761489, 0.09317887634687186, 0.09179570596616944, 0.0918254835267071, 0.09189746548335254, 0.09198779880358926, 0.0909586005963897, 0.09124635119090083, 0.0944488822628254, 0.09356050951165795, 0.09214782458733005, 0.09752150643700384, 0.09251833361069184, 0.09721722388459457, 0.09467959639074301, 0.09593383108153936, 0.09604790473234426, 0.09508495564764619, 0.09688286610216343, 0.09494484399867834, 0.09753838726772582, 0.09424493834119366, 0.0974519435031689, 0.09503331477795117, 0.09687799205555761, 0.09523259573722352, 0.09614936419430116, 0.09702558054773099, 0.09495992373702178, 0.09735435584139758, 0.09466794055810748, 0.09822960682839937, 0.09501165544325921, 0.09671838329556752], "val_adversary_loss": [0.00184849604956352, -0.0034063859407498353, -0.011137909188148073, -0.02551804073192137, -0.05060721973945334, -0.08350744664827696, -0.11605606413388297, -0.2004356096034285, -0.37081910225924447, -0.4650633574640236, -0.4543513136160662, -0.4592339667619751, -0.4608723119166142, -0.4645103876577684, -0.46742270659221785, -0.46897400510470766, -0.46999362206900613, -0.4714079915061442, -0.47175594825727385, -0.47225110588752245, -0.4731087490713577, -0.47447455778741165, -0.47440607879655056, -0.4741159677521047, -0.47219175982948364, -0.475438799887255, -0.473942126919304, -0.47444041953252203, -0.4756744376567084, -0.4714605191705568, -0.4694972143229308, -0.4736604327600345, -0.47195749659730357, -0.47596376750834685, -0.4741162742854769, -0.4764103593989714, -0.47449264463816154, -0.4753605399853458, -0.4735208441650665, -0.4728164034530768, -0.47301625622201576, -0.4720214835016772, -0.4739766059268731, -0.4728964711254919, -0.4759779955546311, -0.4749148839084376, -0.47659149681814333, -0.47477496733107405, -0.473906726008714, -0.47293393879064266, -0.47112171257995755, -0.47112171257995755], "val_classifier_loss": [0.07408908530623705, 0.07341975172561532, 0.07371131804398297, 0.07764570944588113, 0.09489574361065772, 0.1139423148566537, 0.137184276995702, 0.13777526417052977, 0.12699815836205855, 0.11589773364100546, 0.11513647069895479, 0.10430927053468886, 0.1087676468300232, 0.1053199674521221, 0.10087438875161267, 0.09855392071011594, 0.09698437814472996, 0.0939802825355727, 0.09366607421993091, 0.09296319729754411, 0.09112914610330446, 0.08884961172929773, 0.08820023547386714, 0.09194987295049904, 0.09593313793090294, 0.08928187658756513, 0.08852342979661858, 0.09862821780896411, 0.09045831205798707, 0.09195365696945178, 0.09774176988243666, 0.09192986881399061, 0.09965818088553748, 0.0919673191950196, 0.09839105677267175, 0.09260772709174846, 0.09701192174639539, 0.09344046073256743, 0.09513190771920291, 0.09528590281793757, 0.09375360621493893, 0.09747266319804172, 0.09356157099113252, 0.0987952596181502, 0.09356691011373927, 0.09773290110268745, 0.09368190512629496, 0.0958629281674999, 0.095964971279955, 0.09428322571146677, 0.09814642005925447, 0.09814642005925447], "adversary_loss": [0.002453056415139186, -0.00010517425468077235, -0.006294178555860089, -0.01671275929121081, -0.03625516371075603, -0.06553806529349036, -0.10147980151215867, -0.15247264669739927, -0.2791126299921483, -0.43391849077595573, -0.45880690013315434, -0.46020990025198855, -0.4629587428200422, -0.4666880571235824, -0.4695589527379928, -0.4716597716014657, -0.4730150902067383, -0.47390952843475914, -0.47471269978940595, -0.4755572493901815, -0.47628221220553524, -0.47664641147558096, -0.47696120985311946, -0.4773010976104779, -0.4774917861642974, -0.4779297972825926, -0.4764969749345479, -0.4773578666968112, -0.4782772134978209, -0.4758387635043335, -0.4774591367749556, -0.4760476700823865, -0.47703815325479193, -0.47683117654735707, -0.4768361353701044, -0.4771851060518631, -0.47659046912309294, -0.47736716938716967, -0.4764729968257508, -0.47753388210408504, -0.4763144442692331, -0.47732259803556426, -0.47670650322498154, -0.4772449550739176, -0.477305862298421, -0.4770731423472866, -0.4778174631463121, -0.47700422340904414, -0.47795751985695534, -0.4765898140695335, -0.4779429788514694, -0.47373836974040756], "val_loss": [0.0019225851421607154, -0.0033329661923680223, -0.011064197861753639, -0.025440395090912636, -0.05051232384490088, -0.08339350424892703, -0.11591887991179872, -0.2002978345702214, -0.3706921030563095, -0.46494745866059806, -0.4542361773687481, -0.459129655479434, -0.4607635419977155, -0.46440506579706237, -0.46732183205875855, -0.46887545232524436, -0.4698966367948728, -0.47131401155183744, -0.4716622805298553, -0.47215814241991905, -0.4730176200841538, -0.4743857078609422, -0.47431787814285237, -0.4740240189584561, -0.4720958260065958, -0.4753495185097426, -0.4738536020353162, -0.4743417888043642, -0.4755839768755399, -0.47136856421464196, -0.4693994723381979, -0.4735685024293571, -0.4718578370212569, -0.4758718013627525, -0.4740178842658622, -0.4763177529249168, -0.4743956330821266, -0.4752670995983157, -0.4734257126767362, -0.47272111700051067, -0.47292250039984535, -0.47192401272159035, -0.47388304532307435, -0.47279767693576236, -0.47588442917710055, -0.47481715126296287, -0.476497814968819, -0.4746791044288644, -0.473810759906705, -0.47283965489663116, -0.4710235661044887, -0.4710235661044887]}