{"loss": [-0.6558569656847791, -0.33210295665991146, -0.3760099392089138, -0.4284001187863455, -0.41558423922951665, -0.3620876242165844, -0.37735159149666636, -0.4224297505495975, -0.44582007705055304, -0.4529343914541025, -0.4466955310248983, -0.43979829850150637, -0.4480602218543814, -0.46163072597340404, -0.4701918752821785, -0.47002225699153993, -0.47453801604153445, -0.47974910066597576, -0.4803130287322563, -0.4780833047168977, -0.47618189727833526, -0.4705409309699787, -0.4687379195968566, -0.46810024999490796, -0.4690651402663931, -0.47034889371928584, -0.47225062916352545, -0.4735601016341196, -0.4749589312321319, -0.4757474252825652, -0.4757419485041662, -0.4749665965970951, -0.4739550408607828, -0.4732946981809737, -0.4719157414994654, -0.4696286763679121, -0.46976158672295143, -0.47234628468505097, -0.4739408823914959, -0.47284430872403965, -0.46795173200990886, -0.4697238350061239, -0.4729756427064449, -0.4744345428580399, -0.4749159414778768, -0.47605807079969165, -0.47612564416507, -0.4755011142207942, -0.47461986402611683, -0.4754910718987226, -0.4738583285281227, -0.4736440424413256, -0.4715776433105567, -0.4730056613105109, -0.47578488762905397, -0.4742234001487117, -0.47845393114441903, -0.47556717213903504, -0.47570110313637276, -0.4757264924386836, -0.4738365146574477, -0.4718718187858922, -0.4719950791691047, -0.4739260693291344, -0.4753457441617844, -0.475318872651238, -0.4742726440691738, -0.47438520972210924, -0.4757569807561962, -0.47641733510730716, -0.4766758471943725, -0.4706637658748374, -0.4773336561220169, -0.47333739033191014, -0.4763128898300697, -0.4722846241858687, -0.4748022397230877, -0.48224690232912104, -0.47344082493208695, -0.4716280669955198, -0.48191882126606383, -0.47038791403451463, -0.4784674929924967, -0.47381440744338205, -0.47788944578759635, -0.4747593049654203, -0.4746982811687676, -0.47466262833001577, -0.4763024899843727, -0.47476605193458604, -0.4751957376646382, -0.47510836405815626, -0.475033011028842, -0.475187974611399, -0.47548874142642533, -0.4754708033469994, -0.4756981885120295, -0.4757602088432269, -0.47580701613687404, -0.4758349819734007, -0.475898722657992, -0.47565698818095525], "classifier_loss": [0.07390780027308878, 0.2157512792156305, 0.34111037777251907, 0.2870502471809752, 0.20804319755297188, 0.16269558132840975, 0.15555899377980262, 0.1707491380373401, 0.2026959043957788, 0.23780872768485933, 0.2676569850604097, 0.28469400280122475, 0.29104439566490264, 0.2942412877761481, 0.28014184259914926, 0.3110013712738796, 0.2706989100589896, 0.24816292934468323, 0.283802898001343, 0.29511961454347646, 0.24733386772097446, 0.25898943547838454, 0.22907494479492263, 0.18794376159021703, 0.1946000532952984, 0.19338333766331284, 0.16330878679104646, 0.13774488585940947, 0.13157521931747612, 0.14118255219039097, 0.1566934849566403, 0.16462974102077296, 0.1786891437143964, 0.1931002889843255, 0.20661958630873367, 0.206026573664087, 0.1926402975679372, 0.18505950550557074, 0.1693714005058253, 0.1634827014468648, 0.1473082619555671, 0.12910583390040103, 0.12326580864617707, 0.12666915315570698, 0.13666459512808415, 0.1414286903837074, 0.12291904942032227, 0.16852088410788416, 0.1514810119991326, 0.20126048072823355, 0.17972251862935104, 0.1705343274865698, 0.22238206708901914, 0.20608233351034264, 0.2117841275571366, 0.2058497888649625, 0.2361030962706743, 0.23387861131025703, 0.20819515464411723, 0.1750200324931072, 0.14866241174453038, 0.12745021983870883, 0.13118742586844154, 0.11622093175153364, 0.11649113225807, 0.12204927297567802, 0.14707356268076274, 0.18003538858542176, 0.1878598753990317, 0.19698093599548533, 0.13214093259175133, 0.16422633166663178, 0.15695360185968588, 0.16885789859681888, 0.14138752856633144, 0.16152839290543458, 0.1657652658332844, 0.13647024488800463, 0.20415197105840194, 0.11599868010189933, 0.13634585597138632, 0.18774032855197997, 0.15281684579099505, 0.12985095945008174, 0.15146865061727818, 0.12362576013509348, 0.13206728600347337, 0.11404321058092184, 0.11650356682909103, 0.13628763369728666, 0.12587144255960314, 0.12491823659333401, 0.12843142586283168, 0.13210996882140438, 0.1255978898054899, 0.13625056169515304, 0.1282505382332065, 0.13124266822169617, 0.13086259900119643, 0.13331586413131633, 0.13327437543211976, 0.12879188806862876], "val_adversary_loss": [-0.6592422049181331, -0.2957607536714245, -0.4123856685424671, -0.4280658759285357, -0.3976502960300454, -0.34249641263121283, -0.39903103424509817, -0.4346353615230328, -0.4492725672759409, -0.4492032875285981, -0.4386614498564957, -0.4400488742095627, -0.45525829765396275, -0.46676268202946863, -0.47257518025771983, -0.4718469546579159, -0.47918739212769446, -0.48276255599736123, -0.47781910815153467, -0.4767402103313719, -0.47514511119906755, -0.46683711110634657, -0.4678829164959534, -0.4661551972161347, -0.4675532279571011, -0.4710160290204575, -0.4719071982998979, -0.47316302495966417, -0.47448436492647195, -0.4750258042853531, -0.4745422112689034, -0.4736505046265757, -0.4728847444343464, -0.47192173056904774, -0.46942886407066897, -0.4681573800098527, -0.46979024694382626, -0.4734377024720938, -0.4738078288859424, -0.47124660787455863, -0.4661588734831557, -0.47259940418390306, -0.4729188285241881, -0.4747934251689485, -0.4741414597838479, -0.47660382275063207, -0.47757808657630724, -0.4761508778741431, -0.47510410794731506, -0.4783649952108813, -0.4793173340337472, -0.4719226650378777, -0.4670422733809925, -0.47295250668840044, -0.48333756426941055, -0.4789345980679694, -0.47575865068232803, -0.47549950613152164, -0.4761944379761418, -0.47399548369736033, -0.4725214713735496, -0.4702321841670068, -0.4718843701926782, -0.4749146661563819, -0.4750976620327368, -0.4750721402917549, -0.47348040221620424, -0.4750591983247726, -0.4764433089273248, -0.47785670141288056, -0.47009776079802845, -0.47208865776007747, -0.46657896932892595, -0.467657801352766, -0.4867254013648369, -0.47528900230854754, -0.47168856474535625, -0.4638108279920449, -0.48539261536003286, -0.4711654758453361, -0.478984197745365, -0.4812199600397355, -0.47228744264400274, -0.4744264438573711, -0.4754791669533083, -0.47683719877088715, -0.47542922564791307, -0.4742083449445988, -0.4748563016994283, -0.4748067611515272, -0.47523594960558896, -0.4755969392842617, -0.475606246024628, -0.47555191290826504, -0.4757686107739764, -0.47573073878776856, -0.47575534567626027, -0.47572661361924395, -0.47575464305263043, -0.4758265916750131, -0.47584353141108277, -0.47584353141108277],