{"loss": [0.000691359043757181, -0.3284575425788402, -0.4445310745749156, -0.46837345290457555, -0.47329394642532274, -0.46819152270020986, -0.47094122401052435, -0.4733328126589485, -0.472569832193023, -0.47503933330421927, -0.4687291712531494, -0.4742416106735678, -0.47206043510563944, -0.4752460391119031, -0.4734662815462751, -0.4756537500568151, -0.4758841436908719, -0.4760297639123892, -0.4762573317303565, -0.4761335698510933, -0.4758640569832234, -0.4755346442996745, -0.47548975262733695, -0.4752776633057685, -0.4752380704645636, -0.47584334080491514, -0.47460404197540446, -0.4733630607664961, -0.4750760154034193, -0.47525585172889107, -0.47465139666514417, -0.4750454416359066, -0.4761500028663573, -0.47652036428484196, -0.4749661892687098, -0.4745741100789134, -0.4756032745146306, -0.47615777335870435, -0.47576885168062727, -0.47663900407056775, -0.4761273174578076, -0.4742102393192486, -0.4761005312652999, -0.47531063678239144, -0.4778315737661664, -0.4743066758251228, -0.47501020134606875, -0.47804905851223356, -0.4748016712691479, -0.4759013939140134, -0.47666322311349263, -0.4761333241658453, -0.47629010546991096, -0.47729999165659054, -0.4749943363428156, -0.47568437468747743, -0.4770358262495448, -0.4762551670987773, -0.4754670156003363, -0.4764167037146705, -0.47657680249443934, -0.47682012422866876, -0.4751947827183459, -0.47671970192348057, -0.47717199777535246, -0.47651282855562294, -0.4747934142673102, -0.476192274165536, -0.4779841496114803, -0.4751196219821955, -0.47776532625457363, -0.47473625343581227, -0.4778702412594727, -0.4770229281989748, -0.47648507548282537, -0.4764279177469492, -0.47566040658832615, -0.47801390099978147, -0.4753014831918598, -0.47629606972325644, -0.4775416711644178, -0.47539926352200523, -0.4779699932321472, -0.47539170881804554, -0.4766704366938698, -0.47708114662961476, -0.4773534601347509, -0.4763332696775466, -0.47629593196810355, -0.4768675845818876, -0.4767821477837988, -0.4770901406173911, -0.47580147526079447, -0.47624480558582966, -0.4779323434355186, -0.47528923021361064, -0.476594403001241, -0.47754785715423076, -0.4760204460622328, -0.4765106116958356, -0.47681957034886846, -0.47450793847998807], "classifier_loss": [0.0738877192285446, 0.1416168581010658, 0.160153227431692, 0.12473079332568926, 0.10452880493404347, 0.11643720069126488, 0.12023941659927333, 0.11145767080950195, 0.11398090627191128, 0.10946754033661922, 0.11730198612317873, 0.11147595024037905, 0.10863539256283405, 0.10494347934884102, 0.1043005107564373, 0.10160126411944082, 0.09953858875807686, 0.0980038978069515, 0.09795856479269617, 0.09839384389502248, 0.0992103527439159, 0.10023859523529714, 0.10035336509337398, 0.10147034494380058, 0.10108409149066704, 0.09980817703669653, 0.10507382927175714, 0.10623182408005895, 0.10244373580789318, 0.10262235545400909, 0.10178026755145593, 0.10179480873531083, 0.09983697840982426, 0.10110081687466807, 0.10342874214757973, 0.1031605243017312, 0.10366999346383511, 0.10146434654799967, 0.09914204745664988, 0.0994849090351805, 0.10178757187721232, 0.10494956306706565, 0.10460943095612579, 0.10176902668027077, 0.10001919274829627, 0.10839063440524883, 0.10421972883499175, 0.09869484856461265, 0.10778984373024647, 0.10098438903906219, 0.1022304858755637, 0.10538728431156114, 0.09886536607461431, 0.1004170002430625, 0.10378294876104027, 0.1054164729026936, 0.09835077170733544, 0.10251471530858604, 0.10543558137406973, 0.09860015824796454, 0.10255759867289167, 0.09895975155875919, 0.10500425975169668, 0.10125570760454095, 0.0983228514144866, 0.10084327742170772, 0.10648659653203585, 0.10529995998022323, 0.09656188210500706, 0.10509139014039966, 0.09946128939496904, 0.1062718842951869, 0.09678441054330011, 0.10009209695086455, 0.10216678720749921, 0.10057291783449014, 0.10553358494397205, 0.09627513070642352, 0.10352857162592598, 0.10472103122007559, 0.09731164606751053, 0.10524366518161356, 0.09656491253971461, 0.10366965438308347, 0.10064152272418365, 0.09943820012255226, 0.09802712331422664, 0.1014525116164505, 0.10142069533477903, 0.10093854849075812, 0.09874100230043445, 0.1006500225796037, 0.10342518798862418, 0.10224100037952046, 0.09714179891987484, 0.1036257961082084, 0.10210607407399147, 0.09607189217535851, 0.10251641098438383, 0.10101763308428403, 0.10007930523259258, 0.10250638435375846], "val_adversary_loss": [0.0001938102687787648, -0.4234877079317196, -0.4528386179016621, -0.4707754154795644, -0.49212306342735934, -0.4921657524630387, -0.4708068129926723, -0.4623625550185865, -0.48746913045857815, -0.45886055181479174, -0.46881866498917224, -0.47228129601164137, -0.48322896571924456, -0.46906730481880193, -0.47937604898449543, -0.47386751664580096, -0.47843954048476806, -0.47821657617748664, -0.4770327064795187, -0.4775948389326921, -0.4783001922472904, -0.4803741110282882, -0.4811345022707759, -0.4813551651565432, -0.48051506206275685, -0.47803343916400554, -0.4769004045063829, -0.4799451745797818, -0.4738068170017071, -0.47618303994195993, -0.4797945744932682, -0.472063759687066, -0.46358142876297975, -0.4701646866191832, -0.4816559346666369, -0.4798736065481636, -0.4725682512405533, -0.4782887396131372, -0.4719257345098823, -0.4673431117840447, -0.481652503480476, -0.47776044068026113, -0.4771038598583352, -0.4699483486894164, -0.48311414439417993, -0.4761431468000978, -0.47351731173125083, -0.48305162251959577, -0.47687776640764284, -0.463645348757464, -0.48213068657594166, -0.4755298840763341, -0.4762886482714483, -0.47045629226451474, -0.47861138827572186, -0.4782792086806725, -0.45955316974998, -0.4821191509630544, -0.47058576220024634, -0.4778183098314759, -0.470646551367662, -0.4812695831648451, -0.47619027670399794, -0.4781711075322227, -0.46512574166471515, -0.4796250935885107, -0.4783240816402816, -0.4770966022072168, -0.47685596183119355, -0.480967589573018, -0.4793681076198211, -0.47783537870414317, -0.4744018456168175, -0.47379989620853646, -0.4797943936378367, -0.47746010603519096, -0.47714250051199364, -0.47221920443917664, -0.479807427625686, -0.4770155195228193, -0.4723080638741709, -0.47965469316851156, -0.4759935074991329, -0.478692208636737, -0.47624999486747915, -0.4764813701264619, -0.4754628922458869, -0.4803183123539673, -0.47611885402445103, -0.47741284945575546, -0.47015084734608104, -0.4810827028056543, -0.4764874115662955, -0.47675181741476197, -0.4778796751983725, -0.47880809304250715, -0.47503783709812075, -0.4775443491965668, -0.4783036252896437, -0.47893907593189017, -0.4747667814296314, -0.4747667814296314],