{"loss": [-9.31096911943931e-05, -0.01555790911641658, -0.0669490220560662, -0.10205584872344282, -0.1307722311063088, -0.1766883305701071, -0.2437144561540222, -0.32163841770184576, -0.39077389357089126, -0.4300282213526975, -0.44782965260587576, -0.4569865009881789, -0.4623783661278371, -0.46618418241062287, -0.4687237712016896, -0.47051975114549294, -0.47165675170064186, -0.47250791615012394, -0.47294014105231447, -0.4736930108896449, -0.47437841414241555, -0.47451158063484367, -0.4735012726740901, -0.4735272075884273, -0.47373723940996026, -0.4744103117636921, -0.4748456981245236, -0.47577195253387267, -0.4774725660651924, -0.47831735123285923, -0.4762954752439902, -0.4754339962470959, -0.4781154721753815, -0.4751413574968975, -0.4767989655492938, -0.47341923328913116, -0.47632563018136703, -0.4764938485125863, -0.4769605573697728, -0.4782478570268285, -0.4741286434770984, -0.4767920578653016, -0.4770108135216337, -0.47688454065835095, -0.47762019173139475, -0.47505368895578065, -0.47711447271126517, -0.47576464344402575, -0.4766124477028568, -0.4763982966925953, -0.4764869529331832, -0.47557420324761274], "classifier_loss": [0.07409804462852677, 0.07903339843380192, 0.11109587816179191, 0.15643755438325602, 0.15816849942170405, 0.15697407521699544, 0.1521211110062092, 0.13786497506821524, 0.12559404658100998, 0.12106842236430432, 0.11815724820499714, 0.11347135201611366, 0.10977778308720999, 0.10600566073988131, 0.10298948509094538, 0.10060160961101752, 0.09810870427820816, 0.09554657237174684, 0.09424500438380132, 0.09210746192393987, 0.09158641012701751, 0.09188802598654154, 0.09473977289138961, 0.09544949234242382, 0.09668119287593485, 0.09607336444159237, 0.0947290096718079, 0.09395065983760616, 0.08973776644539841, 0.08979185602285103, 0.09440618153014556, 0.09888277040107897, 0.08860545264945713, 0.09737584868744392, 0.09248764848667047, 0.10299571609068339, 0.09185933545667352, 0.09478494890150835, 0.09569507048960173, 0.09217254296307713, 0.10137826097473675, 0.09125115809625173, 0.09366708497633776, 0.09542761457948279, 0.09288561349011058, 0.09925302525760546, 0.09216703963629005, 0.09652710467510814, 0.09455877467363155, 0.09603450467705738, 0.09634749782879634, 0.09125165459910912], "val_adversary_loss": [-0.00012758978536645506, -0.03656860435122835, -0.10994048614748565, -0.11221057449841623, -0.1496457222808672, -0.20667430498024467, -0.2822703268686291, -0.35960995245311045, -0.4146024746521252, -0.4411747987010164, -0.453297615983926, -0.4603549255552325, -0.46475290836890193, -0.4683259613875268, -0.4705278759260123, -0.47187955966697054, -0.4729221552251746, -0.4734288279109655, -0.47406638205484986, -0.47501808125263245, -0.4755617550567593, -0.47518106736610255, -0.4742389269830949, -0.4746078097175556, -0.4748734663469312, -0.4754518955421072, -0.4756192891557739, -0.47758046496261247, -0.48009479032619296, -0.47910017639887165, -0.4761640768666716, -0.47561863734367243, -0.47644051140883564, -0.4757362044195511, -0.4793650285126647, -0.47942473568676947, -0.481104345025859, -0.4731271915412162, -0.47495116633705353, -0.4763319002561601, -0.4795013254263952, -0.480431317934119, -0.47401524625770497, -0.47594265473003766, -0.47581716099914334, -0.4780361095342426, -0.4801666147744659, -0.4780387721327397, -0.4781332325431304, -0.4740710780391568, -0.4767311673081094, -0.4767311673081094], "val_classifier_loss": [0.07404816133654464, 0.08205940233185313, 0.12791258705465022, 0.16062852675610206, 0.1496132808672436, 0.15143105603523524, 0.13942046058159568, 0.12885408385384373, 0.12153577350709438, 0.11777594270845197, 0.11496318923372313, 0.11019341665377773, 0.10714610469001526, 0.10309992962805066, 0.10044187540238869, 0.09830214139308889, 0.09562409348507607, 0.09372780330174561, 0.09193570400584451, 0.08998877234149756, 0.08982352983625891, 0.09137727905818745, 0.09380585456211672, 0.09421749950964829, 0.09616936642951311, 0.09454075672902428, 0.09452521836616494, 0.09183253304958437, 0.08528465250310387, 0.09297099775771786, 0.09695721478055609, 0.0892137425727125, 0.09080849205760988, 0.09284495724795526, 0.094728667986605, 0.09830080797556437, 0.08982907812397915, 0.10119467622847421, 0.09026263355831944, 0.09653266041004863, 0.09664767983482304, 0.08979258891150406, 0.09898320739337552, 0.09107483798881288, 0.09668991921702806, 0.0947253720854679, 0.09231453110046534, 0.09851540909138944, 0.09268354102224254, 0.10055031406017163, 0.09190083136600172, 0.09190083136600172], "adversary_loss": [-0.00016720774495103128, -0.015636942435114, -0.0670601177170356, -0.1022122865601243, -0.13093039951801724, -0.17684530455576283, -0.24386657778782372, -0.3217762834827609, -0.39089948791889584, -0.4301492922715743, -0.4479478090427748, -0.4570999729581673, -0.46248814348456185, -0.4662901882877044, -0.4688267601622958, -0.47062035331201757, -0.4717548610153853, -0.4726034635715778, -0.47303438456120833, -0.47378511729884726, -0.47447000232700076, -0.4746034687940706, -0.473596011869608, -0.4736226579548949, -0.47383392010004843, -0.47450638595679395, -0.474940425441171, -0.47586590324942063, -0.47756230552137313, -0.4784071423612257, -0.47638988222320144, -0.4755328793721865, -0.4782040787845074, -0.47523873346379686, -0.4768914533735428, -0.4735222279903858, -0.4764174886094995, -0.4765886334204884, -0.47705625181527767, -0.47834002946257254, -0.474230021623228, -0.4768833103059817, -0.477104481270585, -0.47697996908963, -0.4777130771795474, -0.47515294126261626, -0.47720663828841264, -0.4758611721895107, -0.47670700580471365, -0.4764943311346826, -0.47658330002169846, -0.4756654544501485], "val_loss": [-5.354162848268319e-05, -0.036486545185314724, -0.10981257329888032, -0.11204994637346406, -0.1494961083614848, -0.20652287405542272, -0.28213090679542124, -0.3594810973407472, -0.4144809392311654, -0.44105702297537697, -0.45318265176308997, -0.4602447319660474, -0.46464576243441225, -0.4682228598551813, -0.4704274352441917, -0.47178125563569506, -0.4728265298144127, -0.4733350998375048, -0.47397444555272855, -0.4749280942480342, -0.4754719316260437, -0.4750896892471526, -0.47414512036674517, -0.47451359244063357, -0.4747772971325051, -0.4753573552345914, -0.4755247632823771, -0.4774886307944568, -0.48000950729852604, -0.47900720420568144, -0.47606711815937197, -0.4755294213842291, -0.47634970246818925, -0.4756433586114292, -0.479270300779811, -0.4793264346204734, -0.4810145173104008, -0.47302599599337425, -0.4748609036412762, -0.4762353686953552, -0.47940467687817395, -0.4803415249219042, -0.4739162651306136, -0.4758515796276875, -0.47572047165387116, -0.4779413828895305, -0.48007430111228727, -0.4779402570341605, -0.4780405491751595, -0.4739705266251792, -0.47663926720738126, -0.47663926720738126]}