{"loss": [-0.0001789244429919087, -0.015051574919036583, -0.061610626222802535, -0.11401932799083561, -0.2057765319063192, -0.3286544286445769, -0.4155435720461796, -0.43836319702937093, -0.44234991173739285, -0.4554982769920618, -0.46282069314054236, -0.46667730632514903, -0.4685974608712346, -0.470119449776133, -0.47022323659698995, -0.4711315234853303, -0.4718531924593344, -0.4721413829188611, -0.47269649970529753, -0.47308941006971433, -0.4732651542772817, -0.4734521805521747, -0.4738101615956434, -0.47392794810281674, -0.47385831990568794, -0.47411744442095977, -0.47414696128383393, -0.47422470431022135, -0.47427466934362844, -0.4743639196938357, -0.474388818585831, -0.4745236826571706, -0.4745023184774892, -0.4746222516352563, -0.4746002615250717, -0.47480962313892733, -0.47472515467771065, -0.4747024281430894, -0.4749636255569163, -0.474846013705296, -0.4750495611459388, -0.4750282144402008, -0.47511892554196933, -0.4751430785481017, -0.4752209339410849, -0.47523515174614833, -0.4754581882828165, -0.47535985770099304, -0.4755396708433478, -0.475524692013478, -0.47558353018255994, -0.4755323331139439], "classifier_loss": [0.07406862335469944, 0.07700977690265345, 0.09511193618606535, 0.13491644391344626, 0.13802737284126584, 0.1484513670400318, 0.12056500394651463, 0.12737325227336033, 0.13119497998949642, 0.1133042337132608, 0.10383275520319582, 0.10194983016127579, 0.10028992901365626, 0.09735834425312662, 0.0981113295152075, 0.09638965016199638, 0.09571515418847093, 0.09574582838200278, 0.09493885438648182, 0.09384657052083842, 0.09370355845119813, 0.0931407277183097, 0.09224582774054166, 0.09184945795925165, 0.09201949044870568, 0.09113736012576087, 0.0912650691790301, 0.09105776115597772, 0.09087141178654587, 0.09088827808390833, 0.09068405236307953, 0.09029487984032743, 0.09056911745725511, 0.09040061563114542, 0.09046108185288589, 0.08987029565655064, 0.09058968002445147, 0.09073028556847597, 0.08991525158532877, 0.09062442810108787, 0.09044654272585173, 0.09048966648821974, 0.09037642490593967, 0.09076810590278928, 0.09054006206251043, 0.0908197483628626, 0.09089003513708627, 0.09115918118183412, 0.09083387036655349, 0.09111204442153933, 0.09145448604980376, 0.08912223935295747], "val_adversary_loss": [0.0003122050376968697, -0.031804913359899545, -0.0991912021491854, -0.14913397984323779, -0.2629684352945563, -0.3887240955625557, -0.4357192853648507, -0.43367847088381106, -0.4481559469746908, -0.4601714147494125, -0.46563734213288044, -0.46830694420850705, -0.47087633300474047, -0.47135403864991243, -0.472177891036217, -0.47328079657138616, -0.4736515526201758, -0.47405056290900943, -0.4747001138520095, -0.47498639495375183, -0.4751753931045619, -0.475512812684576, -0.4758203639709908, -0.4756867804153925, -0.47587992953038266, -0.47602930628184703, -0.47608950754532847, -0.4761074621525269, -0.4763440548104477, -0.47641479061290115, -0.4762159519562275, -0.47640903730761247, -0.47646629878659524, -0.47654978674138926, -0.47660678513303084, -0.47684760976629514, -0.4767714409014819, -0.47677328070648345, -0.4767144934395703, -0.4770239540570538, -0.4771445786903583, -0.4768744037377879, -0.4770101479210968, -0.47728104037467106, -0.4773061060645813, -0.47742278937717675, -0.4776236682729631, -0.47774545216619313, -0.47773222748248356, -0.47769276936045013, -0.4776982457003393, -0.4776982457003393], "val_classifier_loss": [0.0741070035286378, 0.07780233597008553, 0.10772812717564499, 0.13536028654934984, 0.13513261304400914, 0.13446968407717985, 0.11671814355697713, 0.13321593227441403, 0.12080804614861274, 0.10642616156330818, 0.10192419917870943, 0.10217989468866716, 0.0982827411423438, 0.0974936707718969, 0.09708996075801046, 0.09530131888688255, 0.0953942301267716, 0.09505156196450483, 0.0940002941387253, 0.09341084486650134, 0.09311471531354729, 0.09238280822645907, 0.09165236985256686, 0.09174396656530501, 0.09124268832645649, 0.09068702083949436, 0.09062087635218033, 0.0906027286058706, 0.09009021961852232, 0.09003047804945895, 0.09012242829378188, 0.09008187572534834, 0.08986454259243398, 0.08993765908065263, 0.09005981817563254, 0.089482342198757, 0.09015385991485364, 0.08976436186462416, 0.09007565595689578, 0.09043740355213538, 0.09028584411543697, 0.09061271486288744, 0.09048656470356871, 0.09045915529148303, 0.09047798644930471, 0.09048030967416605, 0.09048059729187403, 0.09062852382765345, 0.09057411631882621, 0.09113654585322685, 0.09092726276010743, 0.09092726276010743], "adversary_loss": [-0.00025299306951341973, -0.015128584680453342, -0.06170573803561016, -0.11415424458959801, -0.2059145585461467, -0.32880288124090284, -0.4156641373237323, -0.4384905698196696, -0.44248110735938545, -0.45561158127514023, -0.4629245258751106, -0.46677925570147183, -0.4686977498177926, -0.4702168079203207, -0.4703213479681322, -0.47122791290601007, -0.4719489080604836, -0.47223712771533993, -0.4727914379923409, -0.4731832557209218, -0.4733588584922613, -0.4735453214106795, -0.47390240808399214, -0.47401979807285427, -0.47395033838972145, -0.474208582859332, -0.47423822539750504, -0.474315761674051, -0.4743655406577696, -0.4744548090835075, -0.4744795031007457, -0.47461397834955216, -0.47459288765020957, -0.4747126523411069, -0.47469072275739316, -0.47489949433863354, -0.4748157454851589, -0.4747931587030416, -0.4750535399105863, -0.47493663739460046, -0.47514000999648265, -0.47511870431795494, -0.475209302446237, -0.47523384715691824, -0.475311473608455, -0.47532597155001605, -0.4755490791747767, -0.4754510173366986, -0.4756305056855259, -0.4756158038166783, -0.4756749830089543, -0.4756214565423953], "val_loss": [0.000386312052002499, -0.031727111005159965, -0.0990834738664226, -0.14899861921239937, -0.2628333029185697, -0.388589624366628, -0.43560256690924176, -0.4335452535326386, -0.44803513743010287, -0.46006498776620214, -0.46553541781380225, -0.4682047644469578, -0.4707780516108551, -0.47125654607428813, -0.472080798960615, -0.4731854968577813, -0.4735561589196757, -0.4739555107005337, -0.4746061126175637, -0.47489298317881007, -0.47508227765209426, -0.4754204309810572, -0.47572871030958225, -0.47559503669783176, -0.475788688043324, -0.4759386176484613, -0.47599888840097443, -0.4760168596737707, -0.4762539624921029, -0.47632475899587123, -0.4761258311408529, -0.4763189556794338, -0.47637643630030263, -0.47645984900719834, -0.4765167263842345, -0.47675812964510744, -0.47668128788182207, -0.4766835152290135, -0.476624418062849, -0.4769335165017562, -0.4770542914970708, -0.47678379080029565, -0.47691966290628496, -0.4771905815738476, -0.47721563182963667, -0.47733230871931526, -0.47753318695105146, -0.47765482036335, -0.47764165233770356, -0.47760163114955656, -0.4776073162325664, -0.4776073162325664]}