{"loss": [-0.6082276474678652, -0.38138117619802553, -0.36889837615367677, -0.4273353485823553, -0.40924921147398646, -0.4281544137486149, -0.4210985441574762, -0.4281941106973951, -0.431430381398864, -0.43761595402069686, -0.442798247010032, -0.4479303397275784, -0.4524005532773347, -0.4562787669111575, -0.4595511988215636, -0.46226151546133504, -0.4643585161549503, -0.4661736326372407, -0.4679143895635146, -0.4692898412611859, -0.47051007355850305, -0.4714681779995547, -0.4723736523397497, -0.4732250389527095, -0.47389329851425815, -0.47444896184934393, -0.47486397511889533, -0.4751948365811511, -0.4751609431363824, -0.4762805087281199, -0.47588679930219296, -0.47569374563223676, -0.47469095691410984, -0.4744514468708016, -0.4731331289199178, -0.47530488648642233, -0.4757397967645098, -0.47608554669631475, -0.4747377053103471, -0.47496479352781873, -0.4745410068009176, -0.4749508854017046, -0.4781040932707835, -0.4764090193006937, -0.47289529894613347, -0.4787163828366279, -0.4768218797638957, -0.4725106205882567, -0.48033884485904144, -0.472583778922425, -0.47828500593057915, -0.47516583317132566, -0.47705379515530805, -0.47693517056503454, -0.47432218936825216, -0.4787401686716446, -0.47407686872234267, -0.47805640478890593, -0.4748752171654347, -0.4766436139973543, -0.4763508795067179, -0.4753242694366578, -0.47601446512760964, -0.47697059188470586, -0.4748737304691985, -0.4763976394019009, -0.4761509652304977, -0.4754376150008684, -0.4760259444144779, -0.4762103491991206, -0.47638792534402663, -0.47604147991093687, -0.4750466754452001, -0.47470257978935, -0.47707125852312027, -0.475936321320425, -0.4742845063864657, -0.476913394814387, -0.47662295177758524, -0.47471260827282014, -0.4743728499288526, -0.47814511480825544, -0.4753714126435532, -0.4753026408318682, -0.47723917521762393, -0.47636673832833104, -0.4754064153423809, -0.47645348724691855, -0.4764631813915319, -0.4754967076727177, -0.4761129854711579, -0.47647743457013975, -0.4758807262498893, -0.4757475226588397, -0.47598246944912875, -0.47584108407856585, -0.47639545952611845, -0.4758543793550996, -0.4762610782003284, -0.47591127479318196, -0.475718899013886, -0.4768001975337218], "classifier_loss": [0.07426015838041837, 0.14173720689846328, 0.3102761673261663, 0.22221933471794517, 0.18496323677336424, 0.17982365611753823, 0.18938093378231852, 0.16460431418809326, 0.16962706280012319, 0.1843521048357478, 0.1880527012411683, 0.1843520752903894, 0.1791573096765545, 0.1766721230929562, 0.17144899260056337, 0.16505326669319456, 0.16020248455032213, 0.15523811411634014, 0.15027616379231756, 0.14583285107877833, 0.14194444004264695, 0.13848883904500384, 0.13479189956108764, 0.1312212844550034, 0.12787331428903273, 0.12467325978457956, 0.12423222871122655, 0.1231361617633292, 0.1274427698204366, 0.14141369475873067, 0.11168338183698169, 0.16609387391916083, 0.11236864881007361, 0.1756119907729141, 0.12531082621730044, 0.14646679796044243, 0.16436764201491214, 0.1233422404118247, 0.16883732611240987, 0.12134704499529934, 0.15108526643523143, 0.13450264804855547, 0.11836243318296995, 0.15673683833549915, 0.11954181293721713, 0.11737036865835533, 0.15078536553490468, 0.1170371769905362, 0.1105053119954207, 0.13802783858499892, 0.1297875608446078, 0.11171186562441811, 0.11189690431944341, 0.1308352025527807, 0.11973219071167301, 0.11465248194291562, 0.12123493622523679, 0.12374667702125011, 0.11666285649315972, 0.12239670657502355, 0.13822444907616332, 0.1308139577351831, 0.13496021896741747, 0.13680882190929436, 0.11771655050999925, 0.12415258267074179, 0.13214719614334375, 0.12085708613605153, 0.12414927092697813, 0.13442305379604058, 0.12013847268143102, 0.14673939176966738, 0.11331179358753764, 0.12662285215491792, 0.13670641488951568, 0.12731349874150838, 0.1328671438946783, 0.13976315544743345, 0.12347921544894341, 0.14366913777721924, 0.12814923417192184, 0.11811904874547076, 0.13309376955075738, 0.12263032295008111, 0.13349684709367082, 0.1271904552394719, 0.11103433806004348, 0.11431839639267383, 0.12219283866738895, 0.10693038870241849, 0.11635521537294255, 0.12981180324755753, 0.11032304657429308, 0.1291437739342967, 0.1234146402408121, 0.12382822924771361, 0.12321253761414436, 0.10738894003914234, 0.1201834605621318, 0.11439505077564657, 0.12425152302699109, 0.13505006731314834], "val_adversary_loss": [-0.608940182728521, -0.2811927022444172, -0.4273094282903499, -0.41091862264328954, -0.4294431513565805, -0.4188664695882012, -0.42822637126270796, -0.4298778709214898, -0.4363383525209681, -0.44113106842530353, -0.4470046259959519, -0.45203835946379106, -0.4561937303493935, -0.4598476191752852, -0.462927445930732, -0.46538126655552703, -0.46727366474258764, -0.469147287964685, -0.47075870954588184, -0.472148769378179, -0.47327982449979533, -0.47425849811832754, -0.47506424125309776, -0.47566691292642777, -0.4761863580248107, -0.47661633914595175, -0.47724834513969405, -0.4780037863165563, -0.47739508526385566, -0.47940339440110685, -0.4807875157320082, -0.47197100849522405, -0.4856874007056745, -0.4902290011943787, -0.48016284419590594, -0.47299269894248086, -0.4720669662780925, -0.4738194342356777, -0.47853497265542966, -0.48230333287743044, -0.48276732479884293, -0.47644392740133, -0.4717635753885374, -0.4810399619276406, -0.4810730592511806, -0.4707512623429718, -0.4840672147543478, -0.47655432877344145, -0.4791974707289097, -0.4847184070117728, -0.47308646459396414, -0.48361884520201864, -0.4720429998142091, -0.480766101255032, -0.47824468565451617, -0.479832063221231, -0.47815780388802426, -0.47720418671509246, -0.4800788414847543, -0.47591394092583394, -0.4800917654661181, -0.4815150219047109, -0.47546600091943403, -0.47901235167196526, -0.4794776781039971, -0.47649284057495833, -0.4796534555268563, -0.4791240900222408, -0.47617329146049764, -0.47583565536322797, -0.47551480721435707, -0.47966960881756476, -0.4832673090265601, -0.47713752028242595, -0.47469970641170905, -0.48202572959606926, -0.4778409144763522, -0.47364342401883053, -0.478269929899203, -0.48374014380077135, -0.477428579397104, -0.47031811925850264, -0.4766475906748067, -0.4809757959264937, -0.4751434150638991, -0.4766419562242603, -0.48047527448859884, -0.47637755334022613, -0.47816690855613725, -0.47959357097335087, -0.47707790722781274, -0.4776520425348495, -0.47915123334948745, -0.4797878029741705, -0.48016302863600374, -0.47832287464537226, -0.4764020125770214, -0.47615660221699047, -0.47815606583212605, -0.47999645714297856, -0.4792469296109457, -0.4792469296109457],