{"loss": [-0.7323162744206462, -0.3476370947669949, -0.33809983134865407, -0.4430133036647825, -0.45376246546664284, -0.4666361158972256, -0.470811844678075, -0.47307523148031744, -0.4753982218562391, -0.4761436180739944, -0.4764663308081844, -0.47659222908570764, -0.47684978667755695, -0.47715981274942004, -0.4774995436096774, -0.477608613904891, -0.47729452777701814, -0.4763000107090562, -0.4762497436808772, -0.4748435189254699, -0.47135252240709274, -0.4711334685568346, -0.4799557697377431, -0.4700692590967994, -0.4748875016921081, -0.48266448450323013, -0.4773753063038279, -0.4735455018783712, -0.47765178137684244, -0.476782076590093, -0.47658537039834376, -0.4769640217892311, -0.47634436687950643, -0.4764036867456711, -0.4760321577553309, -0.47755312179472664, -0.4773871441715277, -0.4779106371453647, -0.4751906913674666, -0.4767786636819304, -0.47669834704049135, -0.47676152914191683, -0.47701701501706356, -0.4790064685533928, -0.4771157699772489, -0.4743398504665547, -0.47877357068881676, -0.47821839805910277, -0.47431003636553026, -0.4797299551486227, -0.4771607091028601, -0.47619723895017946, -0.47796681022142745, -0.474564228037311, -0.47752726720098315, -0.4786145226092409, -0.47613551097533946, -0.47544988647086794, -0.47677915807953886, -0.47786356041778255, -0.4767492487245711, -0.4769196047148777, -0.4768684708316745, -0.4768344117181632, -0.4769168755512558, -0.47682018726160635, -0.4767761252072982, -0.4768985590141488, -0.4760847125129428, -0.47636083912730304, -0.4757251699171015, -0.47476628000586507, -0.4754716203219285, -0.47615393706236486, -0.4777045162713653, -0.47708547780154964, -0.47599776400097815, -0.47642728561888875, -0.4768504244693711, -0.47615265703988885, -0.4764875041816505, -0.4765126840683346, -0.47654035230152664, -0.47676300481547834, -0.47681713658097125, -0.47701998125755773, -0.47715241784135043, -0.47710487491358566, -0.4779722444979847, -0.47683894081895745, -0.47725015904586254, -0.47826361610552265, -0.4776409256744382, -0.4769290536778195, -0.47787219871493913, -0.4762381472498279, -0.4764408694195717, -0.47842833596155676, -0.476458222931466, -0.47824615280725563, -0.47543908004972846, -0.47614217194133174], "classifier_loss": [0.07408881829279002, 0.2708102072988233, 0.43344630358180813, 0.3189458309469266, 0.23987484482553226, 0.23031743538114477, 0.2301652576561497, 0.22749092829998888, 0.2467145183144391, 0.2732426457946478, 0.2732233634550402, 0.2643326078927726, 0.25297871280884315, 0.2499195145913562, 0.22982423938831575, 0.1997015714738155, 0.18515823346541443, 0.1910252468670449, 0.1662855346040573, 0.19253905624504486, 0.16299548396332758, 0.17074721522233033, 0.14084017929667048, 0.23339830753403892, 0.2254183179609348, 0.15541190947654313, 0.12496764322334698, 0.15505964322405005, 0.1423692785722061, 0.1360942527909237, 0.2409898002309383, 0.21811454535655217, 0.2169430040617553, 0.22057230805657135, 0.21433042489417112, 0.2013585274426998, 0.18096819302860845, 0.1530248573460865, 0.1699181701290987, 0.18515155962024732, 0.19077611356744906, 0.1771222953419522, 0.19250244523823698, 0.14985917475719093, 0.20414437607406694, 0.1414556761035594, 0.13758355767471522, 0.1739533792451913, 0.17061911318583625, 0.14562082051982903, 0.15138918609081728, 0.13829922302980444, 0.14348213026275003, 0.1727937312998427, 0.16423738491008283, 0.14653234849176958, 0.1582788836739831, 0.1574429015710221, 0.15305962011353577, 0.14860971230980216, 0.1450371820429003, 0.14560399688329242, 0.1455379715924222, 0.14646781719897467, 0.1442453694011582, 0.13963673233995047, 0.1442120745098609, 0.14078400857501425, 0.12587711820694708, 0.13753036142123573, 0.1268756915944633, 0.13513700301887793, 0.1437073310729663, 0.1344724450056773, 0.1272139348686832, 0.13821973833693835, 0.1278922447051314, 0.13143212840555732, 0.1362542900891143, 0.13472308470219369, 0.13274940486923434, 0.12947718060542288, 0.12313225424708214, 0.12998948079218892, 0.12553904557199033, 0.12675760027342692, 0.13278749692280145, 0.12891089221683, 0.12850214180282568, 0.11782668877435058, 0.12778478974798643, 0.12428899819996618, 0.10730188910294632, 0.12101885479839986, 0.1335735800404725, 0.1154456874469914, 0.12332052199602221, 0.14878229043504304, 0.12253126529059868, 0.11551604973669187, 0.14171200990635446, 0.1417360997950374], "val_adversary_loss": [-0.7298139400311877, -0.28181461954589687, -0.3909236696155107, -0.4478129494441173, -0.4576261615005232, -0.4653063536092789, -0.4676067046365744, -0.4702375253084974, -0.4717542922869734, -0.4719047639222047, -0.4720455490680704, -0.4720908097681779, -0.47268566847728394, -0.47321947565545425, -0.47334051005108707, -0.4722957887097779, -0.4741731565327881, -0.4705353848394448, -0.4735369887014813, -0.47397413378509307, -0.46261254884106207, -0.46967114479880334, -0.4827931683981716, -0.452226308293432, -0.47669820493288284, -0.4812790685230894, -0.47008509270623966, -0.47299971138428676, -0.478730730335212, -0.4726973573451156, -0.4724553605126982, -0.4715038858062137, -0.4719579080215697, -0.471627094221395, -0.47208661330805957, -0.47347989679594016, -0.4730989010042778, -0.4699823709898402, -0.46685608745343543, -0.4693670328639771, -0.4672794355575424, -0.46617215829637665, -0.4649045347950009, -0.467652978709496, -0.4743722485619207, -0.48149599395473786, -0.4618992741061151, -0.4712803025834416, -0.48069523276675935, -0.46744269690510876, -0.47797551769201924, -0.46974017481112135, -0.4723533366092928, -0.47902113147405617, -0.46924592672567433, -0.4712237478746913, -0.47687963455100607, -0.4712720164141965, -0.4686239396429716, -0.47155026274860734, -0.47368086102457263, -0.4741158538961021, -0.471486565485839, -0.47167329029701066, -0.47063944781329564, -0.47110995492386115, -0.4706061618057038, -0.4706950826475438, -0.4744444041241905, -0.47370729611663204, -0.4648881463842276, -0.4734018847223396, -0.4760126511138058, -0.47707540892175654, -0.46887105573727667, -0.4698712930568486, -0.4710353698679249, -0.47138830358330364, -0.4708287906517608, -0.47098535102382166, -0.47232356000249354, -0.4712884142503125, -0.4724687963827891, -0.4720987285382712, -0.47241287017950256, -0.4719424457488589, -0.4730956606300938, -0.47327875818749265, -0.4710635107517474, -0.4702347005532666, -0.4768232500708701, -0.47619558113869914, -0.4769425886742915, -0.47362873914278103, -0.4702366732525855, -0.4723648478995751, -0.47185519024072387, -0.4766934269602787, -0.4727264482984915, -0.4681274937294693, -0.47185273362106195, -0.47185273362106195],