{"loss": [-0.7993284132712644, -0.41759962680996676, -0.4654716298708841, -0.45107676132744956, -0.46766015041229086, -0.4683673537313297, -0.46794348464298563, -0.47379423917668273, -0.4707595225204641, -0.4774057153133892, -0.4627925005760461, -0.4697101405352848, -0.4703616879449494, -0.4714937625809784, -0.4728036387274231, -0.4768237847818301, -0.4712818258678175, -0.46769106736236005, -0.47537165901348305, -0.476416285316034, -0.4701806642558544, -0.47381880469836807, -0.4723962013767205, -0.47405656013231623, -0.47577964123194927, -0.47340627287140064, -0.47238843497807215, -0.47586596460893693, -0.47246569977473973, -0.4723701307982942, -0.47479834113586383, -0.47338362774759546, -0.47537231739160096, -0.470784491064987, -0.4743781054483224, -0.4743189134513125, -0.47132799722185925, -0.4728376403481927, -0.4756698660680377, -0.47468677537919024, -0.4730749689583087, -0.4748131026531387, -0.47388725879099985, -0.47508070207706754, -0.4745366676021676, -0.47478328475026904, -0.4739109324934916, -0.4757536089624532, -0.47577739542417835, -0.4753427193150412, -0.4760418554610658, -0.4756973837636261], "classifier_loss": [0.0742007127705355, 0.3712256987709773, 0.18226519921795917, 0.2296907326063015, 0.16667582914533377, 0.1550630624817492, 0.1904343103124592, 0.16487600009823758, 0.14252092150940046, 0.12671465822501118, 0.1741120441476888, 0.15447664152038856, 0.14473808854974013, 0.13596981240922854, 0.12999397194484852, 0.12522589938260553, 0.1487956546851582, 0.14581525769021284, 0.12450689309556119, 0.1281736834869231, 0.14802524655031718, 0.13545376141615187, 0.13694894209011646, 0.11828803915888055, 0.1225900859795219, 0.12320977160367473, 0.13301096605292914, 0.12396905514789308, 0.1387157279584736, 0.1347155107372853, 0.12629653492691, 0.12733364110643144, 0.1189735407355736, 0.14562346960581057, 0.13046498879431231, 0.12452187889667607, 0.14933237483987574, 0.14593884393991285, 0.11831290971957417, 0.12395997781805305, 0.12441806711256952, 0.1237624008363163, 0.1333946632262126, 0.12614077873811227, 0.1180217597701911, 0.12565023403806463, 0.13103552200623203, 0.11547487968530543, 0.11704763757191773, 0.11534432742540562, 0.11289452207148917, 0.11147620756307401], "val_adversary_loss": [-0.7940085259425463, -0.484817752503098, -0.48403541536085876, -0.3863255501289643, -0.47828828341095325, -0.47214689100717044, -0.458134790399083, -0.46235336159088314, -0.4679542619601886, -0.45242042416656814, -0.4641556977799131, -0.46490883704688624, -0.44792373237400634, -0.4765159834361078, -0.49682802247679503, -0.49321325431646723, -0.4747977732435085, -0.4679899923638723, -0.4730267350649412, -0.47044183483010227, -0.4762635154762213, -0.48395475069583466, -0.4790508561446534, -0.4723467968407942, -0.47476879348820494, -0.46943697132834467, -0.47401470023339953, -0.47865994767382214, -0.4628368947138413, -0.47012995885136755, -0.47202429547097696, -0.4734283338188581, -0.47226582522292193, -0.47289500520495614, -0.4717294864847705, -0.456815454648639, -0.4727757214713783, -0.47587702340443655, -0.47376652612183473, -0.4701970972004285, -0.46988146763751876, -0.4684280022979877, -0.4710308738859535, -0.47484872494252034, -0.479139196230674, -0.4774520661910528, -0.4736084000259959, -0.47569584341182536, -0.47375325287614845, -0.4736008584632032, -0.4740967338498325, -0.4740967338498325], "val_classifier_loss": [0.07376842547314336, 0.12922931622551678, 0.13050156393761486, 0.23736220620507967, 0.13130578447140656, 0.2806022224662399, 0.3462046749976952, 0.16100947916191252, 0.15195792443618875, 0.13030385947970516, 0.2615512619652644, 0.23042246719566703, 0.20351159844768354, 0.12586659283058682, 0.1952640186449635, 0.11731089424360527, 0.1443312094619877, 0.1350161984676243, 0.11747400938024118, 0.12888730741574306, 0.13092029068244274, 0.12257189977668555, 0.11533749773840073, 0.14321338462685076, 0.12611094482724527, 0.11264990788522607, 0.13817229658854147, 0.12429267974374685, 0.13985025488015, 0.13711173337239962, 0.1457759948431396, 0.11797343101954505, 0.12337940478058702, 0.13594056645174088, 0.13297576109126105, 0.13143780315802991, 0.14932690920004263, 0.12291322644110943, 0.11309807813176785, 0.10934418958428947, 0.17404800119737, 0.12295004856057744, 0.143967721411978, 0.11121024183134218, 0.13890859744647419, 0.11728079680880411, 0.12957416030339539, 0.11846375506526219, 0.11292873691789465, 0.11052146066016576, 0.11154659866458813, 0.11154659866458813], "adversary_loss": [-0.8000704221091215, -0.4213118841466755, -0.4672942821775278, -0.45337366755653713, -0.46932690926007037, -0.46991798558722175, -0.4698478273924968, -0.4754429982002816, -0.4721847313366403, -0.47867286377311696, -0.46453362193056297, -0.47125490712039364, -0.4718090697747394, -0.4728534605165931, -0.47410357849996276, -0.4780760425655058, -0.4727697820447683, -0.46914922005199533, -0.4766167278139855, -0.4776980208583225, -0.4716609149308038, -0.4751733424886544, -0.47376568999304175, -0.475239441416227, -0.4770055417985759, -0.4746383714232927, -0.47371854493538856, -0.4771056552174316, -0.4738528560276436, -0.4737172851588375, -0.4760613063309723, -0.4746569630420302, -0.47656205372342436, -0.47224072628640545, -0.4756827558721989, -0.4755641327506992, -0.4728213216557577, -0.47429703097322545, -0.476852995482764, -0.475926375825002, -0.4743191484790592, -0.4760507261648019, -0.4752212053054604, -0.47634210965159696, -0.47571688446805577, -0.4760397874658216, -0.47522128605423036, -0.4769083574431233, -0.47694787088530743, -0.4764961626022898, -0.4771708001143941, -0.47681214666243366], "val_loss": [-0.7932708440258407, -0.4835254575855899, -0.48273040118169425, -0.3839519268694735, -0.47697522418709076, -0.46934086872233, -0.45467274503777183, -0.4607432663220744, -0.4664346823811867, -0.45111738512679167, -0.461540186086405, -0.46260461136491926, -0.445888616765256, -0.47525731718627556, -0.49487538327536473, -0.49204014656848405, -0.4733544589069377, -0.4666398270262761, -0.4718519936902136, -0.4691529612875255, -0.47495431202593885, -0.48272903277372714, -0.4778974808829843, -0.4709146663009399, -0.47350768396551957, -0.4683104734453194, -0.4726329779125515, -0.47741702020810467, -0.4614383904722011, -0.4687588399154448, -0.47056653406637267, -0.47224859840098665, -0.47103203113887604, -0.4715355986814917, -0.47039972957291337, -0.455501075059869, -0.47128244930907076, -0.47464789045359185, -0.47263554673844477, -0.4691036559317418, -0.46814098769057466, -0.46719850029677934, -0.46959119686560147, -0.47373661925415794, -0.4777501136707306, -0.47627925703801643, -0.4723126570539414, -0.4745112050395225, -0.47262396838985077, -0.4724956414101874, -0.47298126489905623, -0.47298126489905623]}