{"loss": [-4.731536348033493e-05, -0.07730727934092725, -0.4190478008789602, -0.4654273827670268, -0.4721547437178907, -0.46891280508966365, -0.4626697365793504, -0.4729755845111025, -0.4718444256493849, -0.4696347934479258, -0.4760915261982579, -0.4738588937841949, -0.4738249961083198, -0.47401491296529913, -0.4758981635162876, -0.47667549976774964, -0.4758213700358703, -0.47090820300506947, -0.47624854715656545, -0.47529409400191247, -0.47575859663770526, -0.4753243547643477, -0.4751250676554068, -0.47378281888362284, -0.4763930019897418, -0.4757452898884113, -0.47563487061711945, -0.4743270038588041, -0.47621796655296095, -0.4756733466824692, -0.4698756545162553, -0.47554329699828185, -0.4758413095237549, -0.4762095816026917, -0.47276391223374137, -0.47476053290816467, -0.4756079734470485, -0.4751031436277548, -0.47400294398151505, -0.47559124084941123, -0.47682378116223517, -0.4768751389522572, -0.4744535736403558, -0.4761049172980735, -0.4759367634505956, -0.4768038479866126, -0.4749326385042333, -0.478691134222949, -0.4756936798723877, -0.4763535666842174, -0.4763951083339583, -0.47769963919927944, -0.47667494199271326, -0.47688478522898925, -0.477508076036972, -0.4753403751218118, -0.47793029082965083, -0.4763755746956859, -0.47637349450962346, -0.47539540495453, -0.4769028670164183, -0.47735202695219187, -0.4772677855383898, -0.4767723661880738, -0.4768391257628503, -0.4762427102865737, -0.4749742819866947, -0.4771963024667454, -0.4771095096779493, -0.47675200134213686, -0.47749735602014376, -0.477389200893086, -0.47720698471481293, -0.4756616342583032, -0.47513682853418504, -0.47800788858412335, -0.47635555019216574, -0.476928359180347, -0.4776287917748611, -0.4777006634357015, -0.47711300664949724, -0.4770580096058372, -0.47568897250003317, -0.4770815963403211, -0.47718610543494994, -0.47667694505943853, -0.475759504214213, -0.4778666845786277, -0.477832967333509, -0.47765810974383077, -0.47663308495204515, -0.4766858921880916, -0.47691460757003207, -0.47741328325575755, -0.47750533136181295, -0.4782365182017829, -0.47717154197316786, -0.4774359776232396, -0.4773753954145964, -0.477374327452505, -0.47728366871392197, -0.4775654488628154], "classifier_loss": [0.07416864110625862, 0.11644006571889384, 0.14959466185426415, 0.12428795802370741, 0.1150523589545216, 0.11863275137498853, 0.1333704517922079, 0.1106136309454556, 0.11134083078491187, 0.12303219476823837, 0.10474937562952781, 0.10817300802016046, 0.10707696377579316, 0.10830743896895974, 0.10609315428396206, 0.10674483349165846, 0.10951563499181155, 0.11717118722452584, 0.1163309226705063, 0.10982674072573555, 0.10516526661686561, 0.1085650431817649, 0.10882698815759521, 0.11127083434984626, 0.10459813895803947, 0.10712398269962105, 0.10801426433758649, 0.11200960709010734, 0.10498361614416983, 0.10936957223265222, 0.1139175721230178, 0.1065406468945652, 0.10292688979164724, 0.10507707331125919, 0.11022527245483128, 0.10836652923721485, 0.10611883328167183, 0.10856911006737782, 0.11260935212976837, 0.10539839293952664, 0.10451870116826034, 0.10386365343831727, 0.10756488831923075, 0.10611834125115635, 0.10523211538984792, 0.10662364399655304, 0.11074211274577224, 0.09797344915800002, 0.1062468936289623, 0.10429020482971377, 0.10009936654309216, 0.10031634410513607, 0.1010976898091859, 0.10204057191954415, 0.10012105705379411, 0.10477701301795574, 0.09950657717518602, 0.10230388125875746, 0.10483294095545523, 0.10457568590231153, 0.10118348647747667, 0.10014435544199082, 0.10008310522652358, 0.10210851803805622, 0.10381147454582448, 0.10484412378752474, 0.107979427630875, 0.10285009602386912, 0.10218054861150255, 0.10196298650722956, 0.10010008698929206, 0.10010887709234158, 0.10150314929026645, 0.11044526409513959, 0.10744636004172789, 0.10152334012947678, 0.10485514946879021, 0.10366599830263815, 0.1016842495525557, 0.10117533422192462, 0.1034288665979555, 0.10522385045191017, 0.10527969159775061, 0.10318284044700372, 0.1018987011644939, 0.10506095799460159, 0.10644044130170542, 0.10180952382982164, 0.10016368730006382, 0.10194342004878376, 0.10277271248565337, 0.10335587453970498, 0.1026803867666678, 0.10175788018139559, 0.10091692452298952, 0.09909900143614603, 0.10141703480374636, 0.10061609731380892, 0.10097918894956338, 0.10106076005565663, 0.10113168273974935, 0.09843253875253767], "val_adversary_loss": [-0.0005225001678580315, -0.23028760626341022, -0.4380206421244162, -0.4641055287281418, -0.4935791671488956, -0.4643192123975948, -0.4741528637123192, -0.4743994722409173, -0.4835846031862679, -0.4681335267555189, -0.4650340051406722, -0.4778151098414066, -0.47935471266636503, -0.4706615493863239, -0.4567719650512678, -0.46801752041385924, -0.46978717131218595, -0.4802385932995383, -0.4757527129009513, -0.4725604002528223, -0.478523005065749, -0.48131243720348493, -0.46597181537487964, -0.4722770534366444, -0.47005883205117394, -0.47471502501683466, -0.46239096744859715, -0.47453161244394987, -0.47165573457316357, -0.47944213211242037, -0.47933956051149335, -0.47252061823766006, -0.47483088135716667, -0.4807591001094265, -0.45494926978068645, -0.4767679118834783, -0.4739557068104931, -0.4665142444954417, -0.47868469988833495, -0.47482220278592785, -0.4788703864931343, -0.4803807554132783, -0.47968944037188815, -0.47810484305593137, -0.4729158200075494, -0.4606636294627278, -0.4691863641885328, -0.46718766947406426, -0.4795089894091864, -0.47918387313650385, -0.46978467491755005, -0.47840450364645387, -0.4738427692893497, -0.47489226256892736, -0.4745036807784493, -0.47443051042339673, -0.47266023371399407, -0.4776834593822502, -0.47877370541664077, -0.47292613579744064, -0.47829325142924245, -0.4752888088715154, -0.46846125614305956, -0.46872441811231275, -0.4733875484824913, -0.48024866960020063, -0.4772634865479912, -0.4744449960678195, -0.4773185848410378, -0.4771548596475774, -0.4760633330009002, -0.4742065356271584, -0.4701751613641005, -0.47954382488146013, -0.47400242169727147, -0.47359449450094787, -0.47589208863870985, -0.4787830655459423, -0.47813944439209755, -0.47948954037178415, -0.47877186462590543, -0.48103297746018125, -0.4804984111023301, -0.4780316764387188, -0.4806161255740223, -0.47635427029044825, -0.47902125292342773, -0.4765580135380104, -0.479561392954666, -0.4785893236548774, -0.4813963296012789, -0.47586248380048174, -0.476866007368694, -0.475944287443248, -0.47704576934391024, -0.4766609003294865, -0.47291734058285523, -0.47288663066078584, -0.47331815533779065, -0.47438712015811224, -0.4751089708296602, -0.4751089708296602],